entry_id,iso2,field,value_or_absence,source_url_edition,source_value,result,reason
001,AF,name,Afeganistão,"https://www.gov.br/mre/pt-br/arquivos/manual-de-redacao (23 July 2026); https://funag.gov.br/manual/index.php?title=Top%C3%B4nimos_e_gent%C3%ADlicos (revision 684, checked 7 October 2026)",o Afeganistão,match,Deck-style transcription omits leading articles and pronunciation annotations.
001,AF,formal_name,Emirado Islâmico do Afeganistão,"https://www.gov.br/mre/pt-br/arquivos/manual-de-redacao (23 July 2026); https://funag.gov.br/manual/index.php?title=Top%C3%B4nimos_e_gent%C3%ADlicos (revision 684, checked 7 October 2026)",a República Islâmica do Afeganistão,deviation,Manual lists República Islâmica; COTW applies the shared de-facto Islamic Emirate policy.
001,AF,name_label,<absent>,"https://www.gov.br/mre/pt-br/arquivos/manual-de-redacao (23 July 2026); https://funag.gov.br/manual/index.php?title=Top%C3%B4nimos_e_gent%C3%ADlicos (revision 684, checked 7 October 2026)",<absent>,absence checked,No established locale value in the audited source/fallback record.
001,AF,capitals[0].name,Cabul,"https://www.gov.br/mre/pt-br/arquivos/manual-de-redacao (23 July 2026); https://funag.gov.br/manual/index.php?title=Top%C3%B4nimos_e_gent%C3%ADlicos (revision 684, checked 7 October 2026)",Cabul,match,The source cell covers the complete capital list; spelling and shared role were checked separately.
001,AF,capitals[0].label,<absent>,"https://www.gov.br/mre/pt-br/arquivos/manual-de-redacao (23 July 2026); https://funag.gov.br/manual/index.php?title=Top%C3%B4nimos_e_gent%C3%ADlicos (revision 684, checked 7 October 2026)",<absent>,absence checked,No capital label is present in any locale for this location.
001,AF,wikipedia,https://pt.wikipedia.org/wiki/Afeganistão,"https://www.wikidata.org/ ptwiki sitelink cache, refreshed 7 October 2026",https://pt.wikipedia.org/wiki/Afeganistão,match,Article link only; never used as the naming authority.
002,AX,name,Ilhas Aland,"https://www.gov.br/sped/pt-br/assuntos/escrituracoes-digitais/e-financeira/manuais-e-documento-tecnicos/tabelas-de-codigos/paises/@@download/file (Receita Federal e-Financeira territory table, modified 29 May 2026; checked 8 October 2026); https://www.iso.org/obp/ui/#iso:code:3166:AX (ISO 3166 Online Browsing Platform, maintained online; checked 8 October 2026)",Receita Federal: Ilhas Aland,match,Adopted the cited Brazilian fallback form exactly.
002,AX,formal_name,<absent>,"https://www.gov.br/sped/pt-br/assuntos/escrituracoes-digitais/e-financeira/manuais-e-documento-tecnicos/tabelas-de-codigos/paises/@@download/file (Receita Federal e-Financeira territory table, modified 29 May 2026; checked 8 October 2026); https://www.iso.org/obp/ui/#iso:code:3166:AX (ISO 3166 Online Browsing Platform, maintained online; checked 8 October 2026)",No established pt-BR formal form in the checked Brazilian/constitutional records,absence checked,The unsourced translation is deliberately omitted; another locale’s formal name is never used as fallback.
002,AX,name_label,<absent>,"https://www.gov.br/sped/pt-br/assuntos/escrituracoes-digitais/e-financeira/manuais-e-documento-tecnicos/tabelas-de-codigos/paises/@@download/file (Receita Federal e-Financeira territory table, modified 29 May 2026; checked 8 October 2026); https://www.iso.org/obp/ui/#iso:code:3166:AX (ISO 3166 Online Browsing Platform, maintained online; checked 8 October 2026)",No alternative-name label in the checked Brazilian/ISO records,absence checked,Deliberate absence checked against the concrete fallback records.
002,AX,capitals[0].name,Mariehamn,"https://www.gov.br/sped/pt-br/assuntos/escrituracoes-digitais/e-financeira/manuais-e-documento-tecnicos/tabelas-de-codigos/paises/@@download/file (Receita Federal e-Financeira territory table, modified 29 May 2026; checked 8 October 2026); https://www.iso.org/obp/ui/#iso:code:3166:AX (ISO 3166 Online Browsing Platform, maintained online; checked 8 October 2026); https://geonames.nga.mil/geonames/GNSHome/ (NGA Geographic Names Server, online; checked 8 October 2026)",Approved/local geographic-name form: Mariehamn,match,
002,AX,capitals[0].label,<absent>,"https://www.gov.br/sped/pt-br/assuntos/escrituracoes-digitais/e-financeira/manuais-e-documento-tecnicos/tabelas-de-codigos/paises/@@download/file (Receita Federal e-Financeira territory table, modified 29 May 2026; checked 8 October 2026); https://www.iso.org/obp/ui/#iso:code:3166:AX (ISO 3166 Online Browsing Platform, maintained online; checked 8 October 2026)",No role qualifier in the checked naming records; shared role is generic capital,absence checked,No capital label is present in any locale for this generic shared role.
002,AX,wikipedia,https://pt.wikipedia.org/wiki/Ilhas_Åland,"https://www.wikidata.org/ ptwiki sitelink cache, refreshed 7 October 2026",https://pt.wikipedia.org/wiki/Ilhas_Åland,match,Article link only; never used as the naming authority.
003,AL,name,Albânia,"https://www.gov.br/mre/pt-br/arquivos/manual-de-redacao (23 July 2026); https://funag.gov.br/manual/index.php?title=Top%C3%B4nimos_e_gent%C3%ADlicos (revision 684, checked 7 October 2026)",a Albânia,match,Deck-style transcription omits leading articles and pronunciation annotations.
003,AL,formal_name,República da Albânia,"https://www.gov.br/mre/pt-br/arquivos/manual-de-redacao (23 July 2026); https://funag.gov.br/manual/index.php?title=Top%C3%B4nimos_e_gent%C3%ADlicos (revision 684, checked 7 October 2026)",a República da Albânia,match,Deck-style transcription omits leading articles and pronunciation annotations.
003,AL,name_label,<absent>,"https://www.gov.br/mre/pt-br/arquivos/manual-de-redacao (23 July 2026); https://funag.gov.br/manual/index.php?title=Top%C3%B4nimos_e_gent%C3%ADlicos (revision 684, checked 7 October 2026)",<absent>,absence checked,No established locale value in the audited source/fallback record.
003,AL,capitals[0].name,Tirana,"https://www.gov.br/mre/pt-br/arquivos/manual-de-redacao (23 July 2026); https://funag.gov.br/manual/index.php?title=Top%C3%B4nimos_e_gent%C3%ADlicos (revision 684, checked 7 October 2026)",Tirana,match,The source cell covers the complete capital list; spelling and shared role were checked separately.
003,AL,capitals[0].label,<absent>,"https://www.gov.br/mre/pt-br/arquivos/manual-de-redacao (23 July 2026); https://funag.gov.br/manual/index.php?title=Top%C3%B4nimos_e_gent%C3%ADlicos (revision 684, checked 7 October 2026)",<absent>,absence checked,No capital label is present in any locale for this location.
003,AL,wikipedia,https://pt.wikipedia.org/wiki/Albânia,"https://www.wikidata.org/ ptwiki sitelink cache, refreshed 7 October 2026",https://pt.wikipedia.org/wiki/Albânia,match,Article link only; never used as the naming authority.
004,DZ,name,Argélia,"https://www.gov.br/mre/pt-br/arquivos/manual-de-redacao (23 July 2026); https://funag.gov.br/manual/index.php?title=Top%C3%B4nimos_e_gent%C3%ADlicos (revision 684, checked 7 October 2026)",a Argélia,match,Deck-style transcription omits leading articles and pronunciation annotations.
004,DZ,formal_name,República Argelina Democrática e Popular,"https://www.gov.br/mre/pt-br/arquivos/manual-de-redacao (23 July 2026); https://funag.gov.br/manual/index.php?title=Top%C3%B4nimos_e_gent%C3%ADlicos (revision 684, checked 7 October 2026)",a República Argelina Democrática e Popular,match,Deck-style transcription omits leading articles and pronunciation annotations.
004,DZ,name_label,<absent>,"https://www.gov.br/mre/pt-br/arquivos/manual-de-redacao (23 July 2026); https://funag.gov.br/manual/index.php?title=Top%C3%B4nimos_e_gent%C3%ADlicos (revision 684, checked 7 October 2026)",<absent>,absence checked,No established locale value in the audited source/fallback record.
004,DZ,capitals[0].name,Argel,"https://www.gov.br/mre/pt-br/arquivos/manual-de-redacao (23 July 2026); https://funag.gov.br/manual/index.php?title=Top%C3%B4nimos_e_gent%C3%ADlicos (revision 684, checked 7 October 2026)",Argel,match,The source cell covers the complete capital list; spelling and shared role were checked separately.
004,DZ,capitals[0].label,<absent>,"https://www.gov.br/mre/pt-br/arquivos/manual-de-redacao (23 July 2026); https://funag.gov.br/manual/index.php?title=Top%C3%B4nimos_e_gent%C3%ADlicos (revision 684, checked 7 October 2026)",<absent>,absence checked,No capital label is present in any locale for this location.
004,DZ,wikipedia,https://pt.wikipedia.org/wiki/Argélia,"https://www.wikidata.org/ ptwiki sitelink cache, refreshed 7 October 2026",https://pt.wikipedia.org/wiki/Argélia,match,Article link only; never used as the naming authority.
005,AS,name,Samoa Americana,"https://funag.gov.br/manual/index.php?title=Top%C3%B4nimos_e_gent%C3%ADlicos (official FUNAG reproduction, revision 684; checked 8 October 2026); https://www.gov.br/sped/pt-br/assuntos/escrituracoes-digitais/e-financeira/manuais-e-documento-tecnicos/tabelas-de-codigos/paises/@@download/file (Receita Federal e-Financeira territory table, modified 29 May 2026; checked 8 October 2026); https://www.iso.org/obp/ui/#iso:code:3166:AS (ISO 3166 Online Browsing Platform, maintained online; checked 8 October 2026)",Receita Federal: Samoa Americana; FUNAG: Samoa Americana,match,
005,AS,formal_name,<absent>,"https://www.gov.br/sped/pt-br/assuntos/escrituracoes-digitais/e-financeira/manuais-e-documento-tecnicos/tabelas-de-codigos/paises/@@download/file (Receita Federal e-Financeira territory table, modified 29 May 2026; checked 8 October 2026); https://www.iso.org/obp/ui/#iso:code:3166:AS (ISO 3166 Online Browsing Platform, maintained online; checked 8 October 2026)",No distinct pt-BR formal form in the checked Brazilian/ISO records,absence checked,A formal-name key is deliberately omitted rather than translated without a source.
005,AS,name_label,<absent>,"https://www.gov.br/sped/pt-br/assuntos/escrituracoes-digitais/e-financeira/manuais-e-documento-tecnicos/tabelas-de-codigos/paises/@@download/file (Receita Federal e-Financeira territory table, modified 29 May 2026; checked 8 October 2026); https://www.iso.org/obp/ui/#iso:code:3166:AS (ISO 3166 Online Browsing Platform, maintained online; checked 8 October 2026)",No alternative-name label in the checked Brazilian/ISO records,absence checked,Deliberate absence checked against the concrete fallback records.
005,AS,capitals[0].name,Pago Pago,"https://www.gov.br/sped/pt-br/assuntos/escrituracoes-digitais/e-financeira/manuais-e-documento-tecnicos/tabelas-de-codigos/paises/@@download/file (Receita Federal e-Financeira territory table, modified 29 May 2026; checked 8 October 2026); https://www.iso.org/obp/ui/#iso:code:3166:AS (ISO 3166 Online Browsing Platform, maintained online; checked 8 October 2026); https://edits.nationalmap.gov/apps/gaz-domestic/public/search/names (USGS GNIS, online; checked 8 October 2026)",Approved/local geographic-name form: Pago Pago,match,
005,AS,capitals[0].label,capital,"https://www.gov.br/sped/pt-br/assuntos/escrituracoes-digitais/e-financeira/manuais-e-documento-tecnicos/tabelas-de-codigos/paises/@@download/file (Receita Federal e-Financeira territory table, modified 29 May 2026; checked 8 October 2026); https://www.iso.org/obp/ui/#iso:code:3166:AS (ISO 3166 Online Browsing Platform, maintained online; checked 8 October 2026); https://www.doi.gov/node/11562 (US Department of the Interior American Samoa record; checked 8 October 2026)",Verified shared role; pt-BR label: capital,match,The source establishes the shared fact; the label is its pt-BR translation.
005,AS,capitals[1].name,Fagatogo,"https://www.gov.br/sped/pt-br/assuntos/escrituracoes-digitais/e-financeira/manuais-e-documento-tecnicos/tabelas-de-codigos/paises/@@download/file (Receita Federal e-Financeira territory table, modified 29 May 2026; checked 8 October 2026); https://www.iso.org/obp/ui/#iso:code:3166:AS (ISO 3166 Online Browsing Platform, maintained online; checked 8 October 2026); https://edits.nationalmap.gov/apps/gaz-domestic/public/search/names (USGS GNIS, online; checked 8 October 2026)",Approved/local geographic-name form: Fagatogo,match,
005,AS,capitals[1].label,sede do governo,"https://www.gov.br/sped/pt-br/assuntos/escrituracoes-digitais/e-financeira/manuais-e-documento-tecnicos/tabelas-de-codigos/paises/@@download/file (Receita Federal e-Financeira territory table, modified 29 May 2026; checked 8 October 2026); https://www.iso.org/obp/ui/#iso:code:3166:AS (ISO 3166 Online Browsing Platform, maintained online; checked 8 October 2026); https://www.doi.gov/node/11562 (US Department of the Interior American Samoa record; checked 8 October 2026)",Verified shared role; pt-BR label: sede do governo,match,The source establishes the shared fact; the label is its pt-BR translation.
005,AS,wikipedia,https://pt.wikipedia.org/wiki/Samoa_Americana,"https://www.wikidata.org/ ptwiki sitelink cache, refreshed 7 October 2026",https://pt.wikipedia.org/wiki/Samoa_Americana,match,Article link only; never used as the naming authority.
006,AD,name,Andorra,"https://www.gov.br/mre/pt-br/arquivos/manual-de-redacao (23 July 2026); https://funag.gov.br/manual/index.php?title=Top%C3%B4nimos_e_gent%C3%ADlicos (revision 684, checked 7 October 2026)",Andorra,match,Deck-style transcription omits leading articles and pronunciation annotations.
006,AD,formal_name,Principado de Andorra,"https://www.gov.br/mre/pt-br/arquivos/manual-de-redacao (23 July 2026); https://funag.gov.br/manual/index.php?title=Top%C3%B4nimos_e_gent%C3%ADlicos (revision 684, checked 7 October 2026)",o Principado de Andorra,match,Deck-style transcription omits leading articles and pronunciation annotations.
006,AD,name_label,<absent>,"https://www.gov.br/mre/pt-br/arquivos/manual-de-redacao (23 July 2026); https://funag.gov.br/manual/index.php?title=Top%C3%B4nimos_e_gent%C3%ADlicos (revision 684, checked 7 October 2026)",<absent>,absence checked,No established locale value in the audited source/fallback record.
006,AD,capitals[0].name,Andorra la Vella,"https://www.gov.br/mre/pt-br/arquivos/manual-de-redacao (23 July 2026); https://funag.gov.br/manual/index.php?title=Top%C3%B4nimos_e_gent%C3%ADlicos (revision 684, checked 7 October 2026)",Andorra la Vella (pronúncia: Vélha),match,The source cell covers the complete capital list; spelling and shared role were checked separately.
006,AD,capitals[0].label,<absent>,"https://www.gov.br/mre/pt-br/arquivos/manual-de-redacao (23 July 2026); https://funag.gov.br/manual/index.php?title=Top%C3%B4nimos_e_gent%C3%ADlicos (revision 684, checked 7 October 2026)",<absent>,absence checked,No capital label is present in any locale for this location.
006,AD,wikipedia,https://pt.wikipedia.org/wiki/Andorra,"https://www.wikidata.org/ ptwiki sitelink cache, refreshed 7 October 2026",https://pt.wikipedia.org/wiki/Andorra,match,Article link only; never used as the naming authority.
007,AO,name,Angola,"https://www.gov.br/mre/pt-br/arquivos/manual-de-redacao (23 July 2026); https://funag.gov.br/manual/index.php?title=Top%C3%B4nimos_e_gent%C3%ADlicos (revision 684, checked 7 October 2026)",Angola,match,Deck-style transcription omits leading articles and pronunciation annotations.
007,AO,formal_name,República de Angola,"https://www.gov.br/mre/pt-br/arquivos/manual-de-redacao (23 July 2026); https://funag.gov.br/manual/index.php?title=Top%C3%B4nimos_e_gent%C3%ADlicos (revision 684, checked 7 October 2026)",a República de Angola,match,Deck-style transcription omits leading articles and pronunciation annotations.
007,AO,name_label,<absent>,"https://www.gov.br/mre/pt-br/arquivos/manual-de-redacao (23 July 2026); https://funag.gov.br/manual/index.php?title=Top%C3%B4nimos_e_gent%C3%ADlicos (revision 684, checked 7 October 2026)",<absent>,absence checked,No established locale value in the audited source/fallback record.
007,AO,capitals[0].name,Luanda,"https://www.gov.br/mre/pt-br/arquivos/manual-de-redacao (23 July 2026); https://funag.gov.br/manual/index.php?title=Top%C3%B4nimos_e_gent%C3%ADlicos (revision 684, checked 7 October 2026)",Luanda,match,The source cell covers the complete capital list; spelling and shared role were checked separately.
007,AO,capitals[0].label,<absent>,"https://www.gov.br/mre/pt-br/arquivos/manual-de-redacao (23 July 2026); https://funag.gov.br/manual/index.php?title=Top%C3%B4nimos_e_gent%C3%ADlicos (revision 684, checked 7 October 2026)",<absent>,absence checked,No capital label is present in any locale for this location.
007,AO,wikipedia,https://pt.wikipedia.org/wiki/Angola,"https://www.wikidata.org/ ptwiki sitelink cache, refreshed 7 October 2026",https://pt.wikipedia.org/wiki/Angola,match,Article link only; never used as the naming authority.
008,AI,name,Anguilla,"https://www.gov.br/sped/pt-br/assuntos/escrituracoes-digitais/e-financeira/manuais-e-documento-tecnicos/tabelas-de-codigos/paises/@@download/file (Receita Federal e-Financeira territory table, modified 29 May 2026; checked 8 October 2026); https://www.iso.org/obp/ui/#iso:code:3166:AI (ISO 3166 Online Browsing Platform, maintained online; checked 8 October 2026)",Receita Federal: Anguilla,match,
008,AI,formal_name,<absent>,"https://www.gov.br/sped/pt-br/assuntos/escrituracoes-digitais/e-financeira/manuais-e-documento-tecnicos/tabelas-de-codigos/paises/@@download/file (Receita Federal e-Financeira territory table, modified 29 May 2026; checked 8 October 2026); https://www.iso.org/obp/ui/#iso:code:3166:AI (ISO 3166 Online Browsing Platform, maintained online; checked 8 October 2026)",No distinct pt-BR formal form in the checked Brazilian/ISO records,absence checked,A formal-name key is deliberately omitted rather than translated without a source.
008,AI,name_label,<absent>,"https://www.gov.br/sped/pt-br/assuntos/escrituracoes-digitais/e-financeira/manuais-e-documento-tecnicos/tabelas-de-codigos/paises/@@download/file (Receita Federal e-Financeira territory table, modified 29 May 2026; checked 8 October 2026); https://www.iso.org/obp/ui/#iso:code:3166:AI (ISO 3166 Online Browsing Platform, maintained online; checked 8 October 2026)",No alternative-name label in the checked Brazilian/ISO records,absence checked,Deliberate absence checked against the concrete fallback records.
008,AI,capitals[0].name,The Valley,"https://www.gov.br/sped/pt-br/assuntos/escrituracoes-digitais/e-financeira/manuais-e-documento-tecnicos/tabelas-de-codigos/paises/@@download/file (Receita Federal e-Financeira territory table, modified 29 May 2026; checked 8 October 2026); https://www.iso.org/obp/ui/#iso:code:3166:AI (ISO 3166 Online Browsing Platform, maintained online; checked 8 October 2026); https://geonames.nga.mil/geonames/GNSHome/ (NGA Geographic Names Server, online; checked 8 October 2026)",Approved/local geographic-name form: The Valley,match,
008,AI,capitals[0].label,<absent>,"https://www.gov.br/sped/pt-br/assuntos/escrituracoes-digitais/e-financeira/manuais-e-documento-tecnicos/tabelas-de-codigos/paises/@@download/file (Receita Federal e-Financeira territory table, modified 29 May 2026; checked 8 October 2026); https://www.iso.org/obp/ui/#iso:code:3166:AI (ISO 3166 Online Browsing Platform, maintained online; checked 8 October 2026)",No role qualifier in the checked naming records; shared role is generic capital,absence checked,No capital label is present in any locale for this generic shared role.
008,AI,wikipedia,https://pt.wikipedia.org/wiki/Anguila,"https://www.wikidata.org/ ptwiki sitelink cache, refreshed 7 October 2026",https://pt.wikipedia.org/wiki/Anguila,match,Article link only; never used as the naming authority.
009,AG,name,Antígua e Barbuda,"https://www.gov.br/mre/pt-br/arquivos/manual-de-redacao (23 July 2026); https://funag.gov.br/manual/index.php?title=Top%C3%B4nimos_e_gent%C3%ADlicos (revision 684, checked 7 October 2026)",Antígua e Barbuda,match,Deck-style transcription omits leading articles and pronunciation annotations.
009,AG,formal_name,<absent>,"https://www.gov.br/mre/pt-br/arquivos/manual-de-redacao (23 July 2026); https://funag.gov.br/manual/index.php?title=Top%C3%B4nimos_e_gent%C3%ADlicos (revision 684, checked 7 October 2026)",Antígua e Barbuda,absence checked,No established locale value in the audited source/fallback record.
009,AG,name_label,<absent>,"https://www.gov.br/mre/pt-br/arquivos/manual-de-redacao (23 July 2026); https://funag.gov.br/manual/index.php?title=Top%C3%B4nimos_e_gent%C3%ADlicos (revision 684, checked 7 October 2026)",<absent>,absence checked,No established locale value in the audited source/fallback record.
009,AG,capitals[0].name,Saint John’s,"https://www.gov.br/mre/pt-br/arquivos/manual-de-redacao (23 July 2026); https://funag.gov.br/manual/index.php?title=Top%C3%B4nimos_e_gent%C3%ADlicos (revision 684, checked 7 October 2026)",Saint John's,match,The source cell covers the complete capital list; spelling and shared role were checked separately.
009,AG,capitals[0].label,<absent>,"https://www.gov.br/mre/pt-br/arquivos/manual-de-redacao (23 July 2026); https://funag.gov.br/manual/index.php?title=Top%C3%B4nimos_e_gent%C3%ADlicos (revision 684, checked 7 October 2026)",<absent>,absence checked,No capital label is present in any locale for this location.
009,AG,wikipedia,https://pt.wikipedia.org/wiki/Antígua_e_Barbuda,"https://www.wikidata.org/ ptwiki sitelink cache, refreshed 7 October 2026",https://pt.wikipedia.org/wiki/Antígua_e_Barbuda,match,Article link only; never used as the naming authority.
010,AR,name,Argentina,"https://www.gov.br/mre/pt-br/arquivos/manual-de-redacao (23 July 2026); https://funag.gov.br/manual/index.php?title=Top%C3%B4nimos_e_gent%C3%ADlicos (revision 684, checked 7 October 2026)",a Argentina,match,Deck-style transcription omits leading articles and pronunciation annotations.
010,AR,formal_name,República Argentina,"https://www.gov.br/mre/pt-br/arquivos/manual-de-redacao (23 July 2026); https://funag.gov.br/manual/index.php?title=Top%C3%B4nimos_e_gent%C3%ADlicos (revision 684, checked 7 October 2026)",a República Argentina,match,Deck-style transcription omits leading articles and pronunciation annotations.
010,AR,name_label,<absent>,"https://www.gov.br/mre/pt-br/arquivos/manual-de-redacao (23 July 2026); https://funag.gov.br/manual/index.php?title=Top%C3%B4nimos_e_gent%C3%ADlicos (revision 684, checked 7 October 2026)",<absent>,absence checked,No established locale value in the audited source/fallback record.
010,AR,capitals[0].name,Buenos Aires,"https://www.gov.br/mre/pt-br/arquivos/manual-de-redacao (23 July 2026); https://funag.gov.br/manual/index.php?title=Top%C3%B4nimos_e_gent%C3%ADlicos (revision 684, checked 7 October 2026)",Buenos Aires,match,The source cell covers the complete capital list; spelling and shared role were checked separately.
010,AR,capitals[0].label,<absent>,"https://www.gov.br/mre/pt-br/arquivos/manual-de-redacao (23 July 2026); https://funag.gov.br/manual/index.php?title=Top%C3%B4nimos_e_gent%C3%ADlicos (revision 684, checked 7 October 2026)",<absent>,absence checked,No capital label is present in any locale for this location.
010,AR,wikipedia,https://pt.wikipedia.org/wiki/Argentina,"https://www.wikidata.org/ ptwiki sitelink cache, refreshed 7 October 2026",https://pt.wikipedia.org/wiki/Argentina,match,Article link only; never used as the naming authority.
011,AM,name,Armênia,"https://www.gov.br/mre/pt-br/arquivos/manual-de-redacao (23 July 2026); https://funag.gov.br/manual/index.php?title=Top%C3%B4nimos_e_gent%C3%ADlicos (revision 684, checked 7 October 2026)",a Armênia,match,Deck-style transcription omits leading articles and pronunciation annotations.
011,AM,formal_name,República da Armênia,"https://www.gov.br/mre/pt-br/arquivos/manual-de-redacao (23 July 2026); https://funag.gov.br/manual/index.php?title=Top%C3%B4nimos_e_gent%C3%ADlicos (revision 684, checked 7 October 2026)",a República da Armênia,match,Deck-style transcription omits leading articles and pronunciation annotations.
011,AM,name_label,<absent>,"https://www.gov.br/mre/pt-br/arquivos/manual-de-redacao (23 July 2026); https://funag.gov.br/manual/index.php?title=Top%C3%B4nimos_e_gent%C3%ADlicos (revision 684, checked 7 October 2026)",<absent>,absence checked,No established locale value in the audited source/fallback record.
011,AM,capitals[0].name,Ierevan,"https://www.gov.br/mre/pt-br/arquivos/manual-de-redacao (23 July 2026); https://funag.gov.br/manual/index.php?title=Top%C3%B4nimos_e_gent%C3%ADlicos (revision 684, checked 7 October 2026)",Ierevan,match,The source cell covers the complete capital list; spelling and shared role were checked separately.
011,AM,capitals[0].label,<absent>,"https://www.gov.br/mre/pt-br/arquivos/manual-de-redacao (23 July 2026); https://funag.gov.br/manual/index.php?title=Top%C3%B4nimos_e_gent%C3%ADlicos (revision 684, checked 7 October 2026)",<absent>,absence checked,No capital label is present in any locale for this location.
011,AM,wikipedia,https://pt.wikipedia.org/wiki/Arménia,"https://www.wikidata.org/ ptwiki sitelink cache, refreshed 7 October 2026",https://pt.wikipedia.org/wiki/Arménia,match,Article link only; never used as the naming authority.
012,AW,name,Aruba,"https://funag.gov.br/manual/index.php?title=Top%C3%B4nimos_e_gent%C3%ADlicos (official FUNAG reproduction, revision 684; checked 8 October 2026); https://www.gov.br/sped/pt-br/assuntos/escrituracoes-digitais/e-financeira/manuais-e-documento-tecnicos/tabelas-de-codigos/paises/@@download/file (Receita Federal e-Financeira territory table, modified 29 May 2026; checked 8 October 2026); https://www.iso.org/obp/ui/#iso:code:3166:AW (ISO 3166 Online Browsing Platform, maintained online; checked 8 October 2026)",Receita Federal: Aruba; FUNAG: Aruba,match,
012,AW,formal_name,<absent>,"https://www.gov.br/sped/pt-br/assuntos/escrituracoes-digitais/e-financeira/manuais-e-documento-tecnicos/tabelas-de-codigos/paises/@@download/file (Receita Federal e-Financeira territory table, modified 29 May 2026; checked 8 October 2026); https://www.iso.org/obp/ui/#iso:code:3166:AW (ISO 3166 Online Browsing Platform, maintained online; checked 8 October 2026)",No distinct pt-BR formal form in the checked Brazilian/ISO records,absence checked,A formal-name key is deliberately omitted rather than translated without a source.
012,AW,name_label,<absent>,"https://www.gov.br/sped/pt-br/assuntos/escrituracoes-digitais/e-financeira/manuais-e-documento-tecnicos/tabelas-de-codigos/paises/@@download/file (Receita Federal e-Financeira territory table, modified 29 May 2026; checked 8 October 2026); https://www.iso.org/obp/ui/#iso:code:3166:AW (ISO 3166 Online Browsing Platform, maintained online; checked 8 October 2026)",No alternative-name label in the checked Brazilian/ISO records,absence checked,Deliberate absence checked against the concrete fallback records.
012,AW,capitals[0].name,Oranjestad,"https://www.gov.br/sped/pt-br/assuntos/escrituracoes-digitais/e-financeira/manuais-e-documento-tecnicos/tabelas-de-codigos/paises/@@download/file (Receita Federal e-Financeira territory table, modified 29 May 2026; checked 8 October 2026); https://www.iso.org/obp/ui/#iso:code:3166:AW (ISO 3166 Online Browsing Platform, maintained online; checked 8 October 2026); https://geonames.nga.mil/geonames/GNSHome/ (NGA Geographic Names Server, online; checked 8 October 2026)",Approved/local geographic-name form: Oranjestad,match,
012,AW,capitals[0].label,<absent>,"https://www.gov.br/sped/pt-br/assuntos/escrituracoes-digitais/e-financeira/manuais-e-documento-tecnicos/tabelas-de-codigos/paises/@@download/file (Receita Federal e-Financeira territory table, modified 29 May 2026; checked 8 October 2026); https://www.iso.org/obp/ui/#iso:code:3166:AW (ISO 3166 Online Browsing Platform, maintained online; checked 8 October 2026)",No role qualifier in the checked naming records; shared role is generic capital,absence checked,No capital label is present in any locale for this generic shared role.
012,AW,wikipedia,https://pt.wikipedia.org/wiki/Aruba,"https://www.wikidata.org/ ptwiki sitelink cache, refreshed 7 October 2026",https://pt.wikipedia.org/wiki/Aruba,match,Article link only; never used as the naming authority.
013,AU,name,Austrália,"https://www.gov.br/mre/pt-br/arquivos/manual-de-redacao (23 July 2026); https://funag.gov.br/manual/index.php?title=Top%C3%B4nimos_e_gent%C3%ADlicos (revision 684, checked 7 October 2026)",a Austrália,match,Deck-style transcription omits leading articles and pronunciation annotations.
013,AU,formal_name,Comunidade da Austrália,"https://www.gov.br/mre/pt-br/arquivos/manual-de-redacao (23 July 2026); https://funag.gov.br/manual/index.php?title=Top%C3%B4nimos_e_gent%C3%ADlicos (revision 684, checked 7 October 2026)",a Comunidade da Austrália,match,Deck-style transcription omits leading articles and pronunciation annotations.
013,AU,name_label,<absent>,"https://www.gov.br/mre/pt-br/arquivos/manual-de-redacao (23 July 2026); https://funag.gov.br/manual/index.php?title=Top%C3%B4nimos_e_gent%C3%ADlicos (revision 684, checked 7 October 2026)",<absent>,absence checked,No established locale value in the audited source/fallback record.
013,AU,capitals[0].name,Camberra,"https://www.gov.br/mre/pt-br/arquivos/manual-de-redacao (23 July 2026); https://funag.gov.br/manual/index.php?title=Top%C3%B4nimos_e_gent%C3%ADlicos (revision 684, checked 7 October 2026)",Camberra,match,The source cell covers the complete capital list; spelling and shared role were checked separately.
013,AU,capitals[0].label,<absent>,"https://www.gov.br/mre/pt-br/arquivos/manual-de-redacao (23 July 2026); https://funag.gov.br/manual/index.php?title=Top%C3%B4nimos_e_gent%C3%ADlicos (revision 684, checked 7 October 2026)",<absent>,absence checked,No capital label is present in any locale for this location.
013,AU,wikipedia,https://pt.wikipedia.org/wiki/Austrália,"https://www.wikidata.org/ ptwiki sitelink cache, refreshed 7 October 2026",https://pt.wikipedia.org/wiki/Austrália,match,Article link only; never used as the naming authority.
014,AT,name,Áustria,"https://www.gov.br/mre/pt-br/arquivos/manual-de-redacao (23 July 2026); https://funag.gov.br/manual/index.php?title=Top%C3%B4nimos_e_gent%C3%ADlicos (revision 684, checked 7 October 2026)",a Áustria,match,Deck-style transcription omits leading articles and pronunciation annotations.
014,AT,formal_name,República da Áustria,"https://www.gov.br/mre/pt-br/arquivos/manual-de-redacao (23 July 2026); https://funag.gov.br/manual/index.php?title=Top%C3%B4nimos_e_gent%C3%ADlicos (revision 684, checked 7 October 2026)",a República da Áustria,match,Deck-style transcription omits leading articles and pronunciation annotations.
014,AT,name_label,<absent>,"https://www.gov.br/mre/pt-br/arquivos/manual-de-redacao (23 July 2026); https://funag.gov.br/manual/index.php?title=Top%C3%B4nimos_e_gent%C3%ADlicos (revision 684, checked 7 October 2026)",<absent>,absence checked,No established locale value in the audited source/fallback record.
014,AT,capitals[0].name,Viena,"https://www.gov.br/mre/pt-br/arquivos/manual-de-redacao (23 July 2026); https://funag.gov.br/manual/index.php?title=Top%C3%B4nimos_e_gent%C3%ADlicos (revision 684, checked 7 October 2026)",Viena,match,The source cell covers the complete capital list; spelling and shared role were checked separately.
014,AT,capitals[0].label,<absent>,"https://www.gov.br/mre/pt-br/arquivos/manual-de-redacao (23 July 2026); https://funag.gov.br/manual/index.php?title=Top%C3%B4nimos_e_gent%C3%ADlicos (revision 684, checked 7 October 2026)",<absent>,absence checked,No capital label is present in any locale for this location.
014,AT,wikipedia,https://pt.wikipedia.org/wiki/Áustria,"https://www.wikidata.org/ ptwiki sitelink cache, refreshed 7 October 2026",https://pt.wikipedia.org/wiki/Áustria,match,Article link only; never used as the naming authority.
015,AZ,name,Azerbaijão,"https://www.gov.br/mre/pt-br/arquivos/manual-de-redacao (23 July 2026); https://funag.gov.br/manual/index.php?title=Top%C3%B4nimos_e_gent%C3%ADlicos (revision 684, checked 7 October 2026)",o Azerbaijão,match,Deck-style transcription omits leading articles and pronunciation annotations.
015,AZ,formal_name,República do Azerbaijão,"https://www.gov.br/mre/pt-br/arquivos/manual-de-redacao (23 July 2026); https://funag.gov.br/manual/index.php?title=Top%C3%B4nimos_e_gent%C3%ADlicos (revision 684, checked 7 October 2026)",a República do Azerbaijão,match,Deck-style transcription omits leading articles and pronunciation annotations.
015,AZ,name_label,<absent>,"https://www.gov.br/mre/pt-br/arquivos/manual-de-redacao (23 July 2026); https://funag.gov.br/manual/index.php?title=Top%C3%B4nimos_e_gent%C3%ADlicos (revision 684, checked 7 October 2026)",<absent>,absence checked,No established locale value in the audited source/fallback record.
015,AZ,capitals[0].name,Baku,"https://www.gov.br/mre/pt-br/arquivos/manual-de-redacao (23 July 2026); https://funag.gov.br/manual/index.php?title=Top%C3%B4nimos_e_gent%C3%ADlicos (revision 684, checked 7 October 2026)",Baku,match,The source cell covers the complete capital list; spelling and shared role were checked separately.
015,AZ,capitals[0].label,<absent>,"https://www.gov.br/mre/pt-br/arquivos/manual-de-redacao (23 July 2026); https://funag.gov.br/manual/index.php?title=Top%C3%B4nimos_e_gent%C3%ADlicos (revision 684, checked 7 October 2026)",<absent>,absence checked,No capital label is present in any locale for this location.
015,AZ,wikipedia,https://pt.wikipedia.org/wiki/Azerbaijão,"https://www.wikidata.org/ ptwiki sitelink cache, refreshed 7 October 2026",https://pt.wikipedia.org/wiki/Azerbaijão,match,Article link only; never used as the naming authority.
016,BS,name,Bahamas,"https://www.gov.br/mre/pt-br/arquivos/manual-de-redacao (23 July 2026); https://funag.gov.br/manual/index.php?title=Top%C3%B4nimos_e_gent%C3%ADlicos (revision 684, checked 7 October 2026)",as Bahamas,match,Deck-style transcription omits leading articles and pronunciation annotations.
016,BS,formal_name,Comunidade das Bahamas,"https://www.gov.br/mre/pt-br/arquivos/manual-de-redacao (23 July 2026); https://funag.gov.br/manual/index.php?title=Top%C3%B4nimos_e_gent%C3%ADlicos (revision 684, checked 7 October 2026)",a Comunidade das Bahamas,match,Deck-style transcription omits leading articles and pronunciation annotations.
016,BS,name_label,<absent>,"https://www.gov.br/mre/pt-br/arquivos/manual-de-redacao (23 July 2026); https://funag.gov.br/manual/index.php?title=Top%C3%B4nimos_e_gent%C3%ADlicos (revision 684, checked 7 October 2026)",<absent>,absence checked,No established locale value in the audited source/fallback record.
016,BS,capitals[0].name,Nassau,"https://www.gov.br/mre/pt-br/arquivos/manual-de-redacao (23 July 2026); https://funag.gov.br/manual/index.php?title=Top%C3%B4nimos_e_gent%C3%ADlicos (revision 684, checked 7 October 2026)",Nassau,match,The source cell covers the complete capital list; spelling and shared role were checked separately.
016,BS,capitals[0].label,<absent>,"https://www.gov.br/mre/pt-br/arquivos/manual-de-redacao (23 July 2026); https://funag.gov.br/manual/index.php?title=Top%C3%B4nimos_e_gent%C3%ADlicos (revision 684, checked 7 October 2026)",<absent>,absence checked,No capital label is present in any locale for this location.
016,BS,wikipedia,https://pt.wikipedia.org/wiki/Bahamas,"https://www.wikidata.org/ ptwiki sitelink cache, refreshed 7 October 2026",https://pt.wikipedia.org/wiki/Bahamas,match,Article link only; never used as the naming authority.
017,BH,name,Bahrein,"https://www.gov.br/mre/pt-br/arquivos/manual-de-redacao (Itamaraty Manual, updated 23 July 2026); https://www.gov.br/sped/pt-br/assuntos/escrituracoes-digitais/e-financeira/manuais-e-documento-tecnicos/tabelas-de-codigos/paises/@@download/file (Receita Federal e-Financeira territory table, modified 29 May 2026; checked 8 October 2026); https://www.iso.org/obp/ui/#iso:code:3166:BH (ISO 3166 Online Browsing Platform, maintained online; checked 8 October 2026)",Receita Federal: Bahrein,match,
017,BH,formal_name,<absent>,"https://www.gov.br/mre/pt-br/arquivos/manual-de-redacao (Itamaraty Manual, updated 23 July 2026); https://www.gov.br/sped/pt-br/assuntos/escrituracoes-digitais/e-financeira/manuais-e-documento-tecnicos/tabelas-de-codigos/paises/@@download/file (Receita Federal e-Financeira territory table, modified 29 May 2026; checked 8 October 2026); https://www.iso.org/obp/ui/#iso:code:3166:BH (ISO 3166 Online Browsing Platform, maintained online; checked 8 October 2026)",No established pt-BR formal form in the checked Brazilian/constitutional records,absence checked,The unsourced translation is deliberately omitted; another locale’s formal name is never used as fallback.
017,BH,name_label,<absent>,"https://www.gov.br/mre/pt-br/arquivos/manual-de-redacao (Itamaraty Manual, updated 23 July 2026); https://www.gov.br/sped/pt-br/assuntos/escrituracoes-digitais/e-financeira/manuais-e-documento-tecnicos/tabelas-de-codigos/paises/@@download/file (Receita Federal e-Financeira territory table, modified 29 May 2026; checked 8 October 2026); https://www.iso.org/obp/ui/#iso:code:3166:BH (ISO 3166 Online Browsing Platform, maintained online; checked 8 October 2026)",No alternative-name label in the checked Brazilian/ISO records,absence checked,Deliberate absence checked against the concrete fallback records.
017,BH,capitals[0].name,Manama,"https://www.gov.br/mre/pt-br/arquivos/manual-de-redacao (Itamaraty Manual, updated 23 July 2026); https://www.gov.br/sped/pt-br/assuntos/escrituracoes-digitais/e-financeira/manuais-e-documento-tecnicos/tabelas-de-codigos/paises/@@download/file (Receita Federal e-Financeira territory table, modified 29 May 2026; checked 8 October 2026); https://www.iso.org/obp/ui/#iso:code:3166:BH (ISO 3166 Online Browsing Platform, maintained online; checked 8 October 2026); https://geonames.nga.mil/geonames/GNSHome/ (NGA Geographic Names Server, online; checked 8 October 2026)",Approved/local geographic-name form: Manama,match,
017,BH,capitals[0].label,<absent>,"https://www.gov.br/mre/pt-br/arquivos/manual-de-redacao (Itamaraty Manual, updated 23 July 2026); https://www.gov.br/sped/pt-br/assuntos/escrituracoes-digitais/e-financeira/manuais-e-documento-tecnicos/tabelas-de-codigos/paises/@@download/file (Receita Federal e-Financeira territory table, modified 29 May 2026; checked 8 October 2026); https://www.iso.org/obp/ui/#iso:code:3166:BH (ISO 3166 Online Browsing Platform, maintained online; checked 8 October 2026)",No role qualifier in the checked naming records; shared role is generic capital,absence checked,No capital label is present in any locale for this generic shared role.
017,BH,wikipedia,https://pt.wikipedia.org/wiki/Bahrein,"https://www.wikidata.org/ ptwiki sitelink cache, refreshed 7 October 2026",https://pt.wikipedia.org/wiki/Bahrein,match,Article link only; never used as the naming authority.
018,BD,name,Bangladesh,"https://www.gov.br/mre/pt-br/arquivos/manual-de-redacao (23 July 2026); https://funag.gov.br/manual/index.php?title=Top%C3%B4nimos_e_gent%C3%ADlicos (revision 684, checked 7 October 2026)",o Bangladesh,match,Deck-style transcription omits leading articles and pronunciation annotations.
018,BD,formal_name,República Popular do Bangladesh,"https://www.gov.br/mre/pt-br/arquivos/manual-de-redacao (23 July 2026); https://funag.gov.br/manual/index.php?title=Top%C3%B4nimos_e_gent%C3%ADlicos (revision 684, checked 7 October 2026)",a República Popular do Bangladesh,match,Deck-style transcription omits leading articles and pronunciation annotations.
018,BD,name_label,<absent>,"https://www.gov.br/mre/pt-br/arquivos/manual-de-redacao (23 July 2026); https://funag.gov.br/manual/index.php?title=Top%C3%B4nimos_e_gent%C3%ADlicos (revision 684, checked 7 October 2026)",<absent>,absence checked,No established locale value in the audited source/fallback record.
018,BD,capitals[0].name,Daca,"https://www.gov.br/mre/pt-br/arquivos/manual-de-redacao (23 July 2026); https://funag.gov.br/manual/index.php?title=Top%C3%B4nimos_e_gent%C3%ADlicos (revision 684, checked 7 October 2026)",Daca,match,The source cell covers the complete capital list; spelling and shared role were checked separately.
018,BD,capitals[0].label,<absent>,"https://www.gov.br/mre/pt-br/arquivos/manual-de-redacao (23 July 2026); https://funag.gov.br/manual/index.php?title=Top%C3%B4nimos_e_gent%C3%ADlicos (revision 684, checked 7 October 2026)",<absent>,absence checked,No capital label is present in any locale for this location.
018,BD,wikipedia,https://pt.wikipedia.org/wiki/Bangladesh,"https://www.wikidata.org/ ptwiki sitelink cache, refreshed 7 October 2026",https://pt.wikipedia.org/wiki/Bangladesh,match,Article link only; never used as the naming authority.
019,BB,name,Barbados,"https://www.gov.br/mre/pt-br/arquivos/manual-de-redacao (23 July 2026); https://funag.gov.br/manual/index.php?title=Top%C3%B4nimos_e_gent%C3%ADlicos (revision 684, checked 7 October 2026)",Barbados,match,Deck-style transcription omits leading articles and pronunciation annotations.
019,BB,formal_name,<absent>,"https://www.gov.br/mre/pt-br/arquivos/manual-de-redacao (23 July 2026); https://funag.gov.br/manual/index.php?title=Top%C3%B4nimos_e_gent%C3%ADlicos (revision 684, checked 7 October 2026)",Barbados,absence checked,No established locale value in the audited source/fallback record.
019,BB,name_label,<absent>,"https://www.gov.br/mre/pt-br/arquivos/manual-de-redacao (23 July 2026); https://funag.gov.br/manual/index.php?title=Top%C3%B4nimos_e_gent%C3%ADlicos (revision 684, checked 7 October 2026)",<absent>,absence checked,No established locale value in the audited source/fallback record.
019,BB,capitals[0].name,Bridgetown,"https://www.gov.br/mre/pt-br/arquivos/manual-de-redacao (23 July 2026); https://funag.gov.br/manual/index.php?title=Top%C3%B4nimos_e_gent%C3%ADlicos (revision 684, checked 7 October 2026)",Bridgetown,match,The source cell covers the complete capital list; spelling and shared role were checked separately.
019,BB,capitals[0].label,<absent>,"https://www.gov.br/mre/pt-br/arquivos/manual-de-redacao (23 July 2026); https://funag.gov.br/manual/index.php?title=Top%C3%B4nimos_e_gent%C3%ADlicos (revision 684, checked 7 October 2026)",<absent>,absence checked,No capital label is present in any locale for this location.
019,BB,wikipedia,https://pt.wikipedia.org/wiki/Barbados,"https://www.wikidata.org/ ptwiki sitelink cache, refreshed 7 October 2026",https://pt.wikipedia.org/wiki/Barbados,match,Article link only; never used as the naming authority.
020,BY,name,Belarus,"https://www.gov.br/mre/pt-br/arquivos/manual-de-redacao (23 July 2026); https://funag.gov.br/manual/index.php?title=Top%C3%B4nimos_e_gent%C3%ADlicos (revision 684, checked 7 October 2026)",a Belarus,match,Deck-style transcription omits leading articles and pronunciation annotations.
020,BY,formal_name,República da Belarus,"https://www.gov.br/mre/pt-br/arquivos/manual-de-redacao (23 July 2026); https://funag.gov.br/manual/index.php?title=Top%C3%B4nimos_e_gent%C3%ADlicos (revision 684, checked 7 October 2026)",a República da Belarus,match,Deck-style transcription omits leading articles and pronunciation annotations.
020,BY,name_label,<absent>,"https://www.gov.br/mre/pt-br/arquivos/manual-de-redacao (23 July 2026); https://funag.gov.br/manual/index.php?title=Top%C3%B4nimos_e_gent%C3%ADlicos (revision 684, checked 7 October 2026)",<absent>,absence checked,No established locale value in the audited source/fallback record.
020,BY,capitals[0].name,Minsk,"https://www.gov.br/mre/pt-br/arquivos/manual-de-redacao (23 July 2026); https://funag.gov.br/manual/index.php?title=Top%C3%B4nimos_e_gent%C3%ADlicos (revision 684, checked 7 October 2026)",Minsk,match,The source cell covers the complete capital list; spelling and shared role were checked separately.
020,BY,capitals[0].label,<absent>,"https://www.gov.br/mre/pt-br/arquivos/manual-de-redacao (23 July 2026); https://funag.gov.br/manual/index.php?title=Top%C3%B4nimos_e_gent%C3%ADlicos (revision 684, checked 7 October 2026)",<absent>,absence checked,No capital label is present in any locale for this location.
020,BY,wikipedia,https://pt.wikipedia.org/wiki/Bielorrússia,"https://www.wikidata.org/ ptwiki sitelink cache, refreshed 7 October 2026",https://pt.wikipedia.org/wiki/Bielorrússia,match,Article link only; never used as the naming authority.
021,BE,name,Bélgica,"https://www.gov.br/mre/pt-br/arquivos/manual-de-redacao (23 July 2026); https://funag.gov.br/manual/index.php?title=Top%C3%B4nimos_e_gent%C3%ADlicos (revision 684, checked 7 October 2026)",a Bélgica,match,Deck-style transcription omits leading articles and pronunciation annotations.
021,BE,formal_name,Reino da Bélgica,"https://www.gov.br/mre/pt-br/arquivos/manual-de-redacao (23 July 2026); https://funag.gov.br/manual/index.php?title=Top%C3%B4nimos_e_gent%C3%ADlicos (revision 684, checked 7 October 2026)",o Reino da Bélgica,match,Deck-style transcription omits leading articles and pronunciation annotations.
021,BE,name_label,<absent>,"https://www.gov.br/mre/pt-br/arquivos/manual-de-redacao (23 July 2026); https://funag.gov.br/manual/index.php?title=Top%C3%B4nimos_e_gent%C3%ADlicos (revision 684, checked 7 October 2026)",<absent>,absence checked,No established locale value in the audited source/fallback record.
021,BE,capitals[0].name,Bruxelas,"https://www.gov.br/mre/pt-br/arquivos/manual-de-redacao (23 July 2026); https://funag.gov.br/manual/index.php?title=Top%C3%B4nimos_e_gent%C3%ADlicos (revision 684, checked 7 October 2026)",Bruxelas,match,The source cell covers the complete capital list; spelling and shared role were checked separately.
021,BE,capitals[0].label,<absent>,"https://www.gov.br/mre/pt-br/arquivos/manual-de-redacao (23 July 2026); https://funag.gov.br/manual/index.php?title=Top%C3%B4nimos_e_gent%C3%ADlicos (revision 684, checked 7 October 2026)",<absent>,absence checked,No capital label is present in any locale for this location.
021,BE,wikipedia,https://pt.wikipedia.org/wiki/Bélgica,"https://www.wikidata.org/ ptwiki sitelink cache, refreshed 7 October 2026",https://pt.wikipedia.org/wiki/Bélgica,match,Article link only; never used as the naming authority.
022,BZ,name,Belize,"https://www.gov.br/mre/pt-br/arquivos/manual-de-redacao (23 July 2026); https://funag.gov.br/manual/index.php?title=Top%C3%B4nimos_e_gent%C3%ADlicos (revision 684, checked 7 October 2026)",Belize,match,Deck-style transcription omits leading articles and pronunciation annotations.
022,BZ,formal_name,<absent>,"https://www.gov.br/mre/pt-br/arquivos/manual-de-redacao (23 July 2026); https://funag.gov.br/manual/index.php?title=Top%C3%B4nimos_e_gent%C3%ADlicos (revision 684, checked 7 October 2026)",Belize,absence checked,No established locale value in the audited source/fallback record.
022,BZ,name_label,<absent>,"https://www.gov.br/mre/pt-br/arquivos/manual-de-redacao (23 July 2026); https://funag.gov.br/manual/index.php?title=Top%C3%B4nimos_e_gent%C3%ADlicos (revision 684, checked 7 October 2026)",<absent>,absence checked,No established locale value in the audited source/fallback record.
022,BZ,capitals[0].name,Belmopan,"https://www.gov.br/mre/pt-br/arquivos/manual-de-redacao (23 July 2026); https://funag.gov.br/manual/index.php?title=Top%C3%B4nimos_e_gent%C3%ADlicos (revision 684, checked 7 October 2026)",Belmopan,match,The source cell covers the complete capital list; spelling and shared role were checked separately.
022,BZ,capitals[0].label,<absent>,"https://www.gov.br/mre/pt-br/arquivos/manual-de-redacao (23 July 2026); https://funag.gov.br/manual/index.php?title=Top%C3%B4nimos_e_gent%C3%ADlicos (revision 684, checked 7 October 2026)",<absent>,absence checked,No capital label is present in any locale for this location.
022,BZ,wikipedia,https://pt.wikipedia.org/wiki/Belize,"https://www.wikidata.org/ ptwiki sitelink cache, refreshed 7 October 2026",https://pt.wikipedia.org/wiki/Belize,match,Article link only; never used as the naming authority.
023,BJ,name,Benim,"https://www.gov.br/mre/pt-br/arquivos/manual-de-redacao (23 July 2026); https://funag.gov.br/manual/index.php?title=Top%C3%B4nimos_e_gent%C3%ADlicos (revision 684, checked 7 October 2026)",o Benim,match,Deck-style transcription omits leading articles and pronunciation annotations.
023,BJ,formal_name,República do Benim,"https://www.gov.br/mre/pt-br/arquivos/manual-de-redacao (23 July 2026); https://funag.gov.br/manual/index.php?title=Top%C3%B4nimos_e_gent%C3%ADlicos (revision 684, checked 7 October 2026)",a República do Benim,match,Deck-style transcription omits leading articles and pronunciation annotations.
023,BJ,name_label,<absent>,"https://www.gov.br/mre/pt-br/arquivos/manual-de-redacao (23 July 2026); https://funag.gov.br/manual/index.php?title=Top%C3%B4nimos_e_gent%C3%ADlicos (revision 684, checked 7 October 2026)",<absent>,absence checked,No established locale value in the audited source/fallback record.
023,BJ,capitals[0].name,Porto Novo,"https://www.gov.br/mre/pt-br/arquivos/manual-de-redacao (23 July 2026); https://funag.gov.br/manual/index.php?title=Top%C3%B4nimos_e_gent%C3%ADlicos (revision 684, checked 7 October 2026)","Porto Novo (oficial), Cotonou (sede do governo)",match,The source cell covers the complete capital list; spelling and shared role were checked separately.
023,BJ,capitals[0].label,capital,"https://www.gov.br/mre/pt-br/arquivos/manual-de-redacao (23 July 2026); https://funag.gov.br/manual/index.php?title=Top%C3%B4nimos_e_gent%C3%ADlicos (revision 684, checked 7 October 2026)",oficial,deviation,Translated from the post-correction shared capital role/detail on main; contributor-only role detail was not restored.
023,BJ,capitals[1].name,Cotonou,"https://www.gov.br/mre/pt-br/arquivos/manual-de-redacao (23 July 2026); https://funag.gov.br/manual/index.php?title=Top%C3%B4nimos_e_gent%C3%ADlicos (revision 684, checked 7 October 2026)","Porto Novo (oficial), Cotonou (sede do governo)",match,The source cell covers the complete capital list; spelling and shared role were checked separately.
023,BJ,capitals[1].label,sede do governo,"https://www.gov.br/mre/pt-br/arquivos/manual-de-redacao (23 July 2026); https://funag.gov.br/manual/index.php?title=Top%C3%B4nimos_e_gent%C3%ADlicos (revision 684, checked 7 October 2026)","Porto Novo (oficial), Cotonou (sede do governo)",match,The source cell covers the complete capital list; spelling and shared role were checked separately.
023,BJ,wikipedia,https://pt.wikipedia.org/wiki/Benim,"https://www.wikidata.org/ ptwiki sitelink cache, refreshed 7 October 2026",https://pt.wikipedia.org/wiki/Benim,match,Article link only; never used as the naming authority.
024,BM,name,Bermudas,"https://www.gov.br/sped/pt-br/assuntos/escrituracoes-digitais/e-financeira/manuais-e-documento-tecnicos/tabelas-de-codigos/paises/@@download/file (Receita Federal e-Financeira territory table, modified 29 May 2026; checked 8 October 2026); https://www.iso.org/obp/ui/#iso:code:3166:BM (ISO 3166 Online Browsing Platform, maintained online; checked 8 October 2026)",Receita Federal: Bermudas,match,
024,BM,formal_name,<absent>,"https://www.gov.br/sped/pt-br/assuntos/escrituracoes-digitais/e-financeira/manuais-e-documento-tecnicos/tabelas-de-codigos/paises/@@download/file (Receita Federal e-Financeira territory table, modified 29 May 2026; checked 8 October 2026); https://www.iso.org/obp/ui/#iso:code:3166:BM (ISO 3166 Online Browsing Platform, maintained online; checked 8 October 2026)",No distinct pt-BR formal form in the checked Brazilian/ISO records,absence checked,A formal-name key is deliberately omitted rather than translated without a source.
024,BM,name_label,<absent>,"https://www.gov.br/sped/pt-br/assuntos/escrituracoes-digitais/e-financeira/manuais-e-documento-tecnicos/tabelas-de-codigos/paises/@@download/file (Receita Federal e-Financeira territory table, modified 29 May 2026; checked 8 October 2026); https://www.iso.org/obp/ui/#iso:code:3166:BM (ISO 3166 Online Browsing Platform, maintained online; checked 8 October 2026)",No alternative-name label in the checked Brazilian/ISO records,absence checked,Deliberate absence checked against the concrete fallback records.
024,BM,capitals[0].name,Hamilton,"https://www.gov.br/sped/pt-br/assuntos/escrituracoes-digitais/e-financeira/manuais-e-documento-tecnicos/tabelas-de-codigos/paises/@@download/file (Receita Federal e-Financeira territory table, modified 29 May 2026; checked 8 October 2026); https://www.iso.org/obp/ui/#iso:code:3166:BM (ISO 3166 Online Browsing Platform, maintained online; checked 8 October 2026); https://geonames.nga.mil/geonames/GNSHome/ (NGA Geographic Names Server, online; checked 8 October 2026)",Approved/local geographic-name form: Hamilton,match,
024,BM,capitals[0].label,<absent>,"https://www.gov.br/sped/pt-br/assuntos/escrituracoes-digitais/e-financeira/manuais-e-documento-tecnicos/tabelas-de-codigos/paises/@@download/file (Receita Federal e-Financeira territory table, modified 29 May 2026; checked 8 October 2026); https://www.iso.org/obp/ui/#iso:code:3166:BM (ISO 3166 Online Browsing Platform, maintained online; checked 8 October 2026)",No role qualifier in the checked naming records; shared role is generic capital,absence checked,No capital label is present in any locale for this generic shared role.
024,BM,wikipedia,https://pt.wikipedia.org/wiki/Bermudas,"https://www.wikidata.org/ ptwiki sitelink cache, refreshed 7 October 2026",https://pt.wikipedia.org/wiki/Bermudas,match,Article link only; never used as the naming authority.
025,BT,name,Butão,"https://www.gov.br/mre/pt-br/arquivos/manual-de-redacao (23 July 2026); https://funag.gov.br/manual/index.php?title=Top%C3%B4nimos_e_gent%C3%ADlicos (revision 684, checked 7 October 2026)",o Butão,match,Deck-style transcription omits leading articles and pronunciation annotations.
025,BT,formal_name,Reino do Butão,"https://www.gov.br/mre/pt-br/arquivos/manual-de-redacao (23 July 2026); https://funag.gov.br/manual/index.php?title=Top%C3%B4nimos_e_gent%C3%ADlicos (revision 684, checked 7 October 2026)",o Reino do Butão,match,Deck-style transcription omits leading articles and pronunciation annotations.
025,BT,name_label,<absent>,"https://www.gov.br/mre/pt-br/arquivos/manual-de-redacao (23 July 2026); https://funag.gov.br/manual/index.php?title=Top%C3%B4nimos_e_gent%C3%ADlicos (revision 684, checked 7 October 2026)",<absent>,absence checked,No established locale value in the audited source/fallback record.
025,BT,capitals[0].name,Thimphu,"https://www.gov.br/mre/pt-br/arquivos/manual-de-redacao (23 July 2026); https://funag.gov.br/manual/index.php?title=Top%C3%B4nimos_e_gent%C3%ADlicos (revision 684, checked 7 October 2026)",Thimphu [pronúncia: Timpú],match,The source cell covers the complete capital list; spelling and shared role were checked separately.
025,BT,capitals[0].label,<absent>,"https://www.gov.br/mre/pt-br/arquivos/manual-de-redacao (23 July 2026); https://funag.gov.br/manual/index.php?title=Top%C3%B4nimos_e_gent%C3%ADlicos (revision 684, checked 7 October 2026)",<absent>,absence checked,No capital label is present in any locale for this location.
025,BT,wikipedia,https://pt.wikipedia.org/wiki/Butão,"https://www.wikidata.org/ ptwiki sitelink cache, refreshed 7 October 2026",https://pt.wikipedia.org/wiki/Butão,match,Article link only; never used as the naming authority.
026,BO,name,Bolívia,"https://www.gov.br/mre/pt-br/arquivos/manual-de-redacao (23 July 2026); https://funag.gov.br/manual/index.php?title=Top%C3%B4nimos_e_gent%C3%ADlicos (revision 684, checked 7 October 2026)",a Bolívia,match,Deck-style transcription omits leading articles and pronunciation annotations.
026,BO,formal_name,Estado Plurinacional da Bolívia,"https://www.gov.br/mre/pt-br/arquivos/manual-de-redacao (23 July 2026); https://funag.gov.br/manual/index.php?title=Top%C3%B4nimos_e_gent%C3%ADlicos (revision 684, checked 7 October 2026)",o Estado Plurinacional da Bolívia,match,Deck-style transcription omits leading articles and pronunciation annotations.
026,BO,name_label,<absent>,"https://www.gov.br/mre/pt-br/arquivos/manual-de-redacao (23 July 2026); https://funag.gov.br/manual/index.php?title=Top%C3%B4nimos_e_gent%C3%ADlicos (revision 684, checked 7 October 2026)",<absent>,absence checked,No established locale value in the audited source/fallback record.
026,BO,capitals[0].name,Sucre,"https://www.gov.br/mre/pt-br/arquivos/manual-de-redacao (23 July 2026); https://funag.gov.br/manual/index.php?title=Top%C3%B4nimos_e_gent%C3%ADlicos (revision 684, checked 7 October 2026)","La Paz (sede do governo), Sucre (oficial)",match,The source cell covers the complete capital list; spelling and shared role were checked separately.
026,BO,capitals[0].label,capital,"https://www.gov.br/mre/pt-br/arquivos/manual-de-redacao (23 July 2026); https://funag.gov.br/manual/index.php?title=Top%C3%B4nimos_e_gent%C3%ADlicos (revision 684, checked 7 October 2026)",oficial,deviation,Translated from the post-correction shared capital role/detail on main; contributor-only role detail was not restored.
026,BO,capitals[1].name,La Paz,"https://www.gov.br/mre/pt-br/arquivos/manual-de-redacao (23 July 2026); https://funag.gov.br/manual/index.php?title=Top%C3%B4nimos_e_gent%C3%ADlicos (revision 684, checked 7 October 2026)","La Paz (sede do governo), Sucre (oficial)",match,The source cell covers the complete capital list; spelling and shared role were checked separately.
026,BO,capitals[1].label,sede do governo,"https://www.gov.br/mre/pt-br/arquivos/manual-de-redacao (23 July 2026); https://funag.gov.br/manual/index.php?title=Top%C3%B4nimos_e_gent%C3%ADlicos (revision 684, checked 7 October 2026)","La Paz (sede do governo), Sucre (oficial)",match,The source cell covers the complete capital list; spelling and shared role were checked separately.
026,BO,wikipedia,https://pt.wikipedia.org/wiki/Bolívia,"https://www.wikidata.org/ ptwiki sitelink cache, refreshed 7 October 2026",https://pt.wikipedia.org/wiki/Bolívia,match,Article link only; never used as the naming authority.
027,BQ,name,"Bonaire, Sint Eustatius e Saba","https://www.gov.br/sped/pt-br/assuntos/escrituracoes-digitais/e-financeira/manuais-e-documento-tecnicos/tabelas-de-codigos/paises/@@download/file (Receita Federal e-Financeira territory table, modified 29 May 2026; checked 8 October 2026); https://www.iso.org/obp/ui/#iso:code:3166:BQ (ISO 3166 Online Browsing Platform, maintained online; checked 8 October 2026)","Receita Federal: Bonaire, Sint Eustatius e Saba",match,Adopted the cited Brazilian fallback form exactly.
027,BQ,formal_name,<absent>,"https://www.gov.br/sped/pt-br/assuntos/escrituracoes-digitais/e-financeira/manuais-e-documento-tecnicos/tabelas-de-codigos/paises/@@download/file (Receita Federal e-Financeira territory table, modified 29 May 2026; checked 8 October 2026); https://www.iso.org/obp/ui/#iso:code:3166:BQ (ISO 3166 Online Browsing Platform, maintained online; checked 8 October 2026)",No distinct pt-BR formal form in the checked Brazilian/ISO records,absence checked,A formal-name key is deliberately omitted rather than translated without a source.
027,BQ,name_label,<absent>,"https://www.gov.br/sped/pt-br/assuntos/escrituracoes-digitais/e-financeira/manuais-e-documento-tecnicos/tabelas-de-codigos/paises/@@download/file (Receita Federal e-Financeira territory table, modified 29 May 2026; checked 8 October 2026); https://www.iso.org/obp/ui/#iso:code:3166:BQ (ISO 3166 Online Browsing Platform, maintained online; checked 8 October 2026)",No alternative-name label in the checked Brazilian/ISO records,absence checked,Deliberate absence checked against the concrete fallback records.
027,BQ,capitals[0].name,Kralendijk,"https://www.gov.br/sped/pt-br/assuntos/escrituracoes-digitais/e-financeira/manuais-e-documento-tecnicos/tabelas-de-codigos/paises/@@download/file (Receita Federal e-Financeira territory table, modified 29 May 2026; checked 8 October 2026); https://www.iso.org/obp/ui/#iso:code:3166:BQ (ISO 3166 Online Browsing Platform, maintained online; checked 8 October 2026); https://geonames.nga.mil/geonames/GNSHome/ (NGA Geographic Names Server, online; checked 8 October 2026)",Approved/local geographic-name form: Kralendijk,match,
027,BQ,capitals[0].label,Bonaire,"https://www.gov.br/sped/pt-br/assuntos/escrituracoes-digitais/e-financeira/manuais-e-documento-tecnicos/tabelas-de-codigos/paises/@@download/file (Receita Federal e-Financeira territory table, modified 29 May 2026; checked 8 October 2026); https://www.iso.org/obp/ui/#iso:code:3166:BQ (ISO 3166 Online Browsing Platform, maintained online; checked 8 October 2026); https://www.government.nl/topics/caribbean-parts-of-the-kingdom (Government of the Netherlands Caribbean entities record; checked 8 October 2026)",Verified shared role; pt-BR label: Bonaire,match,The source establishes the shared fact; the label is its pt-BR translation.
027,BQ,capitals[1].name,Oranjestad,"https://www.gov.br/sped/pt-br/assuntos/escrituracoes-digitais/e-financeira/manuais-e-documento-tecnicos/tabelas-de-codigos/paises/@@download/file (Receita Federal e-Financeira territory table, modified 29 May 2026; checked 8 October 2026); https://www.iso.org/obp/ui/#iso:code:3166:BQ (ISO 3166 Online Browsing Platform, maintained online; checked 8 October 2026); https://geonames.nga.mil/geonames/GNSHome/ (NGA Geographic Names Server, online; checked 8 October 2026)",Approved/local geographic-name form: Oranjestad,match,
027,BQ,capitals[1].label,Santo Eustáquio,"https://www.gov.br/sped/pt-br/assuntos/escrituracoes-digitais/e-financeira/manuais-e-documento-tecnicos/tabelas-de-codigos/paises/@@download/file (Receita Federal e-Financeira territory table, modified 29 May 2026; checked 8 October 2026); https://www.iso.org/obp/ui/#iso:code:3166:BQ (ISO 3166 Online Browsing Platform, maintained online; checked 8 October 2026); https://www.government.nl/topics/caribbean-parts-of-the-kingdom (Government of the Netherlands Caribbean entities record; checked 8 October 2026)",Verified shared role; pt-BR label: Santo Eustáquio,match,The source establishes the shared fact; the label is its pt-BR translation.
027,BQ,capitals[2].name,The Bottom,"https://www.gov.br/sped/pt-br/assuntos/escrituracoes-digitais/e-financeira/manuais-e-documento-tecnicos/tabelas-de-codigos/paises/@@download/file (Receita Federal e-Financeira territory table, modified 29 May 2026; checked 8 October 2026); https://www.iso.org/obp/ui/#iso:code:3166:BQ (ISO 3166 Online Browsing Platform, maintained online; checked 8 October 2026); https://geonames.nga.mil/geonames/GNSHome/ (NGA Geographic Names Server, online; checked 8 October 2026)",Approved/local geographic-name form: The Bottom,match,
027,BQ,capitals[2].label,Saba,"https://www.gov.br/sped/pt-br/assuntos/escrituracoes-digitais/e-financeira/manuais-e-documento-tecnicos/tabelas-de-codigos/paises/@@download/file (Receita Federal e-Financeira territory table, modified 29 May 2026; checked 8 October 2026); https://www.iso.org/obp/ui/#iso:code:3166:BQ (ISO 3166 Online Browsing Platform, maintained online; checked 8 October 2026); https://www.government.nl/topics/caribbean-parts-of-the-kingdom (Government of the Netherlands Caribbean entities record; checked 8 October 2026)",Verified shared role; pt-BR label: Saba,match,The source establishes the shared fact; the label is its pt-BR translation.
027,BQ,wikipedia,https://pt.wikipedia.org/wiki/Países_Baixos_Caribenhos,"https://www.wikidata.org/ ptwiki sitelink cache, refreshed 7 October 2026",https://pt.wikipedia.org/wiki/Países_Baixos_Caribenhos,match,Article link only; never used as the naming authority.
028,BA,name,Bósnia e Herzegovina,"https://www.gov.br/mre/pt-br/arquivos/manual-de-redacao (23 July 2026); https://funag.gov.br/manual/index.php?title=Top%C3%B4nimos_e_gent%C3%ADlicos (revision 684, checked 7 October 2026)",a Bósnia,match,Deck-style transcription omits leading articles and pronunciation annotations.
028,BA,formal_name,<absent>,"https://www.gov.br/mre/pt-br/arquivos/manual-de-redacao (23 July 2026); https://funag.gov.br/manual/index.php?title=Top%C3%B4nimos_e_gent%C3%ADlicos (revision 684, checked 7 October 2026)",a Bósnia e Herzegovina,absence checked,No established locale value in the audited source/fallback record.
028,BA,name_label,<absent>,"https://www.gov.br/mre/pt-br/arquivos/manual-de-redacao (23 July 2026); https://funag.gov.br/manual/index.php?title=Top%C3%B4nimos_e_gent%C3%ADlicos (revision 684, checked 7 October 2026)",<absent>,absence checked,No established locale value in the audited source/fallback record.
028,BA,capitals[0].name,Sarajevo,"https://www.gov.br/mre/pt-br/arquivos/manual-de-redacao (23 July 2026); https://funag.gov.br/manual/index.php?title=Top%C3%B4nimos_e_gent%C3%ADlicos (revision 684, checked 7 October 2026)",Sarajevo [pronúncia: Saraiêvo],match,The source cell covers the complete capital list; spelling and shared role were checked separately.
028,BA,capitals[0].label,<absent>,"https://www.gov.br/mre/pt-br/arquivos/manual-de-redacao (23 July 2026); https://funag.gov.br/manual/index.php?title=Top%C3%B4nimos_e_gent%C3%ADlicos (revision 684, checked 7 October 2026)",<absent>,absence checked,No capital label is present in any locale for this location.
028,BA,wikipedia,https://pt.wikipedia.org/wiki/Bósnia_e_Herzegovina,"https://www.wikidata.org/ ptwiki sitelink cache, refreshed 7 October 2026",https://pt.wikipedia.org/wiki/Bósnia_e_Herzegovina,match,Article link only; never used as the naming authority.
029,BW,name,Botsuana,"https://www.gov.br/mre/pt-br/arquivos/manual-de-redacao (23 July 2026); https://funag.gov.br/manual/index.php?title=Top%C3%B4nimos_e_gent%C3%ADlicos (revision 684, checked 7 October 2026)",o Botsuana,match,Deck-style transcription omits leading articles and pronunciation annotations.
029,BW,formal_name,República do Botsuana,"https://www.gov.br/mre/pt-br/arquivos/manual-de-redacao (23 July 2026); https://funag.gov.br/manual/index.php?title=Top%C3%B4nimos_e_gent%C3%ADlicos (revision 684, checked 7 October 2026)",a República do Botsuana,match,Deck-style transcription omits leading articles and pronunciation annotations.
029,BW,name_label,<absent>,"https://www.gov.br/mre/pt-br/arquivos/manual-de-redacao (23 July 2026); https://funag.gov.br/manual/index.php?title=Top%C3%B4nimos_e_gent%C3%ADlicos (revision 684, checked 7 October 2026)",<absent>,absence checked,No established locale value in the audited source/fallback record.
029,BW,capitals[0].name,Gaborone,"https://www.gov.br/mre/pt-br/arquivos/manual-de-redacao (23 July 2026); https://funag.gov.br/manual/index.php?title=Top%C3%B4nimos_e_gent%C3%ADlicos (revision 684, checked 7 October 2026)",Gaborone,match,The source cell covers the complete capital list; spelling and shared role were checked separately.
029,BW,capitals[0].label,<absent>,"https://www.gov.br/mre/pt-br/arquivos/manual-de-redacao (23 July 2026); https://funag.gov.br/manual/index.php?title=Top%C3%B4nimos_e_gent%C3%ADlicos (revision 684, checked 7 October 2026)",<absent>,absence checked,No capital label is present in any locale for this location.
029,BW,wikipedia,https://pt.wikipedia.org/wiki/Botswana,"https://www.wikidata.org/ ptwiki sitelink cache, refreshed 7 October 2026",https://pt.wikipedia.org/wiki/Botswana,match,Article link only; never used as the naming authority.
030,BV,name,Ilha Bouvet (Território da Noruega),"https://www.gov.br/sped/pt-br/assuntos/escrituracoes-digitais/e-financeira/manuais-e-documento-tecnicos/tabelas-de-codigos/paises/@@download/file (Receita Federal e-Financeira territory table, modified 29 May 2026; checked 8 October 2026); https://www.iso.org/obp/ui/#iso:code:3166:BV (ISO 3166 Online Browsing Platform, maintained online; checked 8 October 2026)",Receita Federal: Ilha Bouvet (Território da Noruega),match,Adopted the cited Brazilian fallback form exactly.
030,BV,formal_name,<absent>,"https://www.gov.br/sped/pt-br/assuntos/escrituracoes-digitais/e-financeira/manuais-e-documento-tecnicos/tabelas-de-codigos/paises/@@download/file (Receita Federal e-Financeira territory table, modified 29 May 2026; checked 8 October 2026); https://www.iso.org/obp/ui/#iso:code:3166:BV (ISO 3166 Online Browsing Platform, maintained online; checked 8 October 2026)",No distinct pt-BR formal form in the checked Brazilian/ISO records,absence checked,A formal-name key is deliberately omitted rather than translated without a source.
030,BV,name_label,<absent>,"https://www.gov.br/sped/pt-br/assuntos/escrituracoes-digitais/e-financeira/manuais-e-documento-tecnicos/tabelas-de-codigos/paises/@@download/file (Receita Federal e-Financeira territory table, modified 29 May 2026; checked 8 October 2026); https://www.iso.org/obp/ui/#iso:code:3166:BV (ISO 3166 Online Browsing Platform, maintained online; checked 8 October 2026)",No alternative-name label in the checked Brazilian/ISO records,absence checked,Deliberate absence checked against the concrete fallback records.
030,BV,capitals[0].name,Oslo,"https://funag.gov.br/manual/index.php?title=Top%C3%B4nimos_e_gent%C3%ADlicos (official FUNAG reproduction, revision 684; checked 8 October 2026); https://www.gov.br/sped/pt-br/assuntos/escrituracoes-digitais/e-financeira/manuais-e-documento-tecnicos/tabelas-de-codigos/paises/@@download/file (Receita Federal e-Financeira territory table, modified 29 May 2026; checked 8 October 2026); https://www.iso.org/obp/ui/#iso:code:3166:BV (ISO 3166 Online Browsing Platform, maintained online; checked 8 October 2026); https://geonames.nga.mil/geonames/GNSHome/ (NGA Geographic Names Server, online; checked 8 October 2026)",FUNAG: Oslo; geographic-name record: Oslo,match,
030,BV,capitals[0].label,desabitada,"https://www.gov.br/sped/pt-br/assuntos/escrituracoes-digitais/e-financeira/manuais-e-documento-tecnicos/tabelas-de-codigos/paises/@@download/file (Receita Federal e-Financeira territory table, modified 29 May 2026; checked 8 October 2026); https://www.iso.org/obp/ui/#iso:code:3166:BV (ISO 3166 Online Browsing Platform, maintained online; checked 8 October 2026); https://npolar.no/en/advisory/ (Norwegian Polar Institute Bouvetøya administration record; checked 8 October 2026)",Verified shared role; pt-BR label: desabitada,match,The source establishes the shared fact; the label is its pt-BR translation.
030,BV,wikipedia,https://pt.wikipedia.org/wiki/Ilha_Bouvet,"https://www.wikidata.org/ ptwiki sitelink cache, refreshed 7 October 2026",https://pt.wikipedia.org/wiki/Ilha_Bouvet,match,Article link only; never used as the naming authority.
031,BR,name,Brasil,"https://www.gov.br/mre/pt-br/arquivos/manual-de-redacao (23 July 2026); https://funag.gov.br/manual/index.php?title=Top%C3%B4nimos_e_gent%C3%ADlicos (revision 684, checked 7 October 2026)",o Brasil,match,Deck-style transcription omits leading articles and pronunciation annotations.
031,BR,formal_name,República Federativa do Brasil,"https://www.gov.br/mre/pt-br/arquivos/manual-de-redacao (23 July 2026); https://funag.gov.br/manual/index.php?title=Top%C3%B4nimos_e_gent%C3%ADlicos (revision 684, checked 7 October 2026)",a República Federativa do Brasil,match,Deck-style transcription omits leading articles and pronunciation annotations.
031,BR,name_label,<absent>,"https://www.gov.br/mre/pt-br/arquivos/manual-de-redacao (23 July 2026); https://funag.gov.br/manual/index.php?title=Top%C3%B4nimos_e_gent%C3%ADlicos (revision 684, checked 7 October 2026)",<absent>,absence checked,No established locale value in the audited source/fallback record.
031,BR,capitals[0].name,Brasília,"https://www.gov.br/mre/pt-br/arquivos/manual-de-redacao (23 July 2026); https://funag.gov.br/manual/index.php?title=Top%C3%B4nimos_e_gent%C3%ADlicos (revision 684, checked 7 October 2026)",Brasília,match,The source cell covers the complete capital list; spelling and shared role were checked separately.
031,BR,capitals[0].label,<absent>,"https://www.gov.br/mre/pt-br/arquivos/manual-de-redacao (23 July 2026); https://funag.gov.br/manual/index.php?title=Top%C3%B4nimos_e_gent%C3%ADlicos (revision 684, checked 7 October 2026)",<absent>,absence checked,No capital label is present in any locale for this location.
031,BR,wikipedia,https://pt.wikipedia.org/wiki/Brasil,"https://www.wikidata.org/ ptwiki sitelink cache, refreshed 7 October 2026",https://pt.wikipedia.org/wiki/Brasil,match,Article link only; never used as the naming authority.
032,IO,name,Território Britânico do Oceano Índico,"https://www.gov.br/sped/pt-br/assuntos/escrituracoes-digitais/e-financeira/manuais-e-documento-tecnicos/tabelas-de-codigos/paises/@@download/file (Receita Federal e-Financeira territory table, modified 29 May 2026; checked 8 October 2026); https://www.iso.org/obp/ui/#iso:code:3166:IO (ISO 3166 Online Browsing Platform, maintained online; checked 8 October 2026)",Receita Federal: Território Britânico do Oceano índico,match,
032,IO,formal_name,<absent>,"https://www.gov.br/sped/pt-br/assuntos/escrituracoes-digitais/e-financeira/manuais-e-documento-tecnicos/tabelas-de-codigos/paises/@@download/file (Receita Federal e-Financeira territory table, modified 29 May 2026; checked 8 October 2026); https://www.iso.org/obp/ui/#iso:code:3166:IO (ISO 3166 Online Browsing Platform, maintained online; checked 8 October 2026)",No distinct pt-BR formal form in the checked Brazilian/ISO records,absence checked,A formal-name key is deliberately omitted rather than translated without a source.
032,IO,name_label,<absent>,"https://www.gov.br/sped/pt-br/assuntos/escrituracoes-digitais/e-financeira/manuais-e-documento-tecnicos/tabelas-de-codigos/paises/@@download/file (Receita Federal e-Financeira territory table, modified 29 May 2026; checked 8 October 2026); https://www.iso.org/obp/ui/#iso:code:3166:IO (ISO 3166 Online Browsing Platform, maintained online; checked 8 October 2026)",No alternative-name label in the checked Brazilian/ISO records,absence checked,Deliberate absence checked against the concrete fallback records.
032,IO,capitals[0].name,Londres,"https://funag.gov.br/manual/index.php?title=Top%C3%B4nimos_e_gent%C3%ADlicos (official FUNAG reproduction, revision 684; checked 8 October 2026); https://www.gov.br/sped/pt-br/assuntos/escrituracoes-digitais/e-financeira/manuais-e-documento-tecnicos/tabelas-de-codigos/paises/@@download/file (Receita Federal e-Financeira territory table, modified 29 May 2026; checked 8 October 2026); https://www.iso.org/obp/ui/#iso:code:3166:IO (ISO 3166 Online Browsing Platform, maintained online; checked 8 October 2026); https://geonames.nga.mil/geonames/GNSHome/ (NGA Geographic Names Server, online; checked 8 October 2026)",FUNAG: Londres; geographic-name record: London,match,
032,IO,capitals[0].label,habitado apenas por militares,"https://www.gov.br/sped/pt-br/assuntos/escrituracoes-digitais/e-financeira/manuais-e-documento-tecnicos/tabelas-de-codigos/paises/@@download/file (Receita Federal e-Financeira territory table, modified 29 May 2026; checked 8 October 2026); https://www.iso.org/obp/ui/#iso:code:3166:IO (ISO 3166 Online Browsing Platform, maintained online; checked 8 October 2026); https://www.gov.uk/world/organisations/british-indian-ocean-territory (BIOT administration record; checked 8 October 2026)",Verified shared role; pt-BR label: habitado apenas por militares,match,The source establishes the shared fact; the label is its pt-BR translation.
032,IO,wikipedia,https://pt.wikipedia.org/wiki/Território_Britânico_do_Oceano_Índico,"https://www.wikidata.org/ ptwiki sitelink cache, refreshed 7 October 2026",https://pt.wikipedia.org/wiki/Território_Britânico_do_Oceano_Índico,match,Article link only; never used as the naming authority.
033,BN,name,Brunei,"https://www.gov.br/mre/pt-br/arquivos/manual-de-redacao (23 July 2026); https://funag.gov.br/manual/index.php?title=Top%C3%B4nimos_e_gent%C3%ADlicos (revision 684, checked 7 October 2026)",o Brunei,match,Deck-style transcription omits leading articles and pronunciation annotations.
033,BN,formal_name,Brunei Darussalam,"https://www.gov.br/mre/pt-br/arquivos/manual-de-redacao (23 July 2026); https://funag.gov.br/manual/index.php?title=Top%C3%B4nimos_e_gent%C3%ADlicos (revision 684, checked 7 October 2026)",o Brunei Darussalam,match,Deck-style transcription omits leading articles and pronunciation annotations.
033,BN,name_label,<absent>,"https://www.gov.br/mre/pt-br/arquivos/manual-de-redacao (23 July 2026); https://funag.gov.br/manual/index.php?title=Top%C3%B4nimos_e_gent%C3%ADlicos (revision 684, checked 7 October 2026)",<absent>,absence checked,No established locale value in the audited source/fallback record.
033,BN,capitals[0].name,Bandar Seri Begawan,"https://www.gov.br/mre/pt-br/arquivos/manual-de-redacao (23 July 2026); https://funag.gov.br/manual/index.php?title=Top%C3%B4nimos_e_gent%C3%ADlicos (revision 684, checked 7 October 2026)",Bandar Seri Begawan,match,The source cell covers the complete capital list; spelling and shared role were checked separately.
033,BN,capitals[0].label,<absent>,"https://www.gov.br/mre/pt-br/arquivos/manual-de-redacao (23 July 2026); https://funag.gov.br/manual/index.php?title=Top%C3%B4nimos_e_gent%C3%ADlicos (revision 684, checked 7 October 2026)",<absent>,absence checked,No capital label is present in any locale for this location.
033,BN,wikipedia,https://pt.wikipedia.org/wiki/Brunei,"https://www.wikidata.org/ ptwiki sitelink cache, refreshed 7 October 2026",https://pt.wikipedia.org/wiki/Brunei,match,Article link only; never used as the naming authority.
034,BG,name,Bulgária,"https://www.gov.br/mre/pt-br/arquivos/manual-de-redacao (23 July 2026); https://funag.gov.br/manual/index.php?title=Top%C3%B4nimos_e_gent%C3%ADlicos (revision 684, checked 7 October 2026)",a Bulgária,match,Deck-style transcription omits leading articles and pronunciation annotations.
034,BG,formal_name,República da Bulgária,"https://www.gov.br/mre/pt-br/arquivos/manual-de-redacao (23 July 2026); https://funag.gov.br/manual/index.php?title=Top%C3%B4nimos_e_gent%C3%ADlicos (revision 684, checked 7 October 2026)",a República da Bulgária,match,Deck-style transcription omits leading articles and pronunciation annotations.
034,BG,name_label,<absent>,"https://www.gov.br/mre/pt-br/arquivos/manual-de-redacao (23 July 2026); https://funag.gov.br/manual/index.php?title=Top%C3%B4nimos_e_gent%C3%ADlicos (revision 684, checked 7 October 2026)",<absent>,absence checked,No established locale value in the audited source/fallback record.
034,BG,capitals[0].name,Sófia,"https://www.gov.br/mre/pt-br/arquivos/manual-de-redacao (23 July 2026); https://funag.gov.br/manual/index.php?title=Top%C3%B4nimos_e_gent%C3%ADlicos (revision 684, checked 7 October 2026)",Sófia,match,The source cell covers the complete capital list; spelling and shared role were checked separately.
034,BG,capitals[0].label,<absent>,"https://www.gov.br/mre/pt-br/arquivos/manual-de-redacao (23 July 2026); https://funag.gov.br/manual/index.php?title=Top%C3%B4nimos_e_gent%C3%ADlicos (revision 684, checked 7 October 2026)",<absent>,absence checked,No capital label is present in any locale for this location.
034,BG,wikipedia,https://pt.wikipedia.org/wiki/Bulgária,"https://www.wikidata.org/ ptwiki sitelink cache, refreshed 7 October 2026",https://pt.wikipedia.org/wiki/Bulgária,match,Article link only; never used as the naming authority.
035,BF,name,Burkina Faso,"https://www.gov.br/mre/pt-br/arquivos/manual-de-redacao (23 July 2026); https://funag.gov.br/manual/index.php?title=Top%C3%B4nimos_e_gent%C3%ADlicos (revision 684, checked 7 October 2026)",o Burkina Faso,match,Deck-style transcription omits leading articles and pronunciation annotations.
035,BF,formal_name,<absent>,"https://www.gov.br/mre/pt-br/arquivos/manual-de-redacao (23 July 2026); https://funag.gov.br/manual/index.php?title=Top%C3%B4nimos_e_gent%C3%ADlicos (revision 684, checked 7 October 2026)",o Burkina Faso,absence checked,No established locale value in the audited source/fallback record.
035,BF,name_label,<absent>,"https://www.gov.br/mre/pt-br/arquivos/manual-de-redacao (23 July 2026); https://funag.gov.br/manual/index.php?title=Top%C3%B4nimos_e_gent%C3%ADlicos (revision 684, checked 7 October 2026)",<absent>,absence checked,No established locale value in the audited source/fallback record.
035,BF,capitals[0].name,Uagadugu,"https://www.gov.br/mre/pt-br/arquivos/manual-de-redacao (23 July 2026); https://funag.gov.br/manual/index.php?title=Top%C3%B4nimos_e_gent%C3%ADlicos (revision 684, checked 7 October 2026)",Uagadugu,match,The source cell covers the complete capital list; spelling and shared role were checked separately.
035,BF,capitals[0].label,<absent>,"https://www.gov.br/mre/pt-br/arquivos/manual-de-redacao (23 July 2026); https://funag.gov.br/manual/index.php?title=Top%C3%B4nimos_e_gent%C3%ADlicos (revision 684, checked 7 October 2026)",<absent>,absence checked,No capital label is present in any locale for this location.
035,BF,wikipedia,https://pt.wikipedia.org/wiki/Burquina_Fasso,"https://www.wikidata.org/ ptwiki sitelink cache, refreshed 7 October 2026",https://pt.wikipedia.org/wiki/Burquina_Fasso,match,Article link only; never used as the naming authority.
036,BI,name,Burundi,"https://www.gov.br/mre/pt-br/arquivos/manual-de-redacao (23 July 2026); https://funag.gov.br/manual/index.php?title=Top%C3%B4nimos_e_gent%C3%ADlicos (revision 684, checked 7 October 2026)",o Burundi,match,Deck-style transcription omits leading articles and pronunciation annotations.
036,BI,formal_name,República do Burundi,"https://www.gov.br/mre/pt-br/arquivos/manual-de-redacao (23 July 2026); https://funag.gov.br/manual/index.php?title=Top%C3%B4nimos_e_gent%C3%ADlicos (revision 684, checked 7 October 2026)",a República do Burundi [pronúncia: Burúndi],match,Deck-style transcription omits leading articles and pronunciation annotations.
036,BI,name_label,<absent>,"https://www.gov.br/mre/pt-br/arquivos/manual-de-redacao (23 July 2026); https://funag.gov.br/manual/index.php?title=Top%C3%B4nimos_e_gent%C3%ADlicos (revision 684, checked 7 October 2026)",<absent>,absence checked,No established locale value in the audited source/fallback record.
036,BI,capitals[0].name,Gitega,"https://www.gov.br/mre/pt-br/arquivos/manual-de-redacao (23 July 2026); https://funag.gov.br/manual/index.php?title=Top%C3%B4nimos_e_gent%C3%ADlicos (revision 684, checked 7 October 2026)",Gitega [pronúncia: Guitéga],match,The source cell covers the complete capital list; spelling and shared role were checked separately.
036,BI,capitals[0].label,<absent>,"https://www.gov.br/mre/pt-br/arquivos/manual-de-redacao (23 July 2026); https://funag.gov.br/manual/index.php?title=Top%C3%B4nimos_e_gent%C3%ADlicos (revision 684, checked 7 October 2026)",<absent>,absence checked,No capital label is present in any locale for this location.
036,BI,wikipedia,https://pt.wikipedia.org/wiki/Burundi,"https://www.wikidata.org/ ptwiki sitelink cache, refreshed 7 October 2026",https://pt.wikipedia.org/wiki/Burundi,match,Article link only; never used as the naming authority.
037,CV,name,Cabo Verde,"https://www.gov.br/mre/pt-br/arquivos/manual-de-redacao (23 July 2026); https://funag.gov.br/manual/index.php?title=Top%C3%B4nimos_e_gent%C3%ADlicos (revision 684, checked 7 October 2026)",Cabo Verde,match,Deck-style transcription omits leading articles and pronunciation annotations.
037,CV,formal_name,República de Cabo Verde,"https://www.gov.br/mre/pt-br/arquivos/manual-de-redacao (23 July 2026); https://funag.gov.br/manual/index.php?title=Top%C3%B4nimos_e_gent%C3%ADlicos (revision 684, checked 7 October 2026)",a República de Cabo Verde,match,Deck-style transcription omits leading articles and pronunciation annotations.
037,CV,name_label,<absent>,"https://www.gov.br/mre/pt-br/arquivos/manual-de-redacao (23 July 2026); https://funag.gov.br/manual/index.php?title=Top%C3%B4nimos_e_gent%C3%ADlicos (revision 684, checked 7 October 2026)",<absent>,absence checked,No established locale value in the audited source/fallback record.
037,CV,capitals[0].name,Praia,"https://www.gov.br/mre/pt-br/arquivos/manual-de-redacao (23 July 2026); https://funag.gov.br/manual/index.php?title=Top%C3%B4nimos_e_gent%C3%ADlicos (revision 684, checked 7 October 2026)",Praia,match,The source cell covers the complete capital list; spelling and shared role were checked separately.
037,CV,capitals[0].label,<absent>,"https://www.gov.br/mre/pt-br/arquivos/manual-de-redacao (23 July 2026); https://funag.gov.br/manual/index.php?title=Top%C3%B4nimos_e_gent%C3%ADlicos (revision 684, checked 7 October 2026)",<absent>,absence checked,No capital label is present in any locale for this location.
037,CV,wikipedia,https://pt.wikipedia.org/wiki/Cabo_Verde,"https://www.wikidata.org/ ptwiki sitelink cache, refreshed 7 October 2026",https://pt.wikipedia.org/wiki/Cabo_Verde,match,Article link only; never used as the naming authority.
038,KH,name,Camboja,"https://www.gov.br/mre/pt-br/arquivos/manual-de-redacao (23 July 2026); https://funag.gov.br/manual/index.php?title=Top%C3%B4nimos_e_gent%C3%ADlicos (revision 684, checked 7 October 2026)",o Camboja,match,Deck-style transcription omits leading articles and pronunciation annotations.
038,KH,formal_name,Reino do Camboja,"https://www.gov.br/mre/pt-br/arquivos/manual-de-redacao (23 July 2026); https://funag.gov.br/manual/index.php?title=Top%C3%B4nimos_e_gent%C3%ADlicos (revision 684, checked 7 October 2026)",o Reino do Camboja,match,Deck-style transcription omits leading articles and pronunciation annotations.
038,KH,name_label,<absent>,"https://www.gov.br/mre/pt-br/arquivos/manual-de-redacao (23 July 2026); https://funag.gov.br/manual/index.php?title=Top%C3%B4nimos_e_gent%C3%ADlicos (revision 684, checked 7 October 2026)",<absent>,absence checked,No established locale value in the audited source/fallback record.
038,KH,capitals[0].name,Phnom Penh,"https://www.gov.br/mre/pt-br/arquivos/manual-de-redacao (23 July 2026); https://funag.gov.br/manual/index.php?title=Top%C3%B4nimos_e_gent%C3%ADlicos (revision 684, checked 7 October 2026)",Phnom Penh [pronúncia: Pnom Pen],match,The source cell covers the complete capital list; spelling and shared role were checked separately.
038,KH,capitals[0].label,<absent>,"https://www.gov.br/mre/pt-br/arquivos/manual-de-redacao (23 July 2026); https://funag.gov.br/manual/index.php?title=Top%C3%B4nimos_e_gent%C3%ADlicos (revision 684, checked 7 October 2026)",<absent>,absence checked,No capital label is present in any locale for this location.
038,KH,wikipedia,https://pt.wikipedia.org/wiki/Camboja,"https://www.wikidata.org/ ptwiki sitelink cache, refreshed 7 October 2026",https://pt.wikipedia.org/wiki/Camboja,match,Article link only; never used as the naming authority.
039,CM,name,Camarões / Cameroun,"https://www.gov.br/mre/pt-br/arquivos/manual-de-redacao (23 July 2026); https://funag.gov.br/manual/index.php?title=Top%C3%B4nimos_e_gent%C3%ADlicos (revision 684, checked 7 October 2026)",os Camarões ou o Cameroun,match,Deck-style transcription omits leading articles and pronunciation annotations.
039,CM,formal_name,República dos Camarões / República do Cameroun,"https://www.gov.br/mre/pt-br/arquivos/manual-de-redacao (23 July 2026); https://funag.gov.br/manual/index.php?title=Top%C3%B4nimos_e_gent%C3%ADlicos (revision 684, checked 7 October 2026)",a República dos Camarões ou a República do Cameroun [pronúncia: Camerún],match,Deck-style transcription omits leading articles and pronunciation annotations.
039,CM,name_label,<absent>,"https://www.gov.br/mre/pt-br/arquivos/manual-de-redacao (23 July 2026); https://funag.gov.br/manual/index.php?title=Top%C3%B4nimos_e_gent%C3%ADlicos (revision 684, checked 7 October 2026)",<absent>,absence checked,No established locale value in the audited source/fallback record.
039,CM,capitals[0].name,Iaundê,"https://www.gov.br/mre/pt-br/arquivos/manual-de-redacao (23 July 2026); https://funag.gov.br/manual/index.php?title=Top%C3%B4nimos_e_gent%C3%ADlicos (revision 684, checked 7 October 2026)",Iaundê,match,The source cell covers the complete capital list; spelling and shared role were checked separately.
039,CM,capitals[0].label,<absent>,"https://www.gov.br/mre/pt-br/arquivos/manual-de-redacao (23 July 2026); https://funag.gov.br/manual/index.php?title=Top%C3%B4nimos_e_gent%C3%ADlicos (revision 684, checked 7 October 2026)",<absent>,absence checked,No capital label is present in any locale for this location.
039,CM,wikipedia,https://pt.wikipedia.org/wiki/Camarões,"https://www.wikidata.org/ ptwiki sitelink cache, refreshed 7 October 2026",https://pt.wikipedia.org/wiki/Camarões,match,Article link only; never used as the naming authority.
040,CA,name,Canadá,"https://www.gov.br/mre/pt-br/arquivos/manual-de-redacao (23 July 2026); https://funag.gov.br/manual/index.php?title=Top%C3%B4nimos_e_gent%C3%ADlicos (revision 684, checked 7 October 2026)",o Canadá,match,Deck-style transcription omits leading articles and pronunciation annotations.
040,CA,formal_name,<absent>,"https://www.gov.br/mre/pt-br/arquivos/manual-de-redacao (23 July 2026); https://funag.gov.br/manual/index.php?title=Top%C3%B4nimos_e_gent%C3%ADlicos (revision 684, checked 7 October 2026)",o Canadá,absence checked,No established locale value in the audited source/fallback record.
040,CA,name_label,<absent>,"https://www.gov.br/mre/pt-br/arquivos/manual-de-redacao (23 July 2026); https://funag.gov.br/manual/index.php?title=Top%C3%B4nimos_e_gent%C3%ADlicos (revision 684, checked 7 October 2026)",<absent>,absence checked,No established locale value in the audited source/fallback record.
040,CA,capitals[0].name,Ottawa,"https://www.gov.br/mre/pt-br/arquivos/manual-de-redacao (23 July 2026); https://funag.gov.br/manual/index.php?title=Top%C3%B4nimos_e_gent%C3%ADlicos (revision 684, checked 7 October 2026)",Ottawa,match,The source cell covers the complete capital list; spelling and shared role were checked separately.
040,CA,capitals[0].label,<absent>,"https://www.gov.br/mre/pt-br/arquivos/manual-de-redacao (23 July 2026); https://funag.gov.br/manual/index.php?title=Top%C3%B4nimos_e_gent%C3%ADlicos (revision 684, checked 7 October 2026)",<absent>,absence checked,No capital label is present in any locale for this location.
040,CA,wikipedia,https://pt.wikipedia.org/wiki/Canadá,"https://www.wikidata.org/ ptwiki sitelink cache, refreshed 7 October 2026",https://pt.wikipedia.org/wiki/Canadá,match,Article link only; never used as the naming authority.
041,KY,name,Ilhas Cayman,"https://www.gov.br/sped/pt-br/assuntos/escrituracoes-digitais/e-financeira/manuais-e-documento-tecnicos/tabelas-de-codigos/paises/@@download/file (Receita Federal e-Financeira territory table, modified 29 May 2026; checked 8 October 2026); https://www.iso.org/obp/ui/#iso:code:3166:KY (ISO 3166 Online Browsing Platform, maintained online; checked 8 October 2026)",Receita Federal: Ilhas Cayman,match,
041,KY,formal_name,<absent>,"https://www.gov.br/sped/pt-br/assuntos/escrituracoes-digitais/e-financeira/manuais-e-documento-tecnicos/tabelas-de-codigos/paises/@@download/file (Receita Federal e-Financeira territory table, modified 29 May 2026; checked 8 October 2026); https://www.iso.org/obp/ui/#iso:code:3166:KY (ISO 3166 Online Browsing Platform, maintained online; checked 8 October 2026)",No distinct pt-BR formal form in the checked Brazilian/ISO records,absence checked,A formal-name key is deliberately omitted rather than translated without a source.
041,KY,name_label,<absent>,"https://www.gov.br/sped/pt-br/assuntos/escrituracoes-digitais/e-financeira/manuais-e-documento-tecnicos/tabelas-de-codigos/paises/@@download/file (Receita Federal e-Financeira territory table, modified 29 May 2026; checked 8 October 2026); https://www.iso.org/obp/ui/#iso:code:3166:KY (ISO 3166 Online Browsing Platform, maintained online; checked 8 October 2026)",No alternative-name label in the checked Brazilian/ISO records,absence checked,Deliberate absence checked against the concrete fallback records.
041,KY,capitals[0].name,George Town,"https://www.gov.br/sped/pt-br/assuntos/escrituracoes-digitais/e-financeira/manuais-e-documento-tecnicos/tabelas-de-codigos/paises/@@download/file (Receita Federal e-Financeira territory table, modified 29 May 2026; checked 8 October 2026); https://www.iso.org/obp/ui/#iso:code:3166:KY (ISO 3166 Online Browsing Platform, maintained online; checked 8 October 2026); https://geonames.nga.mil/geonames/GNSHome/ (NGA Geographic Names Server, online; checked 8 October 2026)",Approved/local geographic-name form: George Town,match,
041,KY,capitals[0].label,<absent>,"https://www.gov.br/sped/pt-br/assuntos/escrituracoes-digitais/e-financeira/manuais-e-documento-tecnicos/tabelas-de-codigos/paises/@@download/file (Receita Federal e-Financeira territory table, modified 29 May 2026; checked 8 October 2026); https://www.iso.org/obp/ui/#iso:code:3166:KY (ISO 3166 Online Browsing Platform, maintained online; checked 8 October 2026)",No role qualifier in the checked naming records; shared role is generic capital,absence checked,No capital label is present in any locale for this generic shared role.
041,KY,wikipedia,https://pt.wikipedia.org/wiki/Ilhas_Cayman,"https://www.wikidata.org/ ptwiki sitelink cache, refreshed 7 October 2026",https://pt.wikipedia.org/wiki/Ilhas_Cayman,match,Article link only; never used as the naming authority.
042,CF,name,República Centro-Africana,"https://www.gov.br/mre/pt-br/arquivos/manual-de-redacao (23 July 2026); https://funag.gov.br/manual/index.php?title=Top%C3%B4nimos_e_gent%C3%ADlicos (revision 684, checked 7 October 2026)",a República Centro-Africana,match,Deck-style transcription omits leading articles and pronunciation annotations.
042,CF,formal_name,<absent>,"https://www.gov.br/mre/pt-br/arquivos/manual-de-redacao (23 July 2026); https://funag.gov.br/manual/index.php?title=Top%C3%B4nimos_e_gent%C3%ADlicos (revision 684, checked 7 October 2026)",a República Centro-Africana,absence checked,No established locale value in the audited source/fallback record.
042,CF,name_label,<absent>,"https://www.gov.br/mre/pt-br/arquivos/manual-de-redacao (23 July 2026); https://funag.gov.br/manual/index.php?title=Top%C3%B4nimos_e_gent%C3%ADlicos (revision 684, checked 7 October 2026)",<absent>,absence checked,No established locale value in the audited source/fallback record.
042,CF,capitals[0].name,Bangui,"https://www.gov.br/mre/pt-br/arquivos/manual-de-redacao (23 July 2026); https://funag.gov.br/manual/index.php?title=Top%C3%B4nimos_e_gent%C3%ADlicos (revision 684, checked 7 October 2026)",Bangui,match,The source cell covers the complete capital list; spelling and shared role were checked separately.
042,CF,capitals[0].label,<absent>,"https://www.gov.br/mre/pt-br/arquivos/manual-de-redacao (23 July 2026); https://funag.gov.br/manual/index.php?title=Top%C3%B4nimos_e_gent%C3%ADlicos (revision 684, checked 7 October 2026)",<absent>,absence checked,No capital label is present in any locale for this location.
042,CF,wikipedia,https://pt.wikipedia.org/wiki/República_Centro-Africana,"https://www.wikidata.org/ ptwiki sitelink cache, refreshed 7 October 2026",https://pt.wikipedia.org/wiki/República_Centro-Africana,match,Article link only; never used as the naming authority.
043,TD,name,Chade,"https://www.gov.br/mre/pt-br/arquivos/manual-de-redacao (23 July 2026); https://funag.gov.br/manual/index.php?title=Top%C3%B4nimos_e_gent%C3%ADlicos (revision 684, checked 7 October 2026)",o Chade,match,Deck-style transcription omits leading articles and pronunciation annotations.
043,TD,formal_name,República do Chade,"https://www.gov.br/mre/pt-br/arquivos/manual-de-redacao (23 July 2026); https://funag.gov.br/manual/index.php?title=Top%C3%B4nimos_e_gent%C3%ADlicos (revision 684, checked 7 October 2026)",a República do Chade,match,Deck-style transcription omits leading articles and pronunciation annotations.
043,TD,name_label,<absent>,"https://www.gov.br/mre/pt-br/arquivos/manual-de-redacao (23 July 2026); https://funag.gov.br/manual/index.php?title=Top%C3%B4nimos_e_gent%C3%ADlicos (revision 684, checked 7 October 2026)",<absent>,absence checked,No established locale value in the audited source/fallback record.
043,TD,capitals[0].name,N’Djamena,"https://www.gov.br/mre/pt-br/arquivos/manual-de-redacao (23 July 2026); https://funag.gov.br/manual/index.php?title=Top%C3%B4nimos_e_gent%C3%ADlicos (revision 684, checked 7 October 2026)",N'Djamena,deviation,COTW uses the typographic apostrophe.
043,TD,capitals[0].label,<absent>,"https://www.gov.br/mre/pt-br/arquivos/manual-de-redacao (23 July 2026); https://funag.gov.br/manual/index.php?title=Top%C3%B4nimos_e_gent%C3%ADlicos (revision 684, checked 7 October 2026)",<absent>,absence checked,No capital label is present in any locale for this location.
043,TD,wikipedia,https://pt.wikipedia.org/wiki/Chade,"https://www.wikidata.org/ ptwiki sitelink cache, refreshed 7 October 2026",https://pt.wikipedia.org/wiki/Chade,match,Article link only; never used as the naming authority.
044,CL,name,Chile,"https://www.gov.br/mre/pt-br/arquivos/manual-de-redacao (23 July 2026); https://funag.gov.br/manual/index.php?title=Top%C3%B4nimos_e_gent%C3%ADlicos (revision 684, checked 7 October 2026)",o Chile,match,Deck-style transcription omits leading articles and pronunciation annotations.
044,CL,formal_name,República do Chile,"https://www.gov.br/mre/pt-br/arquivos/manual-de-redacao (23 July 2026); https://funag.gov.br/manual/index.php?title=Top%C3%B4nimos_e_gent%C3%ADlicos (revision 684, checked 7 October 2026)",a República do Chile,match,Deck-style transcription omits leading articles and pronunciation annotations.
044,CL,name_label,<absent>,"https://www.gov.br/mre/pt-br/arquivos/manual-de-redacao (23 July 2026); https://funag.gov.br/manual/index.php?title=Top%C3%B4nimos_e_gent%C3%ADlicos (revision 684, checked 7 October 2026)",<absent>,absence checked,No established locale value in the audited source/fallback record.
044,CL,capitals[0].name,Santiago,"https://www.gov.br/mre/pt-br/arquivos/manual-de-redacao (23 July 2026); https://funag.gov.br/manual/index.php?title=Top%C3%B4nimos_e_gent%C3%ADlicos (revision 684, checked 7 October 2026)",Santiago,match,The source cell covers the complete capital list; spelling and shared role were checked separately.
044,CL,capitals[0].label,<absent>,"https://www.gov.br/mre/pt-br/arquivos/manual-de-redacao (23 July 2026); https://funag.gov.br/manual/index.php?title=Top%C3%B4nimos_e_gent%C3%ADlicos (revision 684, checked 7 October 2026)",<absent>,absence checked,No capital label is present in any locale for this location.
044,CL,wikipedia,https://pt.wikipedia.org/wiki/Chile,"https://www.wikidata.org/ ptwiki sitelink cache, refreshed 7 October 2026",https://pt.wikipedia.org/wiki/Chile,match,Article link only; never used as the naming authority.
045,CN,name,China,"https://www.gov.br/mre/pt-br/arquivos/manual-de-redacao (23 July 2026); https://funag.gov.br/manual/index.php?title=Top%C3%B4nimos_e_gent%C3%ADlicos (revision 684, checked 7 October 2026)",a China,match,Deck-style transcription omits leading articles and pronunciation annotations.
045,CN,formal_name,República Popular da China,"https://www.gov.br/mre/pt-br/arquivos/manual-de-redacao (23 July 2026); https://funag.gov.br/manual/index.php?title=Top%C3%B4nimos_e_gent%C3%ADlicos (revision 684, checked 7 October 2026)",a República Popular da China,match,Deck-style transcription omits leading articles and pronunciation annotations.
045,CN,name_label,<absent>,"https://www.gov.br/mre/pt-br/arquivos/manual-de-redacao (23 July 2026); https://funag.gov.br/manual/index.php?title=Top%C3%B4nimos_e_gent%C3%ADlicos (revision 684, checked 7 October 2026)",<absent>,absence checked,No established locale value in the audited source/fallback record.
045,CN,capitals[0].name,Pequim,"https://www.gov.br/mre/pt-br/arquivos/manual-de-redacao (23 July 2026); https://funag.gov.br/manual/index.php?title=Top%C3%B4nimos_e_gent%C3%ADlicos (revision 684, checked 7 October 2026)",Pequim,match,The source cell covers the complete capital list; spelling and shared role were checked separately.
045,CN,capitals[0].label,<absent>,"https://www.gov.br/mre/pt-br/arquivos/manual-de-redacao (23 July 2026); https://funag.gov.br/manual/index.php?title=Top%C3%B4nimos_e_gent%C3%ADlicos (revision 684, checked 7 October 2026)",<absent>,absence checked,No capital label is present in any locale for this location.
045,CN,wikipedia,https://pt.wikipedia.org/wiki/China,"https://www.wikidata.org/ ptwiki sitelink cache, refreshed 7 October 2026",https://pt.wikipedia.org/wiki/China,match,Article link only; never used as the naming authority.
046,CX,name,Ilha Natal,"https://www.gov.br/sped/pt-br/assuntos/escrituracoes-digitais/e-financeira/manuais-e-documento-tecnicos/tabelas-de-codigos/paises/@@download/file (Receita Federal e-Financeira territory table, modified 29 May 2026; checked 8 October 2026); https://www.iso.org/obp/ui/#iso:code:3166:CX (ISO 3166 Online Browsing Platform, maintained online; checked 8 October 2026)",Receita Federal: Ilha Natal,match,Adopted the cited Brazilian fallback form exactly.
046,CX,formal_name,<absent>,"https://www.gov.br/sped/pt-br/assuntos/escrituracoes-digitais/e-financeira/manuais-e-documento-tecnicos/tabelas-de-codigos/paises/@@download/file (Receita Federal e-Financeira territory table, modified 29 May 2026; checked 8 October 2026); https://www.iso.org/obp/ui/#iso:code:3166:CX (ISO 3166 Online Browsing Platform, maintained online; checked 8 October 2026)",No established pt-BR formal form in the checked Brazilian/constitutional records,absence checked,The unsourced translation is deliberately omitted; another locale’s formal name is never used as fallback.
046,CX,name_label,<absent>,"https://www.gov.br/sped/pt-br/assuntos/escrituracoes-digitais/e-financeira/manuais-e-documento-tecnicos/tabelas-de-codigos/paises/@@download/file (Receita Federal e-Financeira territory table, modified 29 May 2026; checked 8 October 2026); https://www.iso.org/obp/ui/#iso:code:3166:CX (ISO 3166 Online Browsing Platform, maintained online; checked 8 October 2026)",No alternative-name label in the checked Brazilian/ISO records,absence checked,Deliberate absence checked against the concrete fallback records.
046,CX,capitals[0].name,Flying Fish Cove,"https://www.gov.br/sped/pt-br/assuntos/escrituracoes-digitais/e-financeira/manuais-e-documento-tecnicos/tabelas-de-codigos/paises/@@download/file (Receita Federal e-Financeira territory table, modified 29 May 2026; checked 8 October 2026); https://www.iso.org/obp/ui/#iso:code:3166:CX (ISO 3166 Online Browsing Platform, maintained online; checked 8 October 2026); https://geonames.nga.mil/geonames/GNSHome/ (NGA Geographic Names Server, online; checked 8 October 2026)",Approved/local geographic-name form: Flying Fish Cove,match,
046,CX,capitals[0].label,<absent>,"https://www.gov.br/sped/pt-br/assuntos/escrituracoes-digitais/e-financeira/manuais-e-documento-tecnicos/tabelas-de-codigos/paises/@@download/file (Receita Federal e-Financeira territory table, modified 29 May 2026; checked 8 October 2026); https://www.iso.org/obp/ui/#iso:code:3166:CX (ISO 3166 Online Browsing Platform, maintained online; checked 8 October 2026)",No role qualifier in the checked naming records; shared role is generic capital,absence checked,No capital label is present in any locale for this generic shared role.
046,CX,wikipedia,https://pt.wikipedia.org/wiki/Ilha_Christmas,"https://www.wikidata.org/ ptwiki sitelink cache, refreshed 7 October 2026",https://pt.wikipedia.org/wiki/Ilha_Christmas,match,Article link only; never used as the naming authority.
047,CC,name,Ilhas Cocos,"https://www.gov.br/sped/pt-br/assuntos/escrituracoes-digitais/e-financeira/manuais-e-documento-tecnicos/tabelas-de-codigos/paises/@@download/file (Receita Federal e-Financeira territory table, modified 29 May 2026; checked 8 October 2026); https://www.iso.org/obp/ui/#iso:code:3166:CC (ISO 3166 Online Browsing Platform, maintained online; checked 8 October 2026)",Receita Federal: Ilhas Cocos,match,Adopted the cited Brazilian fallback form exactly.
047,CC,formal_name,<absent>,"https://www.gov.br/sped/pt-br/assuntos/escrituracoes-digitais/e-financeira/manuais-e-documento-tecnicos/tabelas-de-codigos/paises/@@download/file (Receita Federal e-Financeira territory table, modified 29 May 2026; checked 8 October 2026); https://www.iso.org/obp/ui/#iso:code:3166:CC (ISO 3166 Online Browsing Platform, maintained online; checked 8 October 2026)",No distinct pt-BR formal form in the checked Brazilian/ISO records,absence checked,A formal-name key is deliberately omitted rather than translated without a source.
047,CC,name_label,<absent>,"https://www.gov.br/sped/pt-br/assuntos/escrituracoes-digitais/e-financeira/manuais-e-documento-tecnicos/tabelas-de-codigos/paises/@@download/file (Receita Federal e-Financeira territory table, modified 29 May 2026; checked 8 October 2026); https://www.iso.org/obp/ui/#iso:code:3166:CC (ISO 3166 Online Browsing Platform, maintained online; checked 8 October 2026)",No alternative-name label in the checked Brazilian/ISO records,absence checked,Deliberate absence checked against the concrete fallback records.
047,CC,capitals[0].name,West Island,"https://www.gov.br/sped/pt-br/assuntos/escrituracoes-digitais/e-financeira/manuais-e-documento-tecnicos/tabelas-de-codigos/paises/@@download/file (Receita Federal e-Financeira territory table, modified 29 May 2026; checked 8 October 2026); https://www.iso.org/obp/ui/#iso:code:3166:CC (ISO 3166 Online Browsing Platform, maintained online; checked 8 October 2026); https://geonames.nga.mil/geonames/GNSHome/ (NGA Geographic Names Server, online; checked 8 October 2026)",Approved/local geographic-name form: West Island,match,
047,CC,capitals[0].label,<absent>,"https://www.gov.br/sped/pt-br/assuntos/escrituracoes-digitais/e-financeira/manuais-e-documento-tecnicos/tabelas-de-codigos/paises/@@download/file (Receita Federal e-Financeira territory table, modified 29 May 2026; checked 8 October 2026); https://www.iso.org/obp/ui/#iso:code:3166:CC (ISO 3166 Online Browsing Platform, maintained online; checked 8 October 2026)",No role qualifier in the checked naming records; shared role is generic capital,absence checked,No capital label is present in any locale for this generic shared role.
047,CC,wikipedia,https://pt.wikipedia.org/wiki/Ilhas_Cocos_(Keeling),"https://www.wikidata.org/ ptwiki sitelink cache, refreshed 7 October 2026",https://pt.wikipedia.org/wiki/Ilhas_Cocos_(Keeling),match,Article link only; never used as the naming authority.
048,CO,name,Colômbia,"https://www.gov.br/mre/pt-br/arquivos/manual-de-redacao (23 July 2026); https://funag.gov.br/manual/index.php?title=Top%C3%B4nimos_e_gent%C3%ADlicos (revision 684, checked 7 October 2026)",a Colômbia,match,Deck-style transcription omits leading articles and pronunciation annotations.
048,CO,formal_name,República da Colômbia,"https://www.gov.br/mre/pt-br/arquivos/manual-de-redacao (23 July 2026); https://funag.gov.br/manual/index.php?title=Top%C3%B4nimos_e_gent%C3%ADlicos (revision 684, checked 7 October 2026)",a República da Colômbia,match,Deck-style transcription omits leading articles and pronunciation annotations.
048,CO,name_label,<absent>,"https://www.gov.br/mre/pt-br/arquivos/manual-de-redacao (23 July 2026); https://funag.gov.br/manual/index.php?title=Top%C3%B4nimos_e_gent%C3%ADlicos (revision 684, checked 7 October 2026)",<absent>,absence checked,No established locale value in the audited source/fallback record.
048,CO,capitals[0].name,Bogotá,"https://www.gov.br/mre/pt-br/arquivos/manual-de-redacao (23 July 2026); https://funag.gov.br/manual/index.php?title=Top%C3%B4nimos_e_gent%C3%ADlicos (revision 684, checked 7 October 2026)",Bogotá,match,The source cell covers the complete capital list; spelling and shared role were checked separately.
048,CO,capitals[0].label,<absent>,"https://www.gov.br/mre/pt-br/arquivos/manual-de-redacao (23 July 2026); https://funag.gov.br/manual/index.php?title=Top%C3%B4nimos_e_gent%C3%ADlicos (revision 684, checked 7 October 2026)",<absent>,absence checked,No capital label is present in any locale for this location.
048,CO,wikipedia,https://pt.wikipedia.org/wiki/Colômbia,"https://www.wikidata.org/ ptwiki sitelink cache, refreshed 7 October 2026",https://pt.wikipedia.org/wiki/Colômbia,match,Article link only; never used as the naming authority.
049,KM,name,Comores,"https://www.gov.br/mre/pt-br/arquivos/manual-de-redacao (23 July 2026); https://funag.gov.br/manual/index.php?title=Top%C3%B4nimos_e_gent%C3%ADlicos (revision 684, checked 7 October 2026)",as Comores,match,Deck-style transcription omits leading articles and pronunciation annotations.
049,KM,formal_name,União das Comores,"https://www.gov.br/mre/pt-br/arquivos/manual-de-redacao (23 July 2026); https://funag.gov.br/manual/index.php?title=Top%C3%B4nimos_e_gent%C3%ADlicos (revision 684, checked 7 October 2026)",a União das Comores,match,Deck-style transcription omits leading articles and pronunciation annotations.
049,KM,name_label,<absent>,"https://www.gov.br/mre/pt-br/arquivos/manual-de-redacao (23 July 2026); https://funag.gov.br/manual/index.php?title=Top%C3%B4nimos_e_gent%C3%ADlicos (revision 684, checked 7 October 2026)",<absent>,absence checked,No established locale value in the audited source/fallback record.
049,KM,capitals[0].name,Moroni,"https://www.gov.br/mre/pt-br/arquivos/manual-de-redacao (23 July 2026); https://funag.gov.br/manual/index.php?title=Top%C3%B4nimos_e_gent%C3%ADlicos (revision 684, checked 7 October 2026)",Moroni,match,The source cell covers the complete capital list; spelling and shared role were checked separately.
049,KM,capitals[0].label,<absent>,"https://www.gov.br/mre/pt-br/arquivos/manual-de-redacao (23 July 2026); https://funag.gov.br/manual/index.php?title=Top%C3%B4nimos_e_gent%C3%ADlicos (revision 684, checked 7 October 2026)",<absent>,absence checked,No capital label is present in any locale for this location.
049,KM,wikipedia,https://pt.wikipedia.org/wiki/Comores,"https://www.wikidata.org/ ptwiki sitelink cache, refreshed 7 October 2026",https://pt.wikipedia.org/wiki/Comores,match,Article link only; never used as the naming authority.
050,CD,name,República Democrática do Congo / RDC,"https://www.gov.br/mre/pt-br/arquivos/manual-de-redacao (23 July 2026); https://funag.gov.br/manual/index.php?title=Top%C3%B4nimos_e_gent%C3%ADlicos (revision 684, checked 7 October 2026)",o Congo-Kinshasa ou a RDC,deviation,Approved official alternatives omit the capital spoiler.
050,CD,formal_name,República Democrática do Congo,"https://www.gov.br/mre/pt-br/arquivos/manual-de-redacao (23 July 2026); https://funag.gov.br/manual/index.php?title=Top%C3%B4nimos_e_gent%C3%ADlicos (revision 684, checked 7 October 2026)",a República Democrática do Congo,match,Deck-style transcription omits leading articles and pronunciation annotations.
050,CD,name_label,<absent>,"https://www.gov.br/mre/pt-br/arquivos/manual-de-redacao (23 July 2026); https://funag.gov.br/manual/index.php?title=Top%C3%B4nimos_e_gent%C3%ADlicos (revision 684, checked 7 October 2026)",<absent>,absence checked,No established locale value in the audited source/fallback record.
050,CD,capitals[0].name,Kinshasa,"https://www.gov.br/mre/pt-br/arquivos/manual-de-redacao (23 July 2026); https://funag.gov.br/manual/index.php?title=Top%C3%B4nimos_e_gent%C3%ADlicos (revision 684, checked 7 October 2026)",Kinshasa,match,The source cell covers the complete capital list; spelling and shared role were checked separately.
050,CD,capitals[0].label,<absent>,"https://www.gov.br/mre/pt-br/arquivos/manual-de-redacao (23 July 2026); https://funag.gov.br/manual/index.php?title=Top%C3%B4nimos_e_gent%C3%ADlicos (revision 684, checked 7 October 2026)",<absent>,absence checked,No capital label is present in any locale for this location.
050,CD,wikipedia,https://pt.wikipedia.org/wiki/República_Democrática_do_Congo,"https://www.wikidata.org/ ptwiki sitelink cache, refreshed 7 October 2026",https://pt.wikipedia.org/wiki/República_Democrática_do_Congo,match,Article link only; never used as the naming authority.
051,CG,name,República do Congo,"https://www.gov.br/mre/pt-br/arquivos/manual-de-redacao (23 July 2026); https://funag.gov.br/manual/index.php?title=Top%C3%B4nimos_e_gent%C3%ADlicos (revision 684, checked 7 October 2026)",o Congo-Brazzaville ou a República do Congo,deviation,Approved official form omits the capital spoiler.
051,CG,formal_name,República do Congo,"https://www.gov.br/mre/pt-br/arquivos/manual-de-redacao (23 July 2026); https://funag.gov.br/manual/index.php?title=Top%C3%B4nimos_e_gent%C3%ADlicos (revision 684, checked 7 October 2026)",a República do Congo,match,Deck-style transcription omits leading articles and pronunciation annotations.
051,CG,name_label,<absent>,"https://www.gov.br/mre/pt-br/arquivos/manual-de-redacao (23 July 2026); https://funag.gov.br/manual/index.php?title=Top%C3%B4nimos_e_gent%C3%ADlicos (revision 684, checked 7 October 2026)",<absent>,absence checked,No established locale value in the audited source/fallback record.
051,CG,capitals[0].name,Brazzaville,"https://www.gov.br/mre/pt-br/arquivos/manual-de-redacao (23 July 2026); https://funag.gov.br/manual/index.php?title=Top%C3%B4nimos_e_gent%C3%ADlicos (revision 684, checked 7 October 2026)",Brazzaville,match,The source cell covers the complete capital list; spelling and shared role were checked separately.
051,CG,capitals[0].label,<absent>,"https://www.gov.br/mre/pt-br/arquivos/manual-de-redacao (23 July 2026); https://funag.gov.br/manual/index.php?title=Top%C3%B4nimos_e_gent%C3%ADlicos (revision 684, checked 7 October 2026)",<absent>,absence checked,No capital label is present in any locale for this location.
051,CG,wikipedia,https://pt.wikipedia.org/wiki/República_do_Congo,"https://www.wikidata.org/ ptwiki sitelink cache, refreshed 7 October 2026",https://pt.wikipedia.org/wiki/República_do_Congo,match,Article link only; never used as the naming authority.
052,CK,name,Ilhas Cook,"https://www.gov.br/mre/pt-br/arquivos/manual-de-redacao (23 July 2026); https://funag.gov.br/manual/index.php?title=Top%C3%B4nimos_e_gent%C3%ADlicos (revision 684, checked 7 October 2026)",as Ilhas Cook,match,Deck-style transcription omits leading articles and pronunciation annotations.
052,CK,formal_name,<absent>,"https://www.gov.br/mre/pt-br/arquivos/manual-de-redacao (23 July 2026); https://funag.gov.br/manual/index.php?title=Top%C3%B4nimos_e_gent%C3%ADlicos (revision 684, checked 7 October 2026)",as Ilhas Cook,absence checked,No established locale value in the audited source/fallback record.
052,CK,name_label,<absent>,"https://www.gov.br/mre/pt-br/arquivos/manual-de-redacao (23 July 2026); https://funag.gov.br/manual/index.php?title=Top%C3%B4nimos_e_gent%C3%ADlicos (revision 684, checked 7 October 2026)",<absent>,absence checked,No established locale value in the audited source/fallback record.
052,CK,capitals[0].name,Avarua,"https://www.gov.br/mre/pt-br/arquivos/manual-de-redacao (23 July 2026); https://funag.gov.br/manual/index.php?title=Top%C3%B4nimos_e_gent%C3%ADlicos (revision 684, checked 7 October 2026)",Avarua,match,The source cell covers the complete capital list; spelling and shared role were checked separately.
052,CK,capitals[0].label,<absent>,"https://www.gov.br/mre/pt-br/arquivos/manual-de-redacao (23 July 2026); https://funag.gov.br/manual/index.php?title=Top%C3%B4nimos_e_gent%C3%ADlicos (revision 684, checked 7 October 2026)",<absent>,absence checked,No capital label is present in any locale for this location.
052,CK,wikipedia,https://pt.wikipedia.org/wiki/Ilhas_Cook,"https://www.wikidata.org/ ptwiki sitelink cache, refreshed 7 October 2026",https://pt.wikipedia.org/wiki/Ilhas_Cook,match,Article link only; never used as the naming authority.
053,CR,name,Costa Rica,"https://www.gov.br/mre/pt-br/arquivos/manual-de-redacao (23 July 2026); https://funag.gov.br/manual/index.php?title=Top%C3%B4nimos_e_gent%C3%ADlicos (revision 684, checked 7 October 2026)",a Costa Rica,match,Deck-style transcription omits leading articles and pronunciation annotations.
053,CR,formal_name,República da Costa Rica,"https://www.gov.br/mre/pt-br/arquivos/manual-de-redacao (23 July 2026); https://funag.gov.br/manual/index.php?title=Top%C3%B4nimos_e_gent%C3%ADlicos (revision 684, checked 7 October 2026)",a República da Costa Rica,match,Deck-style transcription omits leading articles and pronunciation annotations.
053,CR,name_label,<absent>,"https://www.gov.br/mre/pt-br/arquivos/manual-de-redacao (23 July 2026); https://funag.gov.br/manual/index.php?title=Top%C3%B4nimos_e_gent%C3%ADlicos (revision 684, checked 7 October 2026)",<absent>,absence checked,No established locale value in the audited source/fallback record.
053,CR,capitals[0].name,São José,"https://www.gov.br/mre/pt-br/arquivos/manual-de-redacao (23 July 2026); https://funag.gov.br/manual/index.php?title=Top%C3%B4nimos_e_gent%C3%ADlicos (revision 684, checked 7 October 2026)",São José,match,The source cell covers the complete capital list; spelling and shared role were checked separately.
053,CR,capitals[0].label,<absent>,"https://www.gov.br/mre/pt-br/arquivos/manual-de-redacao (23 July 2026); https://funag.gov.br/manual/index.php?title=Top%C3%B4nimos_e_gent%C3%ADlicos (revision 684, checked 7 October 2026)",<absent>,absence checked,No capital label is present in any locale for this location.
053,CR,wikipedia,https://pt.wikipedia.org/wiki/Costa_Rica,"https://www.wikidata.org/ ptwiki sitelink cache, refreshed 7 October 2026",https://pt.wikipedia.org/wiki/Costa_Rica,match,Article link only; never used as the naming authority.
054,CI,name,Costa do Marfim / Côte d’Ivoire,"https://www.gov.br/mre/pt-br/arquivos/manual-de-redacao (23 July 2026); https://funag.gov.br/manual/index.php?title=Top%C3%B4nimos_e_gent%C3%ADlicos (revision 684, checked 7 October 2026)",a Costa do Marfim ou a Côte d'Ivoire,match,Deck-style transcription omits leading articles and pronunciation annotations.
054,CI,formal_name,República da Côte d’Ivoire (Costa do Marfim),"https://www.gov.br/mre/pt-br/arquivos/manual-de-redacao (23 July 2026); https://funag.gov.br/manual/index.php?title=Top%C3%B4nimos_e_gent%C3%ADlicos (revision 684, checked 7 October 2026)",a República da Côte d'Ivoire ou a República da Côte d'Ivoire (Costa do Marfim),match,Deck-style transcription omits leading articles and pronunciation annotations.
054,CI,name_label,<absent>,"https://www.gov.br/mre/pt-br/arquivos/manual-de-redacao (23 July 2026); https://funag.gov.br/manual/index.php?title=Top%C3%B4nimos_e_gent%C3%ADlicos (revision 684, checked 7 October 2026)",<absent>,absence checked,No established locale value in the audited source/fallback record.
054,CI,capitals[0].name,Yamoussoukro,"https://www.gov.br/mre/pt-br/arquivos/manual-de-redacao (23 July 2026); https://funag.gov.br/manual/index.php?title=Top%C3%B4nimos_e_gent%C3%ADlicos (revision 684, checked 7 October 2026)","Yamoussoukro (oficial), Abidjã (de facto)",match,The source cell covers the complete capital list; spelling and shared role were checked separately.
054,CI,capitals[0].label,capital,"https://www.gov.br/mre/pt-br/arquivos/manual-de-redacao (23 July 2026); https://funag.gov.br/manual/index.php?title=Top%C3%B4nimos_e_gent%C3%ADlicos (revision 684, checked 7 October 2026)",oficial,deviation,Translated from the post-correction shared capital role/detail on main; contributor-only role detail was not restored.
054,CI,capitals[1].name,Abidjã,"https://www.gov.br/mre/pt-br/arquivos/manual-de-redacao (23 July 2026); https://funag.gov.br/manual/index.php?title=Top%C3%B4nimos_e_gent%C3%ADlicos (revision 684, checked 7 October 2026)","Yamoussoukro (oficial), Abidjã (de facto)",match,The source cell covers the complete capital list; spelling and shared role were checked separately.
054,CI,capitals[1].label,sede do governo,"https://www.gov.br/mre/pt-br/arquivos/manual-de-redacao (23 July 2026); https://funag.gov.br/manual/index.php?title=Top%C3%B4nimos_e_gent%C3%ADlicos (revision 684, checked 7 October 2026)","Yamoussoukro (oficial), Abidjã (de facto)",match,The source cell covers the complete capital list; spelling and shared role were checked separately.
054,CI,wikipedia,https://pt.wikipedia.org/wiki/Costa_do_Marfim,"https://www.wikidata.org/ ptwiki sitelink cache, refreshed 7 October 2026",https://pt.wikipedia.org/wiki/Costa_do_Marfim,match,Article link only; never used as the naming authority.
055,HR,name,Croácia,"https://www.gov.br/mre/pt-br/arquivos/manual-de-redacao (23 July 2026); https://funag.gov.br/manual/index.php?title=Top%C3%B4nimos_e_gent%C3%ADlicos (revision 684, checked 7 October 2026)",a Croácia,match,Deck-style transcription omits leading articles and pronunciation annotations.
055,HR,formal_name,República da Croácia,"https://www.gov.br/mre/pt-br/arquivos/manual-de-redacao (23 July 2026); https://funag.gov.br/manual/index.php?title=Top%C3%B4nimos_e_gent%C3%ADlicos (revision 684, checked 7 October 2026)",a República da Croácia,match,Deck-style transcription omits leading articles and pronunciation annotations.
055,HR,name_label,<absent>,"https://www.gov.br/mre/pt-br/arquivos/manual-de-redacao (23 July 2026); https://funag.gov.br/manual/index.php?title=Top%C3%B4nimos_e_gent%C3%ADlicos (revision 684, checked 7 October 2026)",<absent>,absence checked,No established locale value in the audited source/fallback record.
055,HR,capitals[0].name,Zagreb,"https://www.gov.br/mre/pt-br/arquivos/manual-de-redacao (23 July 2026); https://funag.gov.br/manual/index.php?title=Top%C3%B4nimos_e_gent%C3%ADlicos (revision 684, checked 7 October 2026)",Zagreb,match,The source cell covers the complete capital list; spelling and shared role were checked separately.
055,HR,capitals[0].label,<absent>,"https://www.gov.br/mre/pt-br/arquivos/manual-de-redacao (23 July 2026); https://funag.gov.br/manual/index.php?title=Top%C3%B4nimos_e_gent%C3%ADlicos (revision 684, checked 7 October 2026)",<absent>,absence checked,No capital label is present in any locale for this location.
055,HR,wikipedia,https://pt.wikipedia.org/wiki/Croácia,"https://www.wikidata.org/ ptwiki sitelink cache, refreshed 7 October 2026",https://pt.wikipedia.org/wiki/Croácia,match,Article link only; never used as the naming authority.
056,CU,name,Cuba,"https://www.gov.br/mre/pt-br/arquivos/manual-de-redacao (23 July 2026); https://funag.gov.br/manual/index.php?title=Top%C3%B4nimos_e_gent%C3%ADlicos (revision 684, checked 7 October 2026)",Cuba,match,Deck-style transcription omits leading articles and pronunciation annotations.
056,CU,formal_name,República de Cuba,"https://www.gov.br/mre/pt-br/arquivos/manual-de-redacao (23 July 2026); https://funag.gov.br/manual/index.php?title=Top%C3%B4nimos_e_gent%C3%ADlicos (revision 684, checked 7 October 2026)",a República de Cuba,match,Deck-style transcription omits leading articles and pronunciation annotations.
056,CU,name_label,<absent>,"https://www.gov.br/mre/pt-br/arquivos/manual-de-redacao (23 July 2026); https://funag.gov.br/manual/index.php?title=Top%C3%B4nimos_e_gent%C3%ADlicos (revision 684, checked 7 October 2026)",<absent>,absence checked,No established locale value in the audited source/fallback record.
056,CU,capitals[0].name,Havana,"https://www.gov.br/mre/pt-br/arquivos/manual-de-redacao (23 July 2026); https://funag.gov.br/manual/index.php?title=Top%C3%B4nimos_e_gent%C3%ADlicos (revision 684, checked 7 October 2026)",Havana,match,The source cell covers the complete capital list; spelling and shared role were checked separately.
056,CU,capitals[0].label,<absent>,"https://www.gov.br/mre/pt-br/arquivos/manual-de-redacao (23 July 2026); https://funag.gov.br/manual/index.php?title=Top%C3%B4nimos_e_gent%C3%ADlicos (revision 684, checked 7 October 2026)",<absent>,absence checked,No capital label is present in any locale for this location.
056,CU,wikipedia,https://pt.wikipedia.org/wiki/Cuba,"https://www.wikidata.org/ ptwiki sitelink cache, refreshed 7 October 2026",https://pt.wikipedia.org/wiki/Cuba,match,Article link only; never used as the naming authority.
057,CW,name,Curaçao,"https://funag.gov.br/manual/index.php?title=Top%C3%B4nimos_e_gent%C3%ADlicos (official FUNAG reproduction, revision 684; checked 8 October 2026); https://www.gov.br/sped/pt-br/assuntos/escrituracoes-digitais/e-financeira/manuais-e-documento-tecnicos/tabelas-de-codigos/paises/@@download/file (Receita Federal e-Financeira territory table, modified 29 May 2026; checked 8 October 2026); https://www.iso.org/obp/ui/#iso:code:3166:CW (ISO 3166 Online Browsing Platform, maintained online; checked 8 October 2026)",Receita Federal: Curaçao; FUNAG: Curaçao,match,
057,CW,formal_name,<absent>,"https://www.gov.br/sped/pt-br/assuntos/escrituracoes-digitais/e-financeira/manuais-e-documento-tecnicos/tabelas-de-codigos/paises/@@download/file (Receita Federal e-Financeira territory table, modified 29 May 2026; checked 8 October 2026); https://www.iso.org/obp/ui/#iso:code:3166:CW (ISO 3166 Online Browsing Platform, maintained online; checked 8 October 2026)",No distinct pt-BR formal form in the checked Brazilian/ISO records,absence checked,A formal-name key is deliberately omitted rather than translated without a source.
057,CW,name_label,<absent>,"https://www.gov.br/sped/pt-br/assuntos/escrituracoes-digitais/e-financeira/manuais-e-documento-tecnicos/tabelas-de-codigos/paises/@@download/file (Receita Federal e-Financeira territory table, modified 29 May 2026; checked 8 October 2026); https://www.iso.org/obp/ui/#iso:code:3166:CW (ISO 3166 Online Browsing Platform, maintained online; checked 8 October 2026)",No alternative-name label in the checked Brazilian/ISO records,absence checked,Deliberate absence checked against the concrete fallback records.
057,CW,capitals[0].name,Willemstad,"https://www.gov.br/sped/pt-br/assuntos/escrituracoes-digitais/e-financeira/manuais-e-documento-tecnicos/tabelas-de-codigos/paises/@@download/file (Receita Federal e-Financeira territory table, modified 29 May 2026; checked 8 October 2026); https://www.iso.org/obp/ui/#iso:code:3166:CW (ISO 3166 Online Browsing Platform, maintained online; checked 8 October 2026); https://geonames.nga.mil/geonames/GNSHome/ (NGA Geographic Names Server, online; checked 8 October 2026)",Approved/local geographic-name form: Willemstad,match,
057,CW,capitals[0].label,<absent>,"https://www.gov.br/sped/pt-br/assuntos/escrituracoes-digitais/e-financeira/manuais-e-documento-tecnicos/tabelas-de-codigos/paises/@@download/file (Receita Federal e-Financeira territory table, modified 29 May 2026; checked 8 October 2026); https://www.iso.org/obp/ui/#iso:code:3166:CW (ISO 3166 Online Browsing Platform, maintained online; checked 8 October 2026)",No role qualifier in the checked naming records; shared role is generic capital,absence checked,No capital label is present in any locale for this generic shared role.
057,CW,wikipedia,https://pt.wikipedia.org/wiki/Curaçau,"https://www.wikidata.org/ ptwiki sitelink cache, refreshed 7 October 2026",https://pt.wikipedia.org/wiki/Curaçau,match,Article link only; never used as the naming authority.
058,CY,name,Chipre,"https://www.gov.br/mre/pt-br/arquivos/manual-de-redacao (23 July 2026); https://funag.gov.br/manual/index.php?title=Top%C3%B4nimos_e_gent%C3%ADlicos (revision 684, checked 7 October 2026)",Chipre,match,Deck-style transcription omits leading articles and pronunciation annotations.
058,CY,formal_name,República de Chipre,"https://www.gov.br/mre/pt-br/arquivos/manual-de-redacao (23 July 2026); https://funag.gov.br/manual/index.php?title=Top%C3%B4nimos_e_gent%C3%ADlicos (revision 684, checked 7 October 2026)",a República de Chipre,match,Deck-style transcription omits leading articles and pronunciation annotations.
058,CY,name_label,<absent>,"https://www.gov.br/mre/pt-br/arquivos/manual-de-redacao (23 July 2026); https://funag.gov.br/manual/index.php?title=Top%C3%B4nimos_e_gent%C3%ADlicos (revision 684, checked 7 October 2026)",<absent>,absence checked,No established locale value in the audited source/fallback record.
058,CY,capitals[0].name,Nicósia,"https://www.gov.br/mre/pt-br/arquivos/manual-de-redacao (23 July 2026); https://funag.gov.br/manual/index.php?title=Top%C3%B4nimos_e_gent%C3%ADlicos (revision 684, checked 7 October 2026)",Nicósia,match,The source cell covers the complete capital list; spelling and shared role were checked separately.
058,CY,capitals[0].label,<absent>,"https://www.gov.br/mre/pt-br/arquivos/manual-de-redacao (23 July 2026); https://funag.gov.br/manual/index.php?title=Top%C3%B4nimos_e_gent%C3%ADlicos (revision 684, checked 7 October 2026)",<absent>,absence checked,No capital label is present in any locale for this location.
058,CY,wikipedia,https://pt.wikipedia.org/wiki/Chipre,"https://www.wikidata.org/ ptwiki sitelink cache, refreshed 7 October 2026",https://pt.wikipedia.org/wiki/Chipre,match,Article link only; never used as the naming authority.
059,CZ,name,República Tcheca / Tchéquia,"https://www.gov.br/mre/pt-br/arquivos/manual-de-redacao (23 July 2026); https://funag.gov.br/manual/index.php?title=Top%C3%B4nimos_e_gent%C3%ADlicos (revision 684, checked 7 October 2026)",a República Tcheca ou a Tchéquia,match,Deck-style transcription omits leading articles and pronunciation annotations.
059,CZ,formal_name,República Tcheca,"https://www.gov.br/mre/pt-br/arquivos/manual-de-redacao (23 July 2026); https://funag.gov.br/manual/index.php?title=Top%C3%B4nimos_e_gent%C3%ADlicos (revision 684, checked 7 October 2026)",a República Tcheca,match,Deck-style transcription omits leading articles and pronunciation annotations.
059,CZ,name_label,<absent>,"https://www.gov.br/mre/pt-br/arquivos/manual-de-redacao (23 July 2026); https://funag.gov.br/manual/index.php?title=Top%C3%B4nimos_e_gent%C3%ADlicos (revision 684, checked 7 October 2026)",<absent>,absence checked,No established locale value in the audited source/fallback record.
059,CZ,capitals[0].name,Praga,"https://www.gov.br/mre/pt-br/arquivos/manual-de-redacao (23 July 2026); https://funag.gov.br/manual/index.php?title=Top%C3%B4nimos_e_gent%C3%ADlicos (revision 684, checked 7 October 2026)",Praga,match,The source cell covers the complete capital list; spelling and shared role were checked separately.
059,CZ,capitals[0].label,<absent>,"https://www.gov.br/mre/pt-br/arquivos/manual-de-redacao (23 July 2026); https://funag.gov.br/manual/index.php?title=Top%C3%B4nimos_e_gent%C3%ADlicos (revision 684, checked 7 October 2026)",<absent>,absence checked,No capital label is present in any locale for this location.
059,CZ,wikipedia,https://pt.wikipedia.org/wiki/Chéquia,"https://www.wikidata.org/ ptwiki sitelink cache, refreshed 7 October 2026",https://pt.wikipedia.org/wiki/Chéquia,match,Article link only; never used as the naming authority.
060,DK,name,Dinamarca,"https://www.gov.br/mre/pt-br/arquivos/manual-de-redacao (23 July 2026); https://funag.gov.br/manual/index.php?title=Top%C3%B4nimos_e_gent%C3%ADlicos (revision 684, checked 7 October 2026)",a Dinamarca,match,Deck-style transcription omits leading articles and pronunciation annotations.
060,DK,formal_name,Reino da Dinamarca,"https://www.gov.br/mre/pt-br/arquivos/manual-de-redacao (23 July 2026); https://funag.gov.br/manual/index.php?title=Top%C3%B4nimos_e_gent%C3%ADlicos (revision 684, checked 7 October 2026)",o Reino da Dinamarca,match,Deck-style transcription omits leading articles and pronunciation annotations.
060,DK,name_label,<absent>,"https://www.gov.br/mre/pt-br/arquivos/manual-de-redacao (23 July 2026); https://funag.gov.br/manual/index.php?title=Top%C3%B4nimos_e_gent%C3%ADlicos (revision 684, checked 7 October 2026)",<absent>,absence checked,No established locale value in the audited source/fallback record.
060,DK,capitals[0].name,Copenhague,"https://www.gov.br/mre/pt-br/arquivos/manual-de-redacao (23 July 2026); https://funag.gov.br/manual/index.php?title=Top%C3%B4nimos_e_gent%C3%ADlicos (revision 684, checked 7 October 2026)",Copenhague,match,The source cell covers the complete capital list; spelling and shared role were checked separately.
060,DK,capitals[0].label,<absent>,"https://www.gov.br/mre/pt-br/arquivos/manual-de-redacao (23 July 2026); https://funag.gov.br/manual/index.php?title=Top%C3%B4nimos_e_gent%C3%ADlicos (revision 684, checked 7 October 2026)",<absent>,absence checked,No capital label is present in any locale for this location.
060,DK,wikipedia,https://pt.wikipedia.org/wiki/Dinamarca,"https://www.wikidata.org/ ptwiki sitelink cache, refreshed 7 October 2026",https://pt.wikipedia.org/wiki/Dinamarca,match,Article link only; never used as the naming authority.
061,DJ,name,Djibuti,"https://www.gov.br/mre/pt-br/arquivos/manual-de-redacao (23 July 2026); https://funag.gov.br/manual/index.php?title=Top%C3%B4nimos_e_gent%C3%ADlicos (revision 684, checked 7 October 2026)",o Djibouti,match,Deck-style transcription omits leading articles and pronunciation annotations.
061,DJ,formal_name,República do Djibuti,"https://www.gov.br/mre/pt-br/arquivos/manual-de-redacao (23 July 2026); https://funag.gov.br/manual/index.php?title=Top%C3%B4nimos_e_gent%C3%ADlicos (revision 684, checked 7 October 2026)",a República do Djibouti [pronúncia: Djibutí],match,Deck-style transcription omits leading articles and pronunciation annotations.
061,DJ,name_label,<absent>,"https://www.gov.br/mre/pt-br/arquivos/manual-de-redacao (23 July 2026); https://funag.gov.br/manual/index.php?title=Top%C3%B4nimos_e_gent%C3%ADlicos (revision 684, checked 7 October 2026)",<absent>,absence checked,No established locale value in the audited source/fallback record.
061,DJ,capitals[0].name,Djibuti,"https://www.gov.br/mre/pt-br/arquivos/manual-de-redacao (23 July 2026); https://funag.gov.br/manual/index.php?title=Top%C3%B4nimos_e_gent%C3%ADlicos (revision 684, checked 7 October 2026)",Djibouti,match,The source cell covers the complete capital list; spelling and shared role were checked separately.
061,DJ,capitals[0].label,<absent>,"https://www.gov.br/mre/pt-br/arquivos/manual-de-redacao (23 July 2026); https://funag.gov.br/manual/index.php?title=Top%C3%B4nimos_e_gent%C3%ADlicos (revision 684, checked 7 October 2026)",<absent>,absence checked,No capital label is present in any locale for this location.
061,DJ,wikipedia,https://pt.wikipedia.org/wiki/Djibuti,"https://www.wikidata.org/ ptwiki sitelink cache, refreshed 7 October 2026",https://pt.wikipedia.org/wiki/Djibuti,match,Article link only; never used as the naming authority.
062,DM,name,Dominica,"https://www.gov.br/mre/pt-br/arquivos/manual-de-redacao (23 July 2026); https://funag.gov.br/manual/index.php?title=Top%C3%B4nimos_e_gent%C3%ADlicos (revision 684, checked 7 October 2026)",a Dominica,match,Deck-style transcription omits leading articles and pronunciation annotations.
062,DM,formal_name,Comunidade da Dominica,"https://www.gov.br/mre/pt-br/arquivos/manual-de-redacao (23 July 2026); https://funag.gov.br/manual/index.php?title=Top%C3%B4nimos_e_gent%C3%ADlicos (revision 684, checked 7 October 2026)",a Comunidade da Dominica,match,Deck-style transcription omits leading articles and pronunciation annotations.
062,DM,name_label,<absent>,"https://www.gov.br/mre/pt-br/arquivos/manual-de-redacao (23 July 2026); https://funag.gov.br/manual/index.php?title=Top%C3%B4nimos_e_gent%C3%ADlicos (revision 684, checked 7 October 2026)",<absent>,absence checked,No established locale value in the audited source/fallback record.
062,DM,capitals[0].name,Roseau,"https://www.gov.br/mre/pt-br/arquivos/manual-de-redacao (23 July 2026); https://funag.gov.br/manual/index.php?title=Top%C3%B4nimos_e_gent%C3%ADlicos (revision 684, checked 7 October 2026)",Roseau [pronúncia: Rozô],match,The source cell covers the complete capital list; spelling and shared role were checked separately.
062,DM,capitals[0].label,<absent>,"https://www.gov.br/mre/pt-br/arquivos/manual-de-redacao (23 July 2026); https://funag.gov.br/manual/index.php?title=Top%C3%B4nimos_e_gent%C3%ADlicos (revision 684, checked 7 October 2026)",<absent>,absence checked,No capital label is present in any locale for this location.
062,DM,wikipedia,https://pt.wikipedia.org/wiki/Dominica,"https://www.wikidata.org/ ptwiki sitelink cache, refreshed 7 October 2026",https://pt.wikipedia.org/wiki/Dominica,match,Article link only; never used as the naming authority.
063,DO,name,República Dominicana,"https://www.gov.br/mre/pt-br/arquivos/manual-de-redacao (23 July 2026); https://funag.gov.br/manual/index.php?title=Top%C3%B4nimos_e_gent%C3%ADlicos (revision 684, checked 7 October 2026)",a República Dominicana,match,Deck-style transcription omits leading articles and pronunciation annotations.
063,DO,formal_name,<absent>,"https://www.gov.br/mre/pt-br/arquivos/manual-de-redacao (23 July 2026); https://funag.gov.br/manual/index.php?title=Top%C3%B4nimos_e_gent%C3%ADlicos (revision 684, checked 7 October 2026)",a República Dominicana,absence checked,No established locale value in the audited source/fallback record.
063,DO,name_label,<absent>,"https://www.gov.br/mre/pt-br/arquivos/manual-de-redacao (23 July 2026); https://funag.gov.br/manual/index.php?title=Top%C3%B4nimos_e_gent%C3%ADlicos (revision 684, checked 7 October 2026)",<absent>,absence checked,No established locale value in the audited source/fallback record.
063,DO,capitals[0].name,São Domingos,"https://www.gov.br/mre/pt-br/arquivos/manual-de-redacao (23 July 2026); https://funag.gov.br/manual/index.php?title=Top%C3%B4nimos_e_gent%C3%ADlicos (revision 684, checked 7 October 2026)",São Domingos,match,The source cell covers the complete capital list; spelling and shared role were checked separately.
063,DO,capitals[0].label,<absent>,"https://www.gov.br/mre/pt-br/arquivos/manual-de-redacao (23 July 2026); https://funag.gov.br/manual/index.php?title=Top%C3%B4nimos_e_gent%C3%ADlicos (revision 684, checked 7 October 2026)",<absent>,absence checked,No capital label is present in any locale for this location.
063,DO,wikipedia,https://pt.wikipedia.org/wiki/República_Dominicana,"https://www.wikidata.org/ ptwiki sitelink cache, refreshed 7 October 2026",https://pt.wikipedia.org/wiki/República_Dominicana,match,Article link only; never used as the naming authority.
064,EC,name,Equador,"https://www.gov.br/mre/pt-br/arquivos/manual-de-redacao (23 July 2026); https://funag.gov.br/manual/index.php?title=Top%C3%B4nimos_e_gent%C3%ADlicos (revision 684, checked 7 October 2026)",o Equador,match,Deck-style transcription omits leading articles and pronunciation annotations.
064,EC,formal_name,República do Equador,"https://www.gov.br/mre/pt-br/arquivos/manual-de-redacao (23 July 2026); https://funag.gov.br/manual/index.php?title=Top%C3%B4nimos_e_gent%C3%ADlicos (revision 684, checked 7 October 2026)",a República do Equador,match,Deck-style transcription omits leading articles and pronunciation annotations.
064,EC,name_label,<absent>,"https://www.gov.br/mre/pt-br/arquivos/manual-de-redacao (23 July 2026); https://funag.gov.br/manual/index.php?title=Top%C3%B4nimos_e_gent%C3%ADlicos (revision 684, checked 7 October 2026)",<absent>,absence checked,No established locale value in the audited source/fallback record.
064,EC,capitals[0].name,Quito,"https://www.gov.br/mre/pt-br/arquivos/manual-de-redacao (23 July 2026); https://funag.gov.br/manual/index.php?title=Top%C3%B4nimos_e_gent%C3%ADlicos (revision 684, checked 7 October 2026)",Quito,match,The source cell covers the complete capital list; spelling and shared role were checked separately.
064,EC,capitals[0].label,<absent>,"https://www.gov.br/mre/pt-br/arquivos/manual-de-redacao (23 July 2026); https://funag.gov.br/manual/index.php?title=Top%C3%B4nimos_e_gent%C3%ADlicos (revision 684, checked 7 October 2026)",<absent>,absence checked,No capital label is present in any locale for this location.
064,EC,wikipedia,https://pt.wikipedia.org/wiki/Equador,"https://www.wikidata.org/ ptwiki sitelink cache, refreshed 7 October 2026",https://pt.wikipedia.org/wiki/Equador,match,Article link only; never used as the naming authority.
065,EG,name,Egito,"https://www.gov.br/mre/pt-br/arquivos/manual-de-redacao (23 July 2026); https://funag.gov.br/manual/index.php?title=Top%C3%B4nimos_e_gent%C3%ADlicos (revision 684, checked 7 October 2026)",o Egito,match,Deck-style transcription omits leading articles and pronunciation annotations.
065,EG,formal_name,República Árabe do Egito,"https://www.gov.br/mre/pt-br/arquivos/manual-de-redacao (23 July 2026); https://funag.gov.br/manual/index.php?title=Top%C3%B4nimos_e_gent%C3%ADlicos (revision 684, checked 7 October 2026)",a República Árabe do Egito,match,Deck-style transcription omits leading articles and pronunciation annotations.
065,EG,name_label,<absent>,"https://www.gov.br/mre/pt-br/arquivos/manual-de-redacao (23 July 2026); https://funag.gov.br/manual/index.php?title=Top%C3%B4nimos_e_gent%C3%ADlicos (revision 684, checked 7 October 2026)",<absent>,absence checked,No established locale value in the audited source/fallback record.
065,EG,capitals[0].name,Cairo,"https://www.gov.br/mre/pt-br/arquivos/manual-de-redacao (23 July 2026); https://funag.gov.br/manual/index.php?title=Top%C3%B4nimos_e_gent%C3%ADlicos (revision 684, checked 7 October 2026)",Cairo,match,The source cell covers the complete capital list; spelling and shared role were checked separately.
065,EG,capitals[0].label,<absent>,"https://www.gov.br/mre/pt-br/arquivos/manual-de-redacao (23 July 2026); https://funag.gov.br/manual/index.php?title=Top%C3%B4nimos_e_gent%C3%ADlicos (revision 684, checked 7 October 2026)",<absent>,absence checked,No capital label is present in any locale for this location.
065,EG,wikipedia,https://pt.wikipedia.org/wiki/Egito,"https://www.wikidata.org/ ptwiki sitelink cache, refreshed 7 October 2026",https://pt.wikipedia.org/wiki/Egito,match,Article link only; never used as the naming authority.
066,SV,name,El Salvador,"https://www.gov.br/mre/pt-br/arquivos/manual-de-redacao (23 July 2026); https://funag.gov.br/manual/index.php?title=Top%C3%B4nimos_e_gent%C3%ADlicos (revision 684, checked 7 October 2026)",El Salvador,match,Deck-style transcription omits leading articles and pronunciation annotations.
066,SV,formal_name,República de El Salvador,"https://www.gov.br/mre/pt-br/arquivos/manual-de-redacao (23 July 2026); https://funag.gov.br/manual/index.php?title=Top%C3%B4nimos_e_gent%C3%ADlicos (revision 684, checked 7 October 2026)",a República de El Salvador,match,Deck-style transcription omits leading articles and pronunciation annotations.
066,SV,name_label,<absent>,"https://www.gov.br/mre/pt-br/arquivos/manual-de-redacao (23 July 2026); https://funag.gov.br/manual/index.php?title=Top%C3%B4nimos_e_gent%C3%ADlicos (revision 684, checked 7 October 2026)",<absent>,absence checked,No established locale value in the audited source/fallback record.
066,SV,capitals[0].name,São Salvador,"https://www.gov.br/mre/pt-br/arquivos/manual-de-redacao (23 July 2026); https://funag.gov.br/manual/index.php?title=Top%C3%B4nimos_e_gent%C3%ADlicos (revision 684, checked 7 October 2026)",São Salvador,match,The source cell covers the complete capital list; spelling and shared role were checked separately.
066,SV,capitals[0].label,<absent>,"https://www.gov.br/mre/pt-br/arquivos/manual-de-redacao (23 July 2026); https://funag.gov.br/manual/index.php?title=Top%C3%B4nimos_e_gent%C3%ADlicos (revision 684, checked 7 October 2026)",<absent>,absence checked,No capital label is present in any locale for this location.
066,SV,wikipedia,https://pt.wikipedia.org/wiki/El_Salvador,"https://www.wikidata.org/ ptwiki sitelink cache, refreshed 7 October 2026",https://pt.wikipedia.org/wiki/El_Salvador,match,Article link only; never used as the naming authority.
067,GQ,name,Guiné Equatorial,"https://www.gov.br/mre/pt-br/arquivos/manual-de-redacao (23 July 2026); https://funag.gov.br/manual/index.php?title=Top%C3%B4nimos_e_gent%C3%ADlicos (revision 684, checked 7 October 2026)",a Guiné Equatorial,match,Deck-style transcription omits leading articles and pronunciation annotations.
067,GQ,formal_name,República da Guiné Equatorial,"https://www.gov.br/mre/pt-br/arquivos/manual-de-redacao (23 July 2026); https://funag.gov.br/manual/index.php?title=Top%C3%B4nimos_e_gent%C3%ADlicos (revision 684, checked 7 October 2026)",a República da Guiné Equatorial,match,Deck-style transcription omits leading articles and pronunciation annotations.
067,GQ,name_label,<absent>,"https://www.gov.br/mre/pt-br/arquivos/manual-de-redacao (23 July 2026); https://funag.gov.br/manual/index.php?title=Top%C3%B4nimos_e_gent%C3%ADlicos (revision 684, checked 7 October 2026)",<absent>,absence checked,No established locale value in the audited source/fallback record.
067,GQ,capitals[0].name,Ciudad de la Paz,"https://www.gov.br/mre/pt-br/arquivos/manual-de-redacao (23 July 2026); https://funag.gov.br/manual/index.php?title=Top%C3%B4nimos_e_gent%C3%ADlicos (revision 684, checked 7 October 2026)",Ciudad de la Paz,match,The source cell covers the complete capital list; spelling and shared role were checked separately.
067,GQ,capitals[0].label,capital,"https://www.gov.br/mre/pt-br/arquivos/manual-de-redacao (23 July 2026); https://funag.gov.br/manual/index.php?title=Top%C3%B4nimos_e_gent%C3%ADlicos (revision 684, checked 7 October 2026)",oficial,deviation,Translated from the post-correction shared capital role/detail on main; contributor-only role detail was not restored.
067,GQ,capitals[1].name,Malabo,"https://www.gov.br/mre/pt-br/arquivos/manual-de-redacao (23 July 2026); https://funag.gov.br/manual/index.php?title=Top%C3%B4nimos_e_gent%C3%ADlicos (revision 684, checked 7 October 2026)",Ciudad de la Paz,match,The source cell covers the complete capital list; spelling and shared role were checked separately.
067,GQ,capitals[1].label,sede do governo até a conclusão da mudança,"https://www.gov.br/mre/pt-br/arquivos/manual-de-redacao (23 July 2026); https://funag.gov.br/manual/index.php?title=Top%C3%B4nimos_e_gent%C3%ADlicos (revision 684, checked 7 October 2026)",sede do governo,deviation,Translated from the post-correction shared capital role/detail on main; contributor-only role detail was not restored.
067,GQ,wikipedia,https://pt.wikipedia.org/wiki/Guiné_Equatorial,"https://www.wikidata.org/ ptwiki sitelink cache, refreshed 7 October 2026",https://pt.wikipedia.org/wiki/Guiné_Equatorial,match,Article link only; never used as the naming authority.
068,ER,name,Eritreia,"https://www.gov.br/mre/pt-br/arquivos/manual-de-redacao (23 July 2026); https://funag.gov.br/manual/index.php?title=Top%C3%B4nimos_e_gent%C3%ADlicos (revision 684, checked 7 October 2026)",a Eritreia,match,Deck-style transcription omits leading articles and pronunciation annotations.
068,ER,formal_name,Estado da Eritreia,"https://www.gov.br/mre/pt-br/arquivos/manual-de-redacao (23 July 2026); https://funag.gov.br/manual/index.php?title=Top%C3%B4nimos_e_gent%C3%ADlicos (revision 684, checked 7 October 2026)",o Estado da Eritreia,match,Deck-style transcription omits leading articles and pronunciation annotations.
068,ER,name_label,<absent>,"https://www.gov.br/mre/pt-br/arquivos/manual-de-redacao (23 July 2026); https://funag.gov.br/manual/index.php?title=Top%C3%B4nimos_e_gent%C3%ADlicos (revision 684, checked 7 October 2026)",<absent>,absence checked,No established locale value in the audited source/fallback record.
068,ER,capitals[0].name,Asmara,"https://www.gov.br/mre/pt-br/arquivos/manual-de-redacao (23 July 2026); https://funag.gov.br/manual/index.php?title=Top%C3%B4nimos_e_gent%C3%ADlicos (revision 684, checked 7 October 2026)",Asmara,match,The source cell covers the complete capital list; spelling and shared role were checked separately.
068,ER,capitals[0].label,<absent>,"https://www.gov.br/mre/pt-br/arquivos/manual-de-redacao (23 July 2026); https://funag.gov.br/manual/index.php?title=Top%C3%B4nimos_e_gent%C3%ADlicos (revision 684, checked 7 October 2026)",<absent>,absence checked,No capital label is present in any locale for this location.
068,ER,wikipedia,https://pt.wikipedia.org/wiki/Eritreia,"https://www.wikidata.org/ ptwiki sitelink cache, refreshed 7 October 2026",https://pt.wikipedia.org/wiki/Eritreia,match,Article link only; never used as the naming authority.
069,EE,name,Estônia,"https://www.gov.br/mre/pt-br/arquivos/manual-de-redacao (23 July 2026); https://funag.gov.br/manual/index.php?title=Top%C3%B4nimos_e_gent%C3%ADlicos (revision 684, checked 7 October 2026)",a Estônia,match,Deck-style transcription omits leading articles and pronunciation annotations.
069,EE,formal_name,República da Estônia,"https://www.gov.br/mre/pt-br/arquivos/manual-de-redacao (23 July 2026); https://funag.gov.br/manual/index.php?title=Top%C3%B4nimos_e_gent%C3%ADlicos (revision 684, checked 7 October 2026)",a República da Estônia,match,Deck-style transcription omits leading articles and pronunciation annotations.
069,EE,name_label,<absent>,"https://www.gov.br/mre/pt-br/arquivos/manual-de-redacao (23 July 2026); https://funag.gov.br/manual/index.php?title=Top%C3%B4nimos_e_gent%C3%ADlicos (revision 684, checked 7 October 2026)",<absent>,absence checked,No established locale value in the audited source/fallback record.
069,EE,capitals[0].name,Talin,"https://www.gov.br/mre/pt-br/arquivos/manual-de-redacao (23 July 2026); https://funag.gov.br/manual/index.php?title=Top%C3%B4nimos_e_gent%C3%ADlicos (revision 684, checked 7 October 2026)",Talin,match,The source cell covers the complete capital list; spelling and shared role were checked separately.
069,EE,capitals[0].label,<absent>,"https://www.gov.br/mre/pt-br/arquivos/manual-de-redacao (23 July 2026); https://funag.gov.br/manual/index.php?title=Top%C3%B4nimos_e_gent%C3%ADlicos (revision 684, checked 7 October 2026)",<absent>,absence checked,No capital label is present in any locale for this location.
069,EE,wikipedia,https://pt.wikipedia.org/wiki/Estónia,"https://www.wikidata.org/ ptwiki sitelink cache, refreshed 7 October 2026",https://pt.wikipedia.org/wiki/Estónia,match,Article link only; never used as the naming authority.
070,SZ,name,Essuatíni,"https://www.gov.br/mre/pt-br/arquivos/manual-de-redacao (23 July 2026); https://funag.gov.br/manual/index.php?title=Top%C3%B4nimos_e_gent%C3%ADlicos (revision 684, checked 7 October 2026)",Essuatíni,match,Deck-style transcription omits leading articles and pronunciation annotations.
070,SZ,formal_name,Reino de Essuatíni,"https://www.gov.br/mre/pt-br/arquivos/manual-de-redacao (23 July 2026); https://funag.gov.br/manual/index.php?title=Top%C3%B4nimos_e_gent%C3%ADlicos (revision 684, checked 7 October 2026)",Reino de Essuatíni,match,Deck-style transcription omits leading articles and pronunciation annotations.
070,SZ,name_label,antiga Suazilândia,"https://www.gov.br/mre/pt-br/arquivos/manual-de-redacao (23 July 2026); https://funag.gov.br/manual/index.php?title=Top%C3%B4nimos_e_gent%C3%ADlicos (revision 684, checked 7 October 2026)",antiga Suazilândia,match,
070,SZ,capitals[0].name,Mbabane,"https://www.gov.br/mre/pt-br/arquivos/manual-de-redacao (23 July 2026); https://funag.gov.br/manual/index.php?title=Top%C3%B4nimos_e_gent%C3%ADlicos (revision 684, checked 7 October 2026)",Mbabane,match,The source cell covers the complete capital list; spelling and shared role were checked separately.
070,SZ,capitals[0].label,capital,"https://www.gov.br/mre/pt-br/arquivos/manual-de-redacao (23 July 2026); https://funag.gov.br/manual/index.php?title=Top%C3%B4nimos_e_gent%C3%ADlicos (revision 684, checked 7 October 2026)",capital administrativa,deviation,Translated from the post-correction shared capital role/detail on main; contributor-only role detail was not restored.
070,SZ,capitals[1].name,Lobamba,"https://www.gov.br/mre/pt-br/arquivos/manual-de-redacao (23 July 2026); https://funag.gov.br/manual/index.php?title=Top%C3%B4nimos_e_gent%C3%ADlicos (revision 684, checked 7 October 2026)",Mbabane,match,The source cell covers the complete capital list; spelling and shared role were checked separately.
070,SZ,capitals[1].label,legislativa,"https://www.gov.br/mre/pt-br/arquivos/manual-de-redacao (23 July 2026); https://funag.gov.br/manual/index.php?title=Top%C3%B4nimos_e_gent%C3%ADlicos (revision 684, checked 7 October 2026)",capital legislativa e cerimonial,deviation,Translated from the post-correction shared capital role/detail on main; contributor-only role detail was not restored.
070,SZ,wikipedia,https://pt.wikipedia.org/wiki/Essuatíni,"https://www.wikidata.org/ ptwiki sitelink cache, refreshed 7 October 2026",https://pt.wikipedia.org/wiki/Essuatíni,match,Article link only; never used as the naming authority.
071,ET,name,Etiópia,"https://www.gov.br/mre/pt-br/arquivos/manual-de-redacao (23 July 2026); https://funag.gov.br/manual/index.php?title=Top%C3%B4nimos_e_gent%C3%ADlicos (revision 684, checked 7 October 2026)",a Etiópia,match,Deck-style transcription omits leading articles and pronunciation annotations.
071,ET,formal_name,República Democrática Federal da Etiópia,"https://www.gov.br/mre/pt-br/arquivos/manual-de-redacao (23 July 2026); https://funag.gov.br/manual/index.php?title=Top%C3%B4nimos_e_gent%C3%ADlicos (revision 684, checked 7 October 2026)",a República Democrática Federal da Etiópia,match,Deck-style transcription omits leading articles and pronunciation annotations.
071,ET,name_label,<absent>,"https://www.gov.br/mre/pt-br/arquivos/manual-de-redacao (23 July 2026); https://funag.gov.br/manual/index.php?title=Top%C3%B4nimos_e_gent%C3%ADlicos (revision 684, checked 7 October 2026)",<absent>,absence checked,No established locale value in the audited source/fallback record.
071,ET,capitals[0].name,Adis Abeba,"https://www.gov.br/mre/pt-br/arquivos/manual-de-redacao (23 July 2026); https://funag.gov.br/manual/index.php?title=Top%C3%B4nimos_e_gent%C3%ADlicos (revision 684, checked 7 October 2026)",Adis Abeba,match,The source cell covers the complete capital list; spelling and shared role were checked separately.
071,ET,capitals[0].label,<absent>,"https://www.gov.br/mre/pt-br/arquivos/manual-de-redacao (23 July 2026); https://funag.gov.br/manual/index.php?title=Top%C3%B4nimos_e_gent%C3%ADlicos (revision 684, checked 7 October 2026)",<absent>,absence checked,No capital label is present in any locale for this location.
071,ET,wikipedia,https://pt.wikipedia.org/wiki/Etiópia,"https://www.wikidata.org/ ptwiki sitelink cache, refreshed 7 October 2026",https://pt.wikipedia.org/wiki/Etiópia,match,Article link only; never used as the naming authority.
072,FK,name,Ilhas Malvinas,"https://funag.gov.br/manual/index.php?title=Top%C3%B4nimos_e_gent%C3%ADlicos (official FUNAG reproduction, revision 684; checked 8 October 2026); https://www.gov.br/sped/pt-br/assuntos/escrituracoes-digitais/e-financeira/manuais-e-documento-tecnicos/tabelas-de-codigos/paises/@@download/file (Receita Federal e-Financeira territory table, modified 29 May 2026; checked 8 October 2026); https://www.iso.org/obp/ui/#iso:code:3166:FK (ISO 3166 Online Browsing Platform, maintained online; checked 8 October 2026)",Receita Federal: Ilhas Falkland (Malvinas); FUNAG: Ilhas Malvinas,deviation,"Receita records “Ilhas Falkland (Malvinas)”; COTW keeps the fully reviewed pt-BR display form, with the precise difference documented in docs/data-changes.md."
072,FK,formal_name,<absent>,"https://www.gov.br/sped/pt-br/assuntos/escrituracoes-digitais/e-financeira/manuais-e-documento-tecnicos/tabelas-de-codigos/paises/@@download/file (Receita Federal e-Financeira territory table, modified 29 May 2026; checked 8 October 2026); https://www.iso.org/obp/ui/#iso:code:3166:FK (ISO 3166 Online Browsing Platform, maintained online; checked 8 October 2026)",No distinct pt-BR formal form in the checked Brazilian/ISO records,absence checked,A formal-name key is deliberately omitted rather than translated without a source.
072,FK,name_label,<absent>,"https://www.gov.br/sped/pt-br/assuntos/escrituracoes-digitais/e-financeira/manuais-e-documento-tecnicos/tabelas-de-codigos/paises/@@download/file (Receita Federal e-Financeira territory table, modified 29 May 2026; checked 8 October 2026); https://www.iso.org/obp/ui/#iso:code:3166:FK (ISO 3166 Online Browsing Platform, maintained online; checked 8 October 2026)",No alternative-name label in the checked Brazilian/ISO records,absence checked,Deliberate absence checked against the concrete fallback records.
072,FK,capitals[0].name,Stanley,"https://www.gov.br/sped/pt-br/assuntos/escrituracoes-digitais/e-financeira/manuais-e-documento-tecnicos/tabelas-de-codigos/paises/@@download/file (Receita Federal e-Financeira territory table, modified 29 May 2026; checked 8 October 2026); https://www.iso.org/obp/ui/#iso:code:3166:FK (ISO 3166 Online Browsing Platform, maintained online; checked 8 October 2026); https://geonames.nga.mil/geonames/GNSHome/ (NGA Geographic Names Server, online; checked 8 October 2026)",Approved/local geographic-name form: Stanley,match,
072,FK,capitals[0].label,<absent>,"https://www.gov.br/sped/pt-br/assuntos/escrituracoes-digitais/e-financeira/manuais-e-documento-tecnicos/tabelas-de-codigos/paises/@@download/file (Receita Federal e-Financeira territory table, modified 29 May 2026; checked 8 October 2026); https://www.iso.org/obp/ui/#iso:code:3166:FK (ISO 3166 Online Browsing Platform, maintained online; checked 8 October 2026)",No role qualifier in the checked naming records; shared role is generic capital,absence checked,No capital label is present in any locale for this generic shared role.
072,FK,wikipedia,https://pt.wikipedia.org/wiki/Ilhas_Malvinas,"https://www.wikidata.org/ ptwiki sitelink cache, refreshed 7 October 2026",https://pt.wikipedia.org/wiki/Ilhas_Malvinas,match,Article link only; never used as the naming authority.
073,FO,name,Ilhas Féroe,"https://funag.gov.br/manual/index.php?title=Top%C3%B4nimos_e_gent%C3%ADlicos (official FUNAG reproduction, revision 684; checked 8 October 2026); https://www.gov.br/sped/pt-br/assuntos/escrituracoes-digitais/e-financeira/manuais-e-documento-tecnicos/tabelas-de-codigos/paises/@@download/file (Receita Federal e-Financeira territory table, modified 29 May 2026; checked 8 October 2026); https://www.iso.org/obp/ui/#iso:code:3166:FO (ISO 3166 Online Browsing Platform, maintained online; checked 8 October 2026)",Receita Federal: Ilhas Faroes; FUNAG: Ilhas Féroe,deviation,"Receita records “Ilhas Faroes”; COTW keeps the fully reviewed pt-BR display form, with the precise difference documented in docs/data-changes.md."
073,FO,formal_name,<absent>,"https://www.gov.br/sped/pt-br/assuntos/escrituracoes-digitais/e-financeira/manuais-e-documento-tecnicos/tabelas-de-codigos/paises/@@download/file (Receita Federal e-Financeira territory table, modified 29 May 2026; checked 8 October 2026); https://www.iso.org/obp/ui/#iso:code:3166:FO (ISO 3166 Online Browsing Platform, maintained online; checked 8 October 2026)",No distinct pt-BR formal form in the checked Brazilian/ISO records,absence checked,A formal-name key is deliberately omitted rather than translated without a source.
073,FO,name_label,<absent>,"https://www.gov.br/sped/pt-br/assuntos/escrituracoes-digitais/e-financeira/manuais-e-documento-tecnicos/tabelas-de-codigos/paises/@@download/file (Receita Federal e-Financeira territory table, modified 29 May 2026; checked 8 October 2026); https://www.iso.org/obp/ui/#iso:code:3166:FO (ISO 3166 Online Browsing Platform, maintained online; checked 8 October 2026)",No alternative-name label in the checked Brazilian/ISO records,absence checked,Deliberate absence checked against the concrete fallback records.
073,FO,capitals[0].name,Tórshavn,"https://www.gov.br/sped/pt-br/assuntos/escrituracoes-digitais/e-financeira/manuais-e-documento-tecnicos/tabelas-de-codigos/paises/@@download/file (Receita Federal e-Financeira territory table, modified 29 May 2026; checked 8 October 2026); https://www.iso.org/obp/ui/#iso:code:3166:FO (ISO 3166 Online Browsing Platform, maintained online; checked 8 October 2026); https://geonames.nga.mil/geonames/GNSHome/ (NGA Geographic Names Server, online; checked 8 October 2026)",Approved/local geographic-name form: Tórshavn,match,
073,FO,capitals[0].label,<absent>,"https://www.gov.br/sped/pt-br/assuntos/escrituracoes-digitais/e-financeira/manuais-e-documento-tecnicos/tabelas-de-codigos/paises/@@download/file (Receita Federal e-Financeira territory table, modified 29 May 2026; checked 8 October 2026); https://www.iso.org/obp/ui/#iso:code:3166:FO (ISO 3166 Online Browsing Platform, maintained online; checked 8 October 2026)",No role qualifier in the checked naming records; shared role is generic capital,absence checked,No capital label is present in any locale for this generic shared role.
073,FO,wikipedia,https://pt.wikipedia.org/wiki/Ilhas_Feroe,"https://www.wikidata.org/ ptwiki sitelink cache, refreshed 7 October 2026",https://pt.wikipedia.org/wiki/Ilhas_Feroe,match,Article link only; never used as the naming authority.
074,FJ,name,Fiji,"https://www.gov.br/mre/pt-br/arquivos/manual-de-redacao (23 July 2026); https://funag.gov.br/manual/index.php?title=Top%C3%B4nimos_e_gent%C3%ADlicos (revision 684, checked 7 October 2026)",Fiji,match,Deck-style transcription omits leading articles and pronunciation annotations.
074,FJ,formal_name,República de Fiji,"https://www.gov.br/mre/pt-br/arquivos/manual-de-redacao (23 July 2026); https://funag.gov.br/manual/index.php?title=Top%C3%B4nimos_e_gent%C3%ADlicos (revision 684, checked 7 October 2026)",a República de Fiji,match,Deck-style transcription omits leading articles and pronunciation annotations.
074,FJ,name_label,<absent>,"https://www.gov.br/mre/pt-br/arquivos/manual-de-redacao (23 July 2026); https://funag.gov.br/manual/index.php?title=Top%C3%B4nimos_e_gent%C3%ADlicos (revision 684, checked 7 October 2026)",<absent>,absence checked,No established locale value in the audited source/fallback record.
074,FJ,capitals[0].name,Suva,"https://www.gov.br/mre/pt-br/arquivos/manual-de-redacao (23 July 2026); https://funag.gov.br/manual/index.php?title=Top%C3%B4nimos_e_gent%C3%ADlicos (revision 684, checked 7 October 2026)",Suva,match,The source cell covers the complete capital list; spelling and shared role were checked separately.
074,FJ,capitals[0].label,<absent>,"https://www.gov.br/mre/pt-br/arquivos/manual-de-redacao (23 July 2026); https://funag.gov.br/manual/index.php?title=Top%C3%B4nimos_e_gent%C3%ADlicos (revision 684, checked 7 October 2026)",<absent>,absence checked,No capital label is present in any locale for this location.
074,FJ,wikipedia,https://pt.wikipedia.org/wiki/Fiji,"https://www.wikidata.org/ ptwiki sitelink cache, refreshed 7 October 2026",https://pt.wikipedia.org/wiki/Fiji,match,Article link only; never used as the naming authority.
075,FI,name,Finlândia,"https://www.gov.br/mre/pt-br/arquivos/manual-de-redacao (23 July 2026); https://funag.gov.br/manual/index.php?title=Top%C3%B4nimos_e_gent%C3%ADlicos (revision 684, checked 7 October 2026)",a Finlândia,match,Deck-style transcription omits leading articles and pronunciation annotations.
075,FI,formal_name,República da Finlândia,"https://www.gov.br/mre/pt-br/arquivos/manual-de-redacao (23 July 2026); https://funag.gov.br/manual/index.php?title=Top%C3%B4nimos_e_gent%C3%ADlicos (revision 684, checked 7 October 2026)",a República da Finlândia,match,Deck-style transcription omits leading articles and pronunciation annotations.
075,FI,name_label,<absent>,"https://www.gov.br/mre/pt-br/arquivos/manual-de-redacao (23 July 2026); https://funag.gov.br/manual/index.php?title=Top%C3%B4nimos_e_gent%C3%ADlicos (revision 684, checked 7 October 2026)",<absent>,absence checked,No established locale value in the audited source/fallback record.
075,FI,capitals[0].name,Helsinque,"https://www.gov.br/mre/pt-br/arquivos/manual-de-redacao (23 July 2026); https://funag.gov.br/manual/index.php?title=Top%C3%B4nimos_e_gent%C3%ADlicos (revision 684, checked 7 October 2026)",Helsinque,match,The source cell covers the complete capital list; spelling and shared role were checked separately.
075,FI,capitals[0].label,<absent>,"https://www.gov.br/mre/pt-br/arquivos/manual-de-redacao (23 July 2026); https://funag.gov.br/manual/index.php?title=Top%C3%B4nimos_e_gent%C3%ADlicos (revision 684, checked 7 October 2026)",<absent>,absence checked,No capital label is present in any locale for this location.
075,FI,wikipedia,https://pt.wikipedia.org/wiki/Finlândia,"https://www.wikidata.org/ ptwiki sitelink cache, refreshed 7 October 2026",https://pt.wikipedia.org/wiki/Finlândia,match,Article link only; never used as the naming authority.
076,FR,name,França,"https://www.gov.br/mre/pt-br/arquivos/manual-de-redacao (23 July 2026); https://funag.gov.br/manual/index.php?title=Top%C3%B4nimos_e_gent%C3%ADlicos (revision 684, checked 7 October 2026)",a França,match,Deck-style transcription omits leading articles and pronunciation annotations.
076,FR,formal_name,República Francesa,"https://www.gov.br/mre/pt-br/arquivos/manual-de-redacao (23 July 2026); https://funag.gov.br/manual/index.php?title=Top%C3%B4nimos_e_gent%C3%ADlicos (revision 684, checked 7 October 2026)",a República Francesa,match,Deck-style transcription omits leading articles and pronunciation annotations.
076,FR,name_label,<absent>,"https://www.gov.br/mre/pt-br/arquivos/manual-de-redacao (23 July 2026); https://funag.gov.br/manual/index.php?title=Top%C3%B4nimos_e_gent%C3%ADlicos (revision 684, checked 7 October 2026)",<absent>,absence checked,No established locale value in the audited source/fallback record.
076,FR,capitals[0].name,Paris,"https://www.gov.br/mre/pt-br/arquivos/manual-de-redacao (23 July 2026); https://funag.gov.br/manual/index.php?title=Top%C3%B4nimos_e_gent%C3%ADlicos (revision 684, checked 7 October 2026)",Paris,match,The source cell covers the complete capital list; spelling and shared role were checked separately.
076,FR,capitals[0].label,<absent>,"https://www.gov.br/mre/pt-br/arquivos/manual-de-redacao (23 July 2026); https://funag.gov.br/manual/index.php?title=Top%C3%B4nimos_e_gent%C3%ADlicos (revision 684, checked 7 October 2026)",<absent>,absence checked,No capital label is present in any locale for this location.
076,FR,wikipedia,https://pt.wikipedia.org/wiki/França,"https://www.wikidata.org/ ptwiki sitelink cache, refreshed 7 October 2026",https://pt.wikipedia.org/wiki/França,match,Article link only; never used as the naming authority.
077,GF,name,Guiana Francesa,"https://funag.gov.br/manual/index.php?title=Top%C3%B4nimos_e_gent%C3%ADlicos (official FUNAG reproduction, revision 684; checked 8 October 2026); https://www.gov.br/sped/pt-br/assuntos/escrituracoes-digitais/e-financeira/manuais-e-documento-tecnicos/tabelas-de-codigos/paises/@@download/file (Receita Federal e-Financeira territory table, modified 29 May 2026; checked 8 October 2026); https://www.iso.org/obp/ui/#iso:code:3166:GF (ISO 3166 Online Browsing Platform, maintained online; checked 8 October 2026)",Receita Federal: Guiana Francesa; FUNAG: Guiana Francesa,match,
077,GF,formal_name,<absent>,"https://www.gov.br/sped/pt-br/assuntos/escrituracoes-digitais/e-financeira/manuais-e-documento-tecnicos/tabelas-de-codigos/paises/@@download/file (Receita Federal e-Financeira territory table, modified 29 May 2026; checked 8 October 2026); https://www.iso.org/obp/ui/#iso:code:3166:GF (ISO 3166 Online Browsing Platform, maintained online; checked 8 October 2026)",No distinct pt-BR formal form in the checked Brazilian/ISO records,absence checked,A formal-name key is deliberately omitted rather than translated without a source.
077,GF,name_label,<absent>,"https://www.gov.br/sped/pt-br/assuntos/escrituracoes-digitais/e-financeira/manuais-e-documento-tecnicos/tabelas-de-codigos/paises/@@download/file (Receita Federal e-Financeira territory table, modified 29 May 2026; checked 8 October 2026); https://www.iso.org/obp/ui/#iso:code:3166:GF (ISO 3166 Online Browsing Platform, maintained online; checked 8 October 2026)",No alternative-name label in the checked Brazilian/ISO records,absence checked,Deliberate absence checked against the concrete fallback records.
077,GF,capitals[0].name,Caiena,"https://funag.gov.br/manual/index.php?title=Top%C3%B4nimos_e_gent%C3%ADlicos (official FUNAG reproduction, revision 684; checked 8 October 2026); https://www.gov.br/sped/pt-br/assuntos/escrituracoes-digitais/e-financeira/manuais-e-documento-tecnicos/tabelas-de-codigos/paises/@@download/file (Receita Federal e-Financeira territory table, modified 29 May 2026; checked 8 October 2026); https://www.iso.org/obp/ui/#iso:code:3166:GF (ISO 3166 Online Browsing Platform, maintained online; checked 8 October 2026); https://geonames.nga.mil/geonames/GNSHome/ (NGA Geographic Names Server, online; checked 8 October 2026)",FUNAG: Caiena; geographic-name record: Cayenne,match,
077,GF,capitals[0].label,<absent>,"https://www.gov.br/sped/pt-br/assuntos/escrituracoes-digitais/e-financeira/manuais-e-documento-tecnicos/tabelas-de-codigos/paises/@@download/file (Receita Federal e-Financeira territory table, modified 29 May 2026; checked 8 October 2026); https://www.iso.org/obp/ui/#iso:code:3166:GF (ISO 3166 Online Browsing Platform, maintained online; checked 8 October 2026)",No role qualifier in the checked naming records; shared role is generic capital,absence checked,No capital label is present in any locale for this generic shared role.
077,GF,wikipedia,https://pt.wikipedia.org/wiki/Guiana_Francesa,"https://www.wikidata.org/ ptwiki sitelink cache, refreshed 7 October 2026",https://pt.wikipedia.org/wiki/Guiana_Francesa,match,Article link only; never used as the naming authority.
078,PF,name,Polinésia Francesa,"https://funag.gov.br/manual/index.php?title=Top%C3%B4nimos_e_gent%C3%ADlicos (official FUNAG reproduction, revision 684; checked 8 October 2026); https://www.gov.br/sped/pt-br/assuntos/escrituracoes-digitais/e-financeira/manuais-e-documento-tecnicos/tabelas-de-codigos/paises/@@download/file (Receita Federal e-Financeira territory table, modified 29 May 2026; checked 8 October 2026); https://www.iso.org/obp/ui/#iso:code:3166:PF (ISO 3166 Online Browsing Platform, maintained online; checked 8 October 2026)",Receita Federal: Polinésia Francesa; FUNAG: Polinésia Francesa,match,
078,PF,formal_name,<absent>,"https://www.gov.br/sped/pt-br/assuntos/escrituracoes-digitais/e-financeira/manuais-e-documento-tecnicos/tabelas-de-codigos/paises/@@download/file (Receita Federal e-Financeira territory table, modified 29 May 2026; checked 8 October 2026); https://www.iso.org/obp/ui/#iso:code:3166:PF (ISO 3166 Online Browsing Platform, maintained online; checked 8 October 2026)",No distinct pt-BR formal form in the checked Brazilian/ISO records,absence checked,A formal-name key is deliberately omitted rather than translated without a source.
078,PF,name_label,<absent>,"https://www.gov.br/sped/pt-br/assuntos/escrituracoes-digitais/e-financeira/manuais-e-documento-tecnicos/tabelas-de-codigos/paises/@@download/file (Receita Federal e-Financeira territory table, modified 29 May 2026; checked 8 October 2026); https://www.iso.org/obp/ui/#iso:code:3166:PF (ISO 3166 Online Browsing Platform, maintained online; checked 8 October 2026)",No alternative-name label in the checked Brazilian/ISO records,absence checked,Deliberate absence checked against the concrete fallback records.
078,PF,capitals[0].name,Papeete,"https://www.gov.br/sped/pt-br/assuntos/escrituracoes-digitais/e-financeira/manuais-e-documento-tecnicos/tabelas-de-codigos/paises/@@download/file (Receita Federal e-Financeira territory table, modified 29 May 2026; checked 8 October 2026); https://www.iso.org/obp/ui/#iso:code:3166:PF (ISO 3166 Online Browsing Platform, maintained online; checked 8 October 2026); https://geonames.nga.mil/geonames/GNSHome/ (NGA Geographic Names Server, online; checked 8 October 2026)",Approved/local geographic-name form: Papeete,match,
078,PF,capitals[0].label,<absent>,"https://www.gov.br/sped/pt-br/assuntos/escrituracoes-digitais/e-financeira/manuais-e-documento-tecnicos/tabelas-de-codigos/paises/@@download/file (Receita Federal e-Financeira territory table, modified 29 May 2026; checked 8 October 2026); https://www.iso.org/obp/ui/#iso:code:3166:PF (ISO 3166 Online Browsing Platform, maintained online; checked 8 October 2026)",No role qualifier in the checked naming records; shared role is generic capital,absence checked,No capital label is present in any locale for this generic shared role.
078,PF,wikipedia,https://pt.wikipedia.org/wiki/Polinésia_Francesa,"https://www.wikidata.org/ ptwiki sitelink cache, refreshed 7 October 2026",https://pt.wikipedia.org/wiki/Polinésia_Francesa,match,Article link only; never used as the naming authority.
079,TF,name,Territórios do Sul da França,"https://www.gov.br/sped/pt-br/assuntos/escrituracoes-digitais/e-financeira/manuais-e-documento-tecnicos/tabelas-de-codigos/paises/@@download/file (Receita Federal e-Financeira territory table, modified 29 May 2026; checked 8 October 2026); https://www.iso.org/obp/ui/#iso:code:3166:TF (ISO 3166 Online Browsing Platform, maintained online; checked 8 October 2026)",Receita Federal: Territórios do Sul da França,match,Adopted the cited Brazilian fallback form exactly.
079,TF,formal_name,<absent>,"https://www.gov.br/sped/pt-br/assuntos/escrituracoes-digitais/e-financeira/manuais-e-documento-tecnicos/tabelas-de-codigos/paises/@@download/file (Receita Federal e-Financeira territory table, modified 29 May 2026; checked 8 October 2026); https://www.iso.org/obp/ui/#iso:code:3166:TF (ISO 3166 Online Browsing Platform, maintained online; checked 8 October 2026)",No distinct pt-BR formal form in the checked Brazilian/ISO records,absence checked,A formal-name key is deliberately omitted rather than translated without a source.
079,TF,name_label,<absent>,"https://www.gov.br/sped/pt-br/assuntos/escrituracoes-digitais/e-financeira/manuais-e-documento-tecnicos/tabelas-de-codigos/paises/@@download/file (Receita Federal e-Financeira territory table, modified 29 May 2026; checked 8 October 2026); https://www.iso.org/obp/ui/#iso:code:3166:TF (ISO 3166 Online Browsing Platform, maintained online; checked 8 October 2026)",No alternative-name label in the checked Brazilian/ISO records,absence checked,Deliberate absence checked against the concrete fallback records.
079,TF,capitals[0].name,Saint-Pierre,"https://funag.gov.br/manual/index.php?title=Top%C3%B4nimos_e_gent%C3%ADlicos (official FUNAG reproduction, revision 684; checked 8 October 2026); https://www.gov.br/sped/pt-br/assuntos/escrituracoes-digitais/e-financeira/manuais-e-documento-tecnicos/tabelas-de-codigos/paises/@@download/file (Receita Federal e-Financeira territory table, modified 29 May 2026; checked 8 October 2026); https://www.iso.org/obp/ui/#iso:code:3166:TF (ISO 3166 Online Browsing Platform, maintained online; checked 8 October 2026); https://data.aad.gov.au/aadc/gaz/scar/ (SCAR Composite Gazetteer of Antarctica, online; checked 8 October 2026)",FUNAG: Saint-Pierre; geographic-name record: Saint Pierre,match,
079,TF,capitals[0].label,na Reunião,"https://www.gov.br/sped/pt-br/assuntos/escrituracoes-digitais/e-financeira/manuais-e-documento-tecnicos/tabelas-de-codigos/paises/@@download/file (Receita Federal e-Financeira territory table, modified 29 May 2026; checked 8 October 2026); https://www.iso.org/obp/ui/#iso:code:3166:TF (ISO 3166 Online Browsing Platform, maintained online; checked 8 October 2026); https://taaf.fr/ (TAAF administration record; checked 8 October 2026)",Verified shared role; pt-BR label: na Reunião,match,The source establishes the shared fact; the label is its pt-BR translation.
079,TF,wikipedia,https://pt.wikipedia.org/wiki/Terras_Austrais_e_Antárticas_Francesas,"https://www.wikidata.org/ ptwiki sitelink cache, refreshed 7 October 2026",https://pt.wikipedia.org/wiki/Terras_Austrais_e_Antárticas_Francesas,match,Article link only; never used as the naming authority.
080,GA,name,Gabão,"https://www.gov.br/mre/pt-br/arquivos/manual-de-redacao (23 July 2026); https://funag.gov.br/manual/index.php?title=Top%C3%B4nimos_e_gent%C3%ADlicos (revision 684, checked 7 October 2026)",o Gabão,match,Deck-style transcription omits leading articles and pronunciation annotations.
080,GA,formal_name,República Gabonesa,"https://www.gov.br/mre/pt-br/arquivos/manual-de-redacao (23 July 2026); https://funag.gov.br/manual/index.php?title=Top%C3%B4nimos_e_gent%C3%ADlicos (revision 684, checked 7 October 2026)",a República Gabonesa,match,Deck-style transcription omits leading articles and pronunciation annotations.
080,GA,name_label,<absent>,"https://www.gov.br/mre/pt-br/arquivos/manual-de-redacao (23 July 2026); https://funag.gov.br/manual/index.php?title=Top%C3%B4nimos_e_gent%C3%ADlicos (revision 684, checked 7 October 2026)",<absent>,absence checked,No established locale value in the audited source/fallback record.
080,GA,capitals[0].name,Libreville,"https://www.gov.br/mre/pt-br/arquivos/manual-de-redacao (23 July 2026); https://funag.gov.br/manual/index.php?title=Top%C3%B4nimos_e_gent%C3%ADlicos (revision 684, checked 7 October 2026)",Libreville,match,The source cell covers the complete capital list; spelling and shared role were checked separately.
080,GA,capitals[0].label,<absent>,"https://www.gov.br/mre/pt-br/arquivos/manual-de-redacao (23 July 2026); https://funag.gov.br/manual/index.php?title=Top%C3%B4nimos_e_gent%C3%ADlicos (revision 684, checked 7 October 2026)",<absent>,absence checked,No capital label is present in any locale for this location.
080,GA,wikipedia,https://pt.wikipedia.org/wiki/Gabão,"https://www.wikidata.org/ ptwiki sitelink cache, refreshed 7 October 2026",https://pt.wikipedia.org/wiki/Gabão,match,Article link only; never used as the naming authority.
081,GM,name,Gâmbia,"https://www.gov.br/mre/pt-br/arquivos/manual-de-redacao (23 July 2026); https://funag.gov.br/manual/index.php?title=Top%C3%B4nimos_e_gent%C3%ADlicos (revision 684, checked 7 October 2026)",a Gâmbia,match,Deck-style transcription omits leading articles and pronunciation annotations.
081,GM,formal_name,República da Gâmbia,"https://www.gov.br/mre/pt-br/arquivos/manual-de-redacao (23 July 2026); https://funag.gov.br/manual/index.php?title=Top%C3%B4nimos_e_gent%C3%ADlicos (revision 684, checked 7 October 2026)",a República da Gâmbia,match,Deck-style transcription omits leading articles and pronunciation annotations.
081,GM,name_label,<absent>,"https://www.gov.br/mre/pt-br/arquivos/manual-de-redacao (23 July 2026); https://funag.gov.br/manual/index.php?title=Top%C3%B4nimos_e_gent%C3%ADlicos (revision 684, checked 7 October 2026)",<absent>,absence checked,No established locale value in the audited source/fallback record.
081,GM,capitals[0].name,Banjul,"https://www.gov.br/mre/pt-br/arquivos/manual-de-redacao (23 July 2026); https://funag.gov.br/manual/index.php?title=Top%C3%B4nimos_e_gent%C3%ADlicos (revision 684, checked 7 October 2026)",Banjul,match,The source cell covers the complete capital list; spelling and shared role were checked separately.
081,GM,capitals[0].label,<absent>,"https://www.gov.br/mre/pt-br/arquivos/manual-de-redacao (23 July 2026); https://funag.gov.br/manual/index.php?title=Top%C3%B4nimos_e_gent%C3%ADlicos (revision 684, checked 7 October 2026)",<absent>,absence checked,No capital label is present in any locale for this location.
081,GM,wikipedia,https://pt.wikipedia.org/wiki/Gâmbia,"https://www.wikidata.org/ ptwiki sitelink cache, refreshed 7 October 2026",https://pt.wikipedia.org/wiki/Gâmbia,match,Article link only; never used as the naming authority.
082,GE,name,Geórgia,"https://www.gov.br/mre/pt-br/arquivos/manual-de-redacao (23 July 2026); https://funag.gov.br/manual/index.php?title=Top%C3%B4nimos_e_gent%C3%ADlicos (revision 684, checked 7 October 2026)",a Geórgia,match,Deck-style transcription omits leading articles and pronunciation annotations.
082,GE,formal_name,<absent>,"https://www.gov.br/mre/pt-br/arquivos/manual-de-redacao (23 July 2026); https://funag.gov.br/manual/index.php?title=Top%C3%B4nimos_e_gent%C3%ADlicos (revision 684, checked 7 October 2026)",a Geórgia,absence checked,No established locale value in the audited source/fallback record.
082,GE,name_label,<absent>,"https://www.gov.br/mre/pt-br/arquivos/manual-de-redacao (23 July 2026); https://funag.gov.br/manual/index.php?title=Top%C3%B4nimos_e_gent%C3%ADlicos (revision 684, checked 7 October 2026)",<absent>,absence checked,No established locale value in the audited source/fallback record.
082,GE,capitals[0].name,Tbilisi,"https://www.gov.br/mre/pt-br/arquivos/manual-de-redacao (23 July 2026); https://funag.gov.br/manual/index.php?title=Top%C3%B4nimos_e_gent%C3%ADlicos (revision 684, checked 7 October 2026)",Tbilisi,match,The source cell covers the complete capital list; spelling and shared role were checked separately.
082,GE,capitals[0].label,<absent>,"https://www.gov.br/mre/pt-br/arquivos/manual-de-redacao (23 July 2026); https://funag.gov.br/manual/index.php?title=Top%C3%B4nimos_e_gent%C3%ADlicos (revision 684, checked 7 October 2026)",<absent>,absence checked,No capital label is present in any locale for this location.
082,GE,wikipedia,https://pt.wikipedia.org/wiki/Geórgia,"https://www.wikidata.org/ ptwiki sitelink cache, refreshed 7 October 2026",https://pt.wikipedia.org/wiki/Geórgia,match,Article link only; never used as the naming authority.
083,DE,name,Alemanha,"https://www.gov.br/mre/pt-br/arquivos/manual-de-redacao (23 July 2026); https://funag.gov.br/manual/index.php?title=Top%C3%B4nimos_e_gent%C3%ADlicos (revision 684, checked 7 October 2026)",a Alemanha,match,Deck-style transcription omits leading articles and pronunciation annotations.
083,DE,formal_name,República Federal da Alemanha,"https://www.gov.br/mre/pt-br/arquivos/manual-de-redacao (23 July 2026); https://funag.gov.br/manual/index.php?title=Top%C3%B4nimos_e_gent%C3%ADlicos (revision 684, checked 7 October 2026)",a República Federal da Alemanha,match,Deck-style transcription omits leading articles and pronunciation annotations.
083,DE,name_label,<absent>,"https://www.gov.br/mre/pt-br/arquivos/manual-de-redacao (23 July 2026); https://funag.gov.br/manual/index.php?title=Top%C3%B4nimos_e_gent%C3%ADlicos (revision 684, checked 7 October 2026)",<absent>,absence checked,No established locale value in the audited source/fallback record.
083,DE,capitals[0].name,Berlim,"https://www.gov.br/mre/pt-br/arquivos/manual-de-redacao (23 July 2026); https://funag.gov.br/manual/index.php?title=Top%C3%B4nimos_e_gent%C3%ADlicos (revision 684, checked 7 October 2026)",Berlim,match,The source cell covers the complete capital list; spelling and shared role were checked separately.
083,DE,capitals[0].label,<absent>,"https://www.gov.br/mre/pt-br/arquivos/manual-de-redacao (23 July 2026); https://funag.gov.br/manual/index.php?title=Top%C3%B4nimos_e_gent%C3%ADlicos (revision 684, checked 7 October 2026)",<absent>,absence checked,No capital label is present in any locale for this location.
083,DE,wikipedia,https://pt.wikipedia.org/wiki/Alemanha,"https://www.wikidata.org/ ptwiki sitelink cache, refreshed 7 October 2026",https://pt.wikipedia.org/wiki/Alemanha,match,Article link only; never used as the naming authority.
084,GH,name,Gana,"https://www.gov.br/mre/pt-br/arquivos/manual-de-redacao (23 July 2026); https://funag.gov.br/manual/index.php?title=Top%C3%B4nimos_e_gent%C3%ADlicos (revision 684, checked 7 October 2026)",Gana,match,Deck-style transcription omits leading articles and pronunciation annotations.
084,GH,formal_name,República de Gana,"https://www.gov.br/mre/pt-br/arquivos/manual-de-redacao (23 July 2026); https://funag.gov.br/manual/index.php?title=Top%C3%B4nimos_e_gent%C3%ADlicos (revision 684, checked 7 October 2026)",a República de Gana,match,Deck-style transcription omits leading articles and pronunciation annotations.
084,GH,name_label,<absent>,"https://www.gov.br/mre/pt-br/arquivos/manual-de-redacao (23 July 2026); https://funag.gov.br/manual/index.php?title=Top%C3%B4nimos_e_gent%C3%ADlicos (revision 684, checked 7 October 2026)",<absent>,absence checked,No established locale value in the audited source/fallback record.
084,GH,capitals[0].name,Acra,"https://www.gov.br/mre/pt-br/arquivos/manual-de-redacao (23 July 2026); https://funag.gov.br/manual/index.php?title=Top%C3%B4nimos_e_gent%C3%ADlicos (revision 684, checked 7 October 2026)",Acra,match,The source cell covers the complete capital list; spelling and shared role were checked separately.
084,GH,capitals[0].label,<absent>,"https://www.gov.br/mre/pt-br/arquivos/manual-de-redacao (23 July 2026); https://funag.gov.br/manual/index.php?title=Top%C3%B4nimos_e_gent%C3%ADlicos (revision 684, checked 7 October 2026)",<absent>,absence checked,No capital label is present in any locale for this location.
084,GH,wikipedia,https://pt.wikipedia.org/wiki/Gana,"https://www.wikidata.org/ ptwiki sitelink cache, refreshed 7 October 2026",https://pt.wikipedia.org/wiki/Gana,match,Article link only; never used as the naming authority.
085,GI,name,Gibraltar,"https://www.gov.br/sped/pt-br/assuntos/escrituracoes-digitais/e-financeira/manuais-e-documento-tecnicos/tabelas-de-codigos/paises/@@download/file (Receita Federal e-Financeira territory table, modified 29 May 2026; checked 8 October 2026); https://www.iso.org/obp/ui/#iso:code:3166:GI (ISO 3166 Online Browsing Platform, maintained online; checked 8 October 2026)",Receita Federal: Gibraltar,match,
085,GI,formal_name,<absent>,"https://www.gov.br/sped/pt-br/assuntos/escrituracoes-digitais/e-financeira/manuais-e-documento-tecnicos/tabelas-de-codigos/paises/@@download/file (Receita Federal e-Financeira territory table, modified 29 May 2026; checked 8 October 2026); https://www.iso.org/obp/ui/#iso:code:3166:GI (ISO 3166 Online Browsing Platform, maintained online; checked 8 October 2026)",No distinct pt-BR formal form in the checked Brazilian/ISO records,absence checked,A formal-name key is deliberately omitted rather than translated without a source.
085,GI,name_label,<absent>,"https://www.gov.br/sped/pt-br/assuntos/escrituracoes-digitais/e-financeira/manuais-e-documento-tecnicos/tabelas-de-codigos/paises/@@download/file (Receita Federal e-Financeira territory table, modified 29 May 2026; checked 8 October 2026); https://www.iso.org/obp/ui/#iso:code:3166:GI (ISO 3166 Online Browsing Platform, maintained online; checked 8 October 2026)",No alternative-name label in the checked Brazilian/ISO records,absence checked,Deliberate absence checked against the concrete fallback records.
085,GI,capitals[0].name,Gibraltar,"https://www.gov.br/sped/pt-br/assuntos/escrituracoes-digitais/e-financeira/manuais-e-documento-tecnicos/tabelas-de-codigos/paises/@@download/file (Receita Federal e-Financeira territory table, modified 29 May 2026; checked 8 October 2026); https://www.iso.org/obp/ui/#iso:code:3166:GI (ISO 3166 Online Browsing Platform, maintained online; checked 8 October 2026); https://geonames.nga.mil/geonames/GNSHome/ (NGA Geographic Names Server, online; checked 8 October 2026)",Approved/local geographic-name form: Gibraltar,match,
085,GI,capitals[0].label,<absent>,"https://www.gov.br/sped/pt-br/assuntos/escrituracoes-digitais/e-financeira/manuais-e-documento-tecnicos/tabelas-de-codigos/paises/@@download/file (Receita Federal e-Financeira territory table, modified 29 May 2026; checked 8 October 2026); https://www.iso.org/obp/ui/#iso:code:3166:GI (ISO 3166 Online Browsing Platform, maintained online; checked 8 October 2026)",No role qualifier in the checked naming records; shared role is generic capital,absence checked,No capital label is present in any locale for this generic shared role.
085,GI,wikipedia,https://pt.wikipedia.org/wiki/Gibraltar,"https://www.wikidata.org/ ptwiki sitelink cache, refreshed 7 October 2026",https://pt.wikipedia.org/wiki/Gibraltar,match,Article link only; never used as the naming authority.
086,GR,name,Grécia,"https://www.gov.br/mre/pt-br/arquivos/manual-de-redacao (23 July 2026); https://funag.gov.br/manual/index.php?title=Top%C3%B4nimos_e_gent%C3%ADlicos (revision 684, checked 7 October 2026)",a Grécia,match,Deck-style transcription omits leading articles and pronunciation annotations.
086,GR,formal_name,República Helênica,"https://www.gov.br/mre/pt-br/arquivos/manual-de-redacao (23 July 2026); https://funag.gov.br/manual/index.php?title=Top%C3%B4nimos_e_gent%C3%ADlicos (revision 684, checked 7 October 2026)",a República Helênica,match,Deck-style transcription omits leading articles and pronunciation annotations.
086,GR,name_label,<absent>,"https://www.gov.br/mre/pt-br/arquivos/manual-de-redacao (23 July 2026); https://funag.gov.br/manual/index.php?title=Top%C3%B4nimos_e_gent%C3%ADlicos (revision 684, checked 7 October 2026)",<absent>,absence checked,No established locale value in the audited source/fallback record.
086,GR,capitals[0].name,Atenas,"https://www.gov.br/mre/pt-br/arquivos/manual-de-redacao (23 July 2026); https://funag.gov.br/manual/index.php?title=Top%C3%B4nimos_e_gent%C3%ADlicos (revision 684, checked 7 October 2026)",Atenas,match,The source cell covers the complete capital list; spelling and shared role were checked separately.
086,GR,capitals[0].label,<absent>,"https://www.gov.br/mre/pt-br/arquivos/manual-de-redacao (23 July 2026); https://funag.gov.br/manual/index.php?title=Top%C3%B4nimos_e_gent%C3%ADlicos (revision 684, checked 7 October 2026)",<absent>,absence checked,No capital label is present in any locale for this location.
086,GR,wikipedia,https://pt.wikipedia.org/wiki/Grécia,"https://www.wikidata.org/ ptwiki sitelink cache, refreshed 7 October 2026",https://pt.wikipedia.org/wiki/Grécia,match,Article link only; never used as the naming authority.
087,GL,name,Groenlândia,"https://funag.gov.br/manual/index.php?title=Top%C3%B4nimos_e_gent%C3%ADlicos (official FUNAG reproduction, revision 684; checked 8 October 2026); https://www.gov.br/sped/pt-br/assuntos/escrituracoes-digitais/e-financeira/manuais-e-documento-tecnicos/tabelas-de-codigos/paises/@@download/file (Receita Federal e-Financeira territory table, modified 29 May 2026; checked 8 October 2026); https://www.iso.org/obp/ui/#iso:code:3166:GL (ISO 3166 Online Browsing Platform, maintained online; checked 8 October 2026)",Receita Federal: Groelândia; FUNAG: Groenlândia,deviation,"Receita records “Groelândia”; COTW keeps the fully reviewed pt-BR display form, with the precise difference documented in docs/data-changes.md."
087,GL,formal_name,<absent>,"https://www.gov.br/sped/pt-br/assuntos/escrituracoes-digitais/e-financeira/manuais-e-documento-tecnicos/tabelas-de-codigos/paises/@@download/file (Receita Federal e-Financeira territory table, modified 29 May 2026; checked 8 October 2026); https://www.iso.org/obp/ui/#iso:code:3166:GL (ISO 3166 Online Browsing Platform, maintained online; checked 8 October 2026)",No distinct pt-BR formal form in the checked Brazilian/ISO records,absence checked,A formal-name key is deliberately omitted rather than translated without a source.
087,GL,name_label,<absent>,"https://www.gov.br/sped/pt-br/assuntos/escrituracoes-digitais/e-financeira/manuais-e-documento-tecnicos/tabelas-de-codigos/paises/@@download/file (Receita Federal e-Financeira territory table, modified 29 May 2026; checked 8 October 2026); https://www.iso.org/obp/ui/#iso:code:3166:GL (ISO 3166 Online Browsing Platform, maintained online; checked 8 October 2026)",No alternative-name label in the checked Brazilian/ISO records,absence checked,Deliberate absence checked against the concrete fallback records.
087,GL,capitals[0].name,Nuuk,"https://www.gov.br/sped/pt-br/assuntos/escrituracoes-digitais/e-financeira/manuais-e-documento-tecnicos/tabelas-de-codigos/paises/@@download/file (Receita Federal e-Financeira territory table, modified 29 May 2026; checked 8 October 2026); https://www.iso.org/obp/ui/#iso:code:3166:GL (ISO 3166 Online Browsing Platform, maintained online; checked 8 October 2026); https://geonames.nga.mil/geonames/GNSHome/ (NGA Geographic Names Server, online; checked 8 October 2026)",Approved/local geographic-name form: Nuuk,match,
087,GL,capitals[0].label,<absent>,"https://www.gov.br/sped/pt-br/assuntos/escrituracoes-digitais/e-financeira/manuais-e-documento-tecnicos/tabelas-de-codigos/paises/@@download/file (Receita Federal e-Financeira territory table, modified 29 May 2026; checked 8 October 2026); https://www.iso.org/obp/ui/#iso:code:3166:GL (ISO 3166 Online Browsing Platform, maintained online; checked 8 October 2026)",No role qualifier in the checked naming records; shared role is generic capital,absence checked,No capital label is present in any locale for this generic shared role.
087,GL,wikipedia,https://pt.wikipedia.org/wiki/Gronelândia,"https://www.wikidata.org/ ptwiki sitelink cache, refreshed 7 October 2026",https://pt.wikipedia.org/wiki/Gronelândia,match,Article link only; never used as the naming authority.
088,GD,name,Granada,"https://www.gov.br/mre/pt-br/arquivos/manual-de-redacao (23 July 2026); https://funag.gov.br/manual/index.php?title=Top%C3%B4nimos_e_gent%C3%ADlicos (revision 684, checked 7 October 2026)",Granada,match,Deck-style transcription omits leading articles and pronunciation annotations.
088,GD,formal_name,<absent>,"https://www.gov.br/mre/pt-br/arquivos/manual-de-redacao (23 July 2026); https://funag.gov.br/manual/index.php?title=Top%C3%B4nimos_e_gent%C3%ADlicos (revision 684, checked 7 October 2026)",Granada,absence checked,No established locale value in the audited source/fallback record.
088,GD,name_label,<absent>,"https://www.gov.br/mre/pt-br/arquivos/manual-de-redacao (23 July 2026); https://funag.gov.br/manual/index.php?title=Top%C3%B4nimos_e_gent%C3%ADlicos (revision 684, checked 7 October 2026)",<absent>,absence checked,No established locale value in the audited source/fallback record.
088,GD,capitals[0].name,Saint George’s,"https://www.gov.br/mre/pt-br/arquivos/manual-de-redacao (23 July 2026); https://funag.gov.br/manual/index.php?title=Top%C3%B4nimos_e_gent%C3%ADlicos (revision 684, checked 7 October 2026)",Saint George's,match,The source cell covers the complete capital list; spelling and shared role were checked separately.
088,GD,capitals[0].label,<absent>,"https://www.gov.br/mre/pt-br/arquivos/manual-de-redacao (23 July 2026); https://funag.gov.br/manual/index.php?title=Top%C3%B4nimos_e_gent%C3%ADlicos (revision 684, checked 7 October 2026)",<absent>,absence checked,No capital label is present in any locale for this location.
088,GD,wikipedia,https://pt.wikipedia.org/wiki/Granada_(país),"https://www.wikidata.org/ ptwiki sitelink cache, refreshed 7 October 2026",https://pt.wikipedia.org/wiki/Granada_(país),match,Article link only; never used as the naming authority.
089,GP,name,Guadalupe,"https://funag.gov.br/manual/index.php?title=Top%C3%B4nimos_e_gent%C3%ADlicos (official FUNAG reproduction, revision 684; checked 8 October 2026); https://www.gov.br/sped/pt-br/assuntos/escrituracoes-digitais/e-financeira/manuais-e-documento-tecnicos/tabelas-de-codigos/paises/@@download/file (Receita Federal e-Financeira territory table, modified 29 May 2026; checked 8 October 2026); https://www.iso.org/obp/ui/#iso:code:3166:GP (ISO 3166 Online Browsing Platform, maintained online; checked 8 October 2026)",Receita Federal: Guadalupe; FUNAG: Guadalupe,match,
089,GP,formal_name,<absent>,"https://www.gov.br/sped/pt-br/assuntos/escrituracoes-digitais/e-financeira/manuais-e-documento-tecnicos/tabelas-de-codigos/paises/@@download/file (Receita Federal e-Financeira territory table, modified 29 May 2026; checked 8 October 2026); https://www.iso.org/obp/ui/#iso:code:3166:GP (ISO 3166 Online Browsing Platform, maintained online; checked 8 October 2026)",No distinct pt-BR formal form in the checked Brazilian/ISO records,absence checked,A formal-name key is deliberately omitted rather than translated without a source.
089,GP,name_label,<absent>,"https://www.gov.br/sped/pt-br/assuntos/escrituracoes-digitais/e-financeira/manuais-e-documento-tecnicos/tabelas-de-codigos/paises/@@download/file (Receita Federal e-Financeira territory table, modified 29 May 2026; checked 8 October 2026); https://www.iso.org/obp/ui/#iso:code:3166:GP (ISO 3166 Online Browsing Platform, maintained online; checked 8 October 2026)",No alternative-name label in the checked Brazilian/ISO records,absence checked,Deliberate absence checked against the concrete fallback records.
089,GP,capitals[0].name,Basse-Terre,"https://www.gov.br/sped/pt-br/assuntos/escrituracoes-digitais/e-financeira/manuais-e-documento-tecnicos/tabelas-de-codigos/paises/@@download/file (Receita Federal e-Financeira territory table, modified 29 May 2026; checked 8 October 2026); https://www.iso.org/obp/ui/#iso:code:3166:GP (ISO 3166 Online Browsing Platform, maintained online; checked 8 October 2026); https://geonames.nga.mil/geonames/GNSHome/ (NGA Geographic Names Server, online; checked 8 October 2026)",Approved/local geographic-name form: Basse-Terre,match,
089,GP,capitals[0].label,<absent>,"https://www.gov.br/sped/pt-br/assuntos/escrituracoes-digitais/e-financeira/manuais-e-documento-tecnicos/tabelas-de-codigos/paises/@@download/file (Receita Federal e-Financeira territory table, modified 29 May 2026; checked 8 October 2026); https://www.iso.org/obp/ui/#iso:code:3166:GP (ISO 3166 Online Browsing Platform, maintained online; checked 8 October 2026)",No role qualifier in the checked naming records; shared role is generic capital,absence checked,No capital label is present in any locale for this generic shared role.
089,GP,wikipedia,https://pt.wikipedia.org/wiki/Guadalupe,"https://www.wikidata.org/ ptwiki sitelink cache, refreshed 7 October 2026",https://pt.wikipedia.org/wiki/Guadalupe,match,Article link only; never used as the naming authority.
090,GU,name,Guam,"https://funag.gov.br/manual/index.php?title=Top%C3%B4nimos_e_gent%C3%ADlicos (official FUNAG reproduction, revision 684; checked 8 October 2026); https://www.gov.br/sped/pt-br/assuntos/escrituracoes-digitais/e-financeira/manuais-e-documento-tecnicos/tabelas-de-codigos/paises/@@download/file (Receita Federal e-Financeira territory table, modified 29 May 2026; checked 8 October 2026); https://www.iso.org/obp/ui/#iso:code:3166:GU (ISO 3166 Online Browsing Platform, maintained online; checked 8 October 2026)",Receita Federal: Guam (Território dos Estados Unidos); FUNAG: Guam,deviation,"Receita records “Guam (Território dos Estados Unidos)”; COTW keeps the fully reviewed pt-BR display form, with the precise difference documented in docs/data-changes.md."
090,GU,formal_name,<absent>,"https://www.gov.br/sped/pt-br/assuntos/escrituracoes-digitais/e-financeira/manuais-e-documento-tecnicos/tabelas-de-codigos/paises/@@download/file (Receita Federal e-Financeira territory table, modified 29 May 2026; checked 8 October 2026); https://www.iso.org/obp/ui/#iso:code:3166:GU (ISO 3166 Online Browsing Platform, maintained online; checked 8 October 2026)",No distinct pt-BR formal form in the checked Brazilian/ISO records,absence checked,A formal-name key is deliberately omitted rather than translated without a source.
090,GU,name_label,<absent>,"https://www.gov.br/sped/pt-br/assuntos/escrituracoes-digitais/e-financeira/manuais-e-documento-tecnicos/tabelas-de-codigos/paises/@@download/file (Receita Federal e-Financeira territory table, modified 29 May 2026; checked 8 October 2026); https://www.iso.org/obp/ui/#iso:code:3166:GU (ISO 3166 Online Browsing Platform, maintained online; checked 8 October 2026)",No alternative-name label in the checked Brazilian/ISO records,absence checked,Deliberate absence checked against the concrete fallback records.
090,GU,capitals[0].name,Hagåtña,"https://www.gov.br/sped/pt-br/assuntos/escrituracoes-digitais/e-financeira/manuais-e-documento-tecnicos/tabelas-de-codigos/paises/@@download/file (Receita Federal e-Financeira territory table, modified 29 May 2026; checked 8 October 2026); https://www.iso.org/obp/ui/#iso:code:3166:GU (ISO 3166 Online Browsing Platform, maintained online; checked 8 October 2026); https://edits.nationalmap.gov/apps/gaz-domestic/public/search/names (USGS GNIS, online; checked 8 October 2026)",Approved/local geographic-name form: Hagåtña,match,
090,GU,capitals[0].label,<absent>,"https://www.gov.br/sped/pt-br/assuntos/escrituracoes-digitais/e-financeira/manuais-e-documento-tecnicos/tabelas-de-codigos/paises/@@download/file (Receita Federal e-Financeira territory table, modified 29 May 2026; checked 8 October 2026); https://www.iso.org/obp/ui/#iso:code:3166:GU (ISO 3166 Online Browsing Platform, maintained online; checked 8 October 2026)",No role qualifier in the checked naming records; shared role is generic capital,absence checked,No capital label is present in any locale for this generic shared role.
090,GU,wikipedia,https://pt.wikipedia.org/wiki/Guam,"https://www.wikidata.org/ ptwiki sitelink cache, refreshed 7 October 2026",https://pt.wikipedia.org/wiki/Guam,match,Article link only; never used as the naming authority.
091,GT,name,Guatemala,"https://www.gov.br/mre/pt-br/arquivos/manual-de-redacao (23 July 2026); https://funag.gov.br/manual/index.php?title=Top%C3%B4nimos_e_gent%C3%ADlicos (revision 684, checked 7 October 2026)",a Guatemala,match,Deck-style transcription omits leading articles and pronunciation annotations.
091,GT,formal_name,República da Guatemala,"https://www.gov.br/mre/pt-br/arquivos/manual-de-redacao (23 July 2026); https://funag.gov.br/manual/index.php?title=Top%C3%B4nimos_e_gent%C3%ADlicos (revision 684, checked 7 October 2026)",a República da Guatemala,match,Deck-style transcription omits leading articles and pronunciation annotations.
091,GT,name_label,<absent>,"https://www.gov.br/mre/pt-br/arquivos/manual-de-redacao (23 July 2026); https://funag.gov.br/manual/index.php?title=Top%C3%B4nimos_e_gent%C3%ADlicos (revision 684, checked 7 October 2026)",<absent>,absence checked,No established locale value in the audited source/fallback record.
091,GT,capitals[0].name,Cidade da Guatemala,"https://www.gov.br/mre/pt-br/arquivos/manual-de-redacao (23 July 2026); https://funag.gov.br/manual/index.php?title=Top%C3%B4nimos_e_gent%C3%ADlicos (revision 684, checked 7 October 2026)",Cidade da Guatemala,match,The source cell covers the complete capital list; spelling and shared role were checked separately.
091,GT,capitals[0].label,<absent>,"https://www.gov.br/mre/pt-br/arquivos/manual-de-redacao (23 July 2026); https://funag.gov.br/manual/index.php?title=Top%C3%B4nimos_e_gent%C3%ADlicos (revision 684, checked 7 October 2026)",<absent>,absence checked,No capital label is present in any locale for this location.
091,GT,wikipedia,https://pt.wikipedia.org/wiki/Guatemala,"https://www.wikidata.org/ ptwiki sitelink cache, refreshed 7 October 2026",https://pt.wikipedia.org/wiki/Guatemala,match,Article link only; never used as the naming authority.
092,GG,name,Guernsey,"https://funag.gov.br/manual/index.php?title=Top%C3%B4nimos_e_gent%C3%ADlicos (official FUNAG reproduction, revision 684; checked 8 October 2026); https://www.gov.br/sped/pt-br/assuntos/escrituracoes-digitais/e-financeira/manuais-e-documento-tecnicos/tabelas-de-codigos/paises/@@download/file (Receita Federal e-Financeira territory table, modified 29 May 2026; checked 8 October 2026); https://www.iso.org/obp/ui/#iso:code:3166:GG (ISO 3166 Online Browsing Platform, maintained online; checked 8 October 2026)",Receita Federal: Guernsey; FUNAG: Guernsey,match,
092,GG,formal_name,<absent>,"https://www.gov.br/sped/pt-br/assuntos/escrituracoes-digitais/e-financeira/manuais-e-documento-tecnicos/tabelas-de-codigos/paises/@@download/file (Receita Federal e-Financeira territory table, modified 29 May 2026; checked 8 October 2026); https://www.iso.org/obp/ui/#iso:code:3166:GG (ISO 3166 Online Browsing Platform, maintained online; checked 8 October 2026)",No established pt-BR formal form in the checked Brazilian/constitutional records,absence checked,The unsourced translation is deliberately omitted; another locale’s formal name is never used as fallback.
092,GG,name_label,<absent>,"https://www.gov.br/sped/pt-br/assuntos/escrituracoes-digitais/e-financeira/manuais-e-documento-tecnicos/tabelas-de-codigos/paises/@@download/file (Receita Federal e-Financeira territory table, modified 29 May 2026; checked 8 October 2026); https://www.iso.org/obp/ui/#iso:code:3166:GG (ISO 3166 Online Browsing Platform, maintained online; checked 8 October 2026)",No alternative-name label in the checked Brazilian/ISO records,absence checked,Deliberate absence checked against the concrete fallback records.
092,GG,capitals[0].name,St. Peter Port,"https://www.gov.br/sped/pt-br/assuntos/escrituracoes-digitais/e-financeira/manuais-e-documento-tecnicos/tabelas-de-codigos/paises/@@download/file (Receita Federal e-Financeira territory table, modified 29 May 2026; checked 8 October 2026); https://www.iso.org/obp/ui/#iso:code:3166:GG (ISO 3166 Online Browsing Platform, maintained online; checked 8 October 2026); https://geonames.nga.mil/geonames/GNSHome/ (NGA Geographic Names Server, online; checked 8 October 2026)",Approved/local geographic-name form: St. Peter Port,match,Adopted the cited approved/local geographic-name form exactly.
092,GG,capitals[0].label,<absent>,"https://www.gov.br/sped/pt-br/assuntos/escrituracoes-digitais/e-financeira/manuais-e-documento-tecnicos/tabelas-de-codigos/paises/@@download/file (Receita Federal e-Financeira territory table, modified 29 May 2026; checked 8 October 2026); https://www.iso.org/obp/ui/#iso:code:3166:GG (ISO 3166 Online Browsing Platform, maintained online; checked 8 October 2026)",No role qualifier in the checked naming records; shared role is generic capital,absence checked,No capital label is present in any locale for this generic shared role.
092,GG,wikipedia,https://pt.wikipedia.org/wiki/Guernsey,"https://www.wikidata.org/ ptwiki sitelink cache, refreshed 7 October 2026",https://pt.wikipedia.org/wiki/Guernsey,match,Article link only; never used as the naming authority.
093,GN,name,República da Guiné,"https://www.gov.br/mre/pt-br/arquivos/manual-de-redacao (23 July 2026); https://funag.gov.br/manual/index.php?title=Top%C3%B4nimos_e_gent%C3%ADlicos (revision 684, checked 7 October 2026)",a Guiné-Conacri ou a República da Guiné,deviation,Approved official form omits the capital spoiler.
093,GN,formal_name,República da Guiné,"https://www.gov.br/mre/pt-br/arquivos/manual-de-redacao (23 July 2026); https://funag.gov.br/manual/index.php?title=Top%C3%B4nimos_e_gent%C3%ADlicos (revision 684, checked 7 October 2026)",a República da Guiné,match,Deck-style transcription omits leading articles and pronunciation annotations.
093,GN,name_label,<absent>,"https://www.gov.br/mre/pt-br/arquivos/manual-de-redacao (23 July 2026); https://funag.gov.br/manual/index.php?title=Top%C3%B4nimos_e_gent%C3%ADlicos (revision 684, checked 7 October 2026)",<absent>,absence checked,No established locale value in the audited source/fallback record.
093,GN,capitals[0].name,Conacri,"https://www.gov.br/mre/pt-br/arquivos/manual-de-redacao (23 July 2026); https://funag.gov.br/manual/index.php?title=Top%C3%B4nimos_e_gent%C3%ADlicos (revision 684, checked 7 October 2026)",Conacri,match,The source cell covers the complete capital list; spelling and shared role were checked separately.
093,GN,capitals[0].label,<absent>,"https://www.gov.br/mre/pt-br/arquivos/manual-de-redacao (23 July 2026); https://funag.gov.br/manual/index.php?title=Top%C3%B4nimos_e_gent%C3%ADlicos (revision 684, checked 7 October 2026)",<absent>,absence checked,No capital label is present in any locale for this location.
093,GN,wikipedia,https://pt.wikipedia.org/wiki/Guiné,"https://www.wikidata.org/ ptwiki sitelink cache, refreshed 7 October 2026",https://pt.wikipedia.org/wiki/Guiné,match,Article link only; never used as the naming authority.
094,GW,name,Guiné-Bissau,"https://www.gov.br/mre/pt-br/arquivos/manual-de-redacao (23 July 2026); https://funag.gov.br/manual/index.php?title=Top%C3%B4nimos_e_gent%C3%ADlicos (revision 684, checked 7 October 2026)",a Guiné-Bissau,match,Deck-style transcription omits leading articles and pronunciation annotations.
094,GW,formal_name,República da Guiné-Bissau,"https://www.gov.br/mre/pt-br/arquivos/manual-de-redacao (23 July 2026); https://funag.gov.br/manual/index.php?title=Top%C3%B4nimos_e_gent%C3%ADlicos (revision 684, checked 7 October 2026)",a República da Guiné-Bissau,match,Deck-style transcription omits leading articles and pronunciation annotations.
094,GW,name_label,<absent>,"https://www.gov.br/mre/pt-br/arquivos/manual-de-redacao (23 July 2026); https://funag.gov.br/manual/index.php?title=Top%C3%B4nimos_e_gent%C3%ADlicos (revision 684, checked 7 October 2026)",<absent>,absence checked,No established locale value in the audited source/fallback record.
094,GW,capitals[0].name,Bissau,"https://www.gov.br/mre/pt-br/arquivos/manual-de-redacao (23 July 2026); https://funag.gov.br/manual/index.php?title=Top%C3%B4nimos_e_gent%C3%ADlicos (revision 684, checked 7 October 2026)",Bissau,match,The source cell covers the complete capital list; spelling and shared role were checked separately.
094,GW,capitals[0].label,<absent>,"https://www.gov.br/mre/pt-br/arquivos/manual-de-redacao (23 July 2026); https://funag.gov.br/manual/index.php?title=Top%C3%B4nimos_e_gent%C3%ADlicos (revision 684, checked 7 October 2026)",<absent>,absence checked,No capital label is present in any locale for this location.
094,GW,wikipedia,https://pt.wikipedia.org/wiki/Guiné-Bissau,"https://www.wikidata.org/ ptwiki sitelink cache, refreshed 7 October 2026",https://pt.wikipedia.org/wiki/Guiné-Bissau,match,Article link only; never used as the naming authority.
095,GY,name,Guiana,"https://www.gov.br/mre/pt-br/arquivos/manual-de-redacao (23 July 2026); https://funag.gov.br/manual/index.php?title=Top%C3%B4nimos_e_gent%C3%ADlicos (revision 684, checked 7 October 2026)",a Guiana [pronúncia: Guyana],match,Deck-style transcription omits leading articles and pronunciation annotations.
095,GY,formal_name,República Cooperativa da Guiana,"https://www.gov.br/mre/pt-br/arquivos/manual-de-redacao (23 July 2026); https://funag.gov.br/manual/index.php?title=Top%C3%B4nimos_e_gent%C3%ADlicos (revision 684, checked 7 October 2026)",a República Cooperativa da Guiana,match,Deck-style transcription omits leading articles and pronunciation annotations.
095,GY,name_label,<absent>,"https://www.gov.br/mre/pt-br/arquivos/manual-de-redacao (23 July 2026); https://funag.gov.br/manual/index.php?title=Top%C3%B4nimos_e_gent%C3%ADlicos (revision 684, checked 7 October 2026)",<absent>,absence checked,No established locale value in the audited source/fallback record.
095,GY,capitals[0].name,Georgetown,"https://www.gov.br/mre/pt-br/arquivos/manual-de-redacao (23 July 2026); https://funag.gov.br/manual/index.php?title=Top%C3%B4nimos_e_gent%C3%ADlicos (revision 684, checked 7 October 2026)",Georgetown,match,The source cell covers the complete capital list; spelling and shared role were checked separately.
095,GY,capitals[0].label,<absent>,"https://www.gov.br/mre/pt-br/arquivos/manual-de-redacao (23 July 2026); https://funag.gov.br/manual/index.php?title=Top%C3%B4nimos_e_gent%C3%ADlicos (revision 684, checked 7 October 2026)",<absent>,absence checked,No capital label is present in any locale for this location.
095,GY,wikipedia,https://pt.wikipedia.org/wiki/Guiana,"https://www.wikidata.org/ ptwiki sitelink cache, refreshed 7 October 2026",https://pt.wikipedia.org/wiki/Guiana,match,Article link only; never used as the naming authority.
096,HT,name,Haiti,"https://www.gov.br/mre/pt-br/arquivos/manual-de-redacao (23 July 2026); https://funag.gov.br/manual/index.php?title=Top%C3%B4nimos_e_gent%C3%ADlicos (revision 684, checked 7 October 2026)",o Haiti,match,Deck-style transcription omits leading articles and pronunciation annotations.
096,HT,formal_name,República do Haiti,"https://www.gov.br/mre/pt-br/arquivos/manual-de-redacao (23 July 2026); https://funag.gov.br/manual/index.php?title=Top%C3%B4nimos_e_gent%C3%ADlicos (revision 684, checked 7 October 2026)",a República do Haiti,match,Deck-style transcription omits leading articles and pronunciation annotations.
096,HT,name_label,<absent>,"https://www.gov.br/mre/pt-br/arquivos/manual-de-redacao (23 July 2026); https://funag.gov.br/manual/index.php?title=Top%C3%B4nimos_e_gent%C3%ADlicos (revision 684, checked 7 October 2026)",<absent>,absence checked,No established locale value in the audited source/fallback record.
096,HT,capitals[0].name,Porto Príncipe,"https://www.gov.br/mre/pt-br/arquivos/manual-de-redacao (23 July 2026); https://funag.gov.br/manual/index.php?title=Top%C3%B4nimos_e_gent%C3%ADlicos (revision 684, checked 7 October 2026)",Porto Príncipe,match,The source cell covers the complete capital list; spelling and shared role were checked separately.
096,HT,capitals[0].label,<absent>,"https://www.gov.br/mre/pt-br/arquivos/manual-de-redacao (23 July 2026); https://funag.gov.br/manual/index.php?title=Top%C3%B4nimos_e_gent%C3%ADlicos (revision 684, checked 7 October 2026)",<absent>,absence checked,No capital label is present in any locale for this location.
096,HT,wikipedia,https://pt.wikipedia.org/wiki/Haiti,"https://www.wikidata.org/ ptwiki sitelink cache, refreshed 7 October 2026",https://pt.wikipedia.org/wiki/Haiti,match,Article link only; never used as the naming authority.
097,HM,name,Ilhas Heard e McDonald (Território da Austrália),"https://www.gov.br/sped/pt-br/assuntos/escrituracoes-digitais/e-financeira/manuais-e-documento-tecnicos/tabelas-de-codigos/paises/@@download/file (Receita Federal e-Financeira territory table, modified 29 May 2026; checked 8 October 2026); https://www.iso.org/obp/ui/#iso:code:3166:HM (ISO 3166 Online Browsing Platform, maintained online; checked 8 October 2026)",Receita Federal: Ilhas Heard e McDonald (Território da Austrália),match,Adopted the cited Brazilian fallback form exactly.
097,HM,formal_name,<absent>,"https://www.gov.br/sped/pt-br/assuntos/escrituracoes-digitais/e-financeira/manuais-e-documento-tecnicos/tabelas-de-codigos/paises/@@download/file (Receita Federal e-Financeira territory table, modified 29 May 2026; checked 8 October 2026); https://www.iso.org/obp/ui/#iso:code:3166:HM (ISO 3166 Online Browsing Platform, maintained online; checked 8 October 2026)",No distinct pt-BR formal form in the checked Brazilian/ISO records,absence checked,A formal-name key is deliberately omitted rather than translated without a source.
097,HM,name_label,<absent>,"https://www.gov.br/sped/pt-br/assuntos/escrituracoes-digitais/e-financeira/manuais-e-documento-tecnicos/tabelas-de-codigos/paises/@@download/file (Receita Federal e-Financeira territory table, modified 29 May 2026; checked 8 October 2026); https://www.iso.org/obp/ui/#iso:code:3166:HM (ISO 3166 Online Browsing Platform, maintained online; checked 8 October 2026)",No alternative-name label in the checked Brazilian/ISO records,absence checked,Deliberate absence checked against the concrete fallback records.
097,HM,capitals[0].name,Camberra,"https://funag.gov.br/manual/index.php?title=Top%C3%B4nimos_e_gent%C3%ADlicos (official FUNAG reproduction, revision 684; checked 8 October 2026); https://www.gov.br/sped/pt-br/assuntos/escrituracoes-digitais/e-financeira/manuais-e-documento-tecnicos/tabelas-de-codigos/paises/@@download/file (Receita Federal e-Financeira territory table, modified 29 May 2026; checked 8 October 2026); https://www.iso.org/obp/ui/#iso:code:3166:HM (ISO 3166 Online Browsing Platform, maintained online; checked 8 October 2026); https://data.aad.gov.au/aadc/gaz/scar/ (SCAR Composite Gazetteer of Antarctica, online; checked 8 October 2026)",FUNAG: Camberra; geographic-name record: Canberra,match,
097,HM,capitals[0].label,desabitadas,"https://www.gov.br/sped/pt-br/assuntos/escrituracoes-digitais/e-financeira/manuais-e-documento-tecnicos/tabelas-de-codigos/paises/@@download/file (Receita Federal e-Financeira territory table, modified 29 May 2026; checked 8 October 2026); https://www.iso.org/obp/ui/#iso:code:3166:HM (ISO 3166 Online Browsing Platform, maintained online; checked 8 October 2026); https://www.antarctica.gov.au/about-antarctica/australian-antarctic-territory/heard-island-and-mcdonald-islands/ (Australian Antarctic Division record; checked 8 October 2026)",Verified shared role; pt-BR label: desabitadas,match,The source establishes the shared fact; the label is its pt-BR translation.
097,HM,wikipedia,https://pt.wikipedia.org/wiki/Ilha_Heard_e_Ilhas_McDonald,"https://www.wikidata.org/ ptwiki sitelink cache, refreshed 7 October 2026",https://pt.wikipedia.org/wiki/Ilha_Heard_e_Ilhas_McDonald,match,Article link only; never used as the naming authority.
098,VA,name,Vaticano,"https://www.gov.br/mre/pt-br/arquivos/manual-de-redacao (23 July 2026); https://funag.gov.br/manual/index.php?title=Top%C3%B4nimos_e_gent%C3%ADlicos (revision 684, checked 7 October 2026)",o Vaticano,match,Deck-style transcription omits leading articles and pronunciation annotations.
098,VA,formal_name,<absent>,"https://www.gov.br/mre/pt-br/arquivos/manual-de-redacao (23 July 2026); https://funag.gov.br/manual/index.php?title=Top%C3%B4nimos_e_gent%C3%ADlicos (revision 684, checked 7 October 2026)",o Estado da Cidade do Vaticano,absence checked,No established locale value in the audited source/fallback record.
098,VA,name_label,<absent>,"https://www.gov.br/mre/pt-br/arquivos/manual-de-redacao (23 July 2026); https://funag.gov.br/manual/index.php?title=Top%C3%B4nimos_e_gent%C3%ADlicos (revision 684, checked 7 October 2026)",<absent>,absence checked,No established locale value in the audited source/fallback record.
098,VA,capitals[0].name,Cidade do Vaticano,"https://www.gov.br/mre/pt-br/arquivos/manual-de-redacao (23 July 2026); https://funag.gov.br/manual/index.php?title=Top%C3%B4nimos_e_gent%C3%ADlicos (revision 684, checked 7 October 2026)",Cidade do Vaticano,match,The source cell covers the complete capital list; spelling and shared role were checked separately.
098,VA,capitals[0].label,<absent>,"https://www.gov.br/mre/pt-br/arquivos/manual-de-redacao (23 July 2026); https://funag.gov.br/manual/index.php?title=Top%C3%B4nimos_e_gent%C3%ADlicos (revision 684, checked 7 October 2026)",<absent>,absence checked,No capital label is present in any locale for this location.
098,VA,wikipedia,https://pt.wikipedia.org/wiki/Vaticano,"https://www.wikidata.org/ ptwiki sitelink cache, refreshed 7 October 2026",https://pt.wikipedia.org/wiki/Vaticano,match,Article link only; never used as the naming authority.
099,HN,name,Honduras,"https://www.gov.br/mre/pt-br/arquivos/manual-de-redacao (23 July 2026); https://funag.gov.br/manual/index.php?title=Top%C3%B4nimos_e_gent%C3%ADlicos (revision 684, checked 7 October 2026)",Honduras,match,Deck-style transcription omits leading articles and pronunciation annotations.
099,HN,formal_name,República de Honduras,"https://www.gov.br/mre/pt-br/arquivos/manual-de-redacao (23 July 2026); https://funag.gov.br/manual/index.php?title=Top%C3%B4nimos_e_gent%C3%ADlicos (revision 684, checked 7 October 2026)",a República de Honduras,match,Deck-style transcription omits leading articles and pronunciation annotations.
099,HN,name_label,<absent>,"https://www.gov.br/mre/pt-br/arquivos/manual-de-redacao (23 July 2026); https://funag.gov.br/manual/index.php?title=Top%C3%B4nimos_e_gent%C3%ADlicos (revision 684, checked 7 October 2026)",<absent>,absence checked,No established locale value in the audited source/fallback record.
099,HN,capitals[0].name,Tegucigalpa,"https://www.gov.br/mre/pt-br/arquivos/manual-de-redacao (23 July 2026); https://funag.gov.br/manual/index.php?title=Top%C3%B4nimos_e_gent%C3%ADlicos (revision 684, checked 7 October 2026)",Tegucigalpa,match,The source cell covers the complete capital list; spelling and shared role were checked separately.
099,HN,capitals[0].label,<absent>,"https://www.gov.br/mre/pt-br/arquivos/manual-de-redacao (23 July 2026); https://funag.gov.br/manual/index.php?title=Top%C3%B4nimos_e_gent%C3%ADlicos (revision 684, checked 7 October 2026)",<absent>,absence checked,No capital label is present in any locale for this location.
099,HN,wikipedia,https://pt.wikipedia.org/wiki/Honduras,"https://www.wikidata.org/ ptwiki sitelink cache, refreshed 7 October 2026",https://pt.wikipedia.org/wiki/Honduras,match,Article link only; never used as the naming authority.
100,HK,name,Hong Kong,"https://funag.gov.br/manual/index.php?title=Top%C3%B4nimos_e_gent%C3%ADlicos (official FUNAG reproduction, revision 684; checked 8 October 2026); https://www.gov.br/sped/pt-br/assuntos/escrituracoes-digitais/e-financeira/manuais-e-documento-tecnicos/tabelas-de-codigos/paises/@@download/file (Receita Federal e-Financeira territory table, modified 29 May 2026; checked 8 October 2026); https://www.iso.org/obp/ui/#iso:code:3166:HK (ISO 3166 Online Browsing Platform, maintained online; checked 8 October 2026); https://www.basiclaw.gov.hk/en/basiclaw/preamble.html (Hong Kong Basic Law, checked 8 October 2026)",Receita Federal: Hong Kong; FUNAG: Hong Kong,match,Concrete Brazilian sources confirm the approved short name without a recognition qualifier.
100,HK,formal_name,<absent>,"https://www.gov.br/sped/pt-br/assuntos/escrituracoes-digitais/e-financeira/manuais-e-documento-tecnicos/tabelas-de-codigos/paises/@@download/file (Receita Federal e-Financeira territory table, modified 29 May 2026; checked 8 October 2026); https://www.iso.org/obp/ui/#iso:code:3166:HK (ISO 3166 Online Browsing Platform, maintained online; checked 8 October 2026); https://www.basiclaw.gov.hk/en/basiclaw/preamble.html (Hong Kong Basic Law, checked 8 October 2026)",No established pt-BR formal form in the checked Brazilian/constitutional records,absence checked,The unsourced translation is deliberately omitted; another locale’s formal name is never used as fallback.
100,HK,name_label,<absent>,"https://www.gov.br/sped/pt-br/assuntos/escrituracoes-digitais/e-financeira/manuais-e-documento-tecnicos/tabelas-de-codigos/paises/@@download/file (Receita Federal e-Financeira territory table, modified 29 May 2026; checked 8 October 2026); https://www.iso.org/obp/ui/#iso:code:3166:HK (ISO 3166 Online Browsing Platform, maintained online; checked 8 October 2026); https://www.basiclaw.gov.hk/en/basiclaw/preamble.html (Hong Kong Basic Law, checked 8 October 2026)",No alternative-name label in the checked Brazilian/ISO records,absence checked,Deliberate absence checked against the concrete fallback records.
100,HK,capitals[0].name,Hong Kong,"https://funag.gov.br/manual/index.php?title=Top%C3%B4nimos_e_gent%C3%ADlicos (official FUNAG reproduction, revision 684; checked 8 October 2026); https://www.gov.br/sped/pt-br/assuntos/escrituracoes-digitais/e-financeira/manuais-e-documento-tecnicos/tabelas-de-codigos/paises/@@download/file (Receita Federal e-Financeira territory table, modified 29 May 2026; checked 8 October 2026); https://www.iso.org/obp/ui/#iso:code:3166:HK (ISO 3166 Online Browsing Platform, maintained online; checked 8 October 2026); https://www.basiclaw.gov.hk/en/basiclaw/preamble.html (Hong Kong Basic Law, checked 8 October 2026); https://geonames.nga.mil/geonames/GNSHome/ (NGA Geographic Names Server, online; checked 8 October 2026)",FUNAG: Hong Kong; geographic-name record: Hong Kong,match,
100,HK,capitals[0].label,<absent>,"https://www.gov.br/sped/pt-br/assuntos/escrituracoes-digitais/e-financeira/manuais-e-documento-tecnicos/tabelas-de-codigos/paises/@@download/file (Receita Federal e-Financeira territory table, modified 29 May 2026; checked 8 October 2026); https://www.iso.org/obp/ui/#iso:code:3166:HK (ISO 3166 Online Browsing Platform, maintained online; checked 8 October 2026); https://www.basiclaw.gov.hk/en/basiclaw/preamble.html (Hong Kong Basic Law, checked 8 October 2026)",No role qualifier in the checked naming records; shared role is generic capital,absence checked,No capital label is present in any locale for this generic shared role.
100,HK,wikipedia,https://pt.wikipedia.org/wiki/Hong_Kong,"https://www.wikidata.org/ ptwiki sitelink cache, refreshed 7 October 2026",https://pt.wikipedia.org/wiki/Hong_Kong,match,Article link only; never used as the naming authority.
101,HU,name,Hungria,"https://www.gov.br/mre/pt-br/arquivos/manual-de-redacao (23 July 2026); https://funag.gov.br/manual/index.php?title=Top%C3%B4nimos_e_gent%C3%ADlicos (revision 684, checked 7 October 2026)",a Hungria,match,Deck-style transcription omits leading articles and pronunciation annotations.
101,HU,formal_name,<absent>,"https://www.gov.br/mre/pt-br/arquivos/manual-de-redacao (23 July 2026); https://funag.gov.br/manual/index.php?title=Top%C3%B4nimos_e_gent%C3%ADlicos (revision 684, checked 7 October 2026)",a Hungria,absence checked,No established locale value in the audited source/fallback record.
101,HU,name_label,<absent>,"https://www.gov.br/mre/pt-br/arquivos/manual-de-redacao (23 July 2026); https://funag.gov.br/manual/index.php?title=Top%C3%B4nimos_e_gent%C3%ADlicos (revision 684, checked 7 October 2026)",<absent>,absence checked,No established locale value in the audited source/fallback record.
101,HU,capitals[0].name,Budapeste,"https://www.gov.br/mre/pt-br/arquivos/manual-de-redacao (23 July 2026); https://funag.gov.br/manual/index.php?title=Top%C3%B4nimos_e_gent%C3%ADlicos (revision 684, checked 7 October 2026)",Budapeste,match,The source cell covers the complete capital list; spelling and shared role were checked separately.
101,HU,capitals[0].label,<absent>,"https://www.gov.br/mre/pt-br/arquivos/manual-de-redacao (23 July 2026); https://funag.gov.br/manual/index.php?title=Top%C3%B4nimos_e_gent%C3%ADlicos (revision 684, checked 7 October 2026)",<absent>,absence checked,No capital label is present in any locale for this location.
101,HU,wikipedia,https://pt.wikipedia.org/wiki/Hungria,"https://www.wikidata.org/ ptwiki sitelink cache, refreshed 7 October 2026",https://pt.wikipedia.org/wiki/Hungria,match,Article link only; never used as the naming authority.
102,IS,name,Islândia,"https://www.gov.br/mre/pt-br/arquivos/manual-de-redacao (23 July 2026); https://funag.gov.br/manual/index.php?title=Top%C3%B4nimos_e_gent%C3%ADlicos (revision 684, checked 7 October 2026)",a Islândia,match,Deck-style transcription omits leading articles and pronunciation annotations.
102,IS,formal_name,<absent>,"https://www.gov.br/mre/pt-br/arquivos/manual-de-redacao (23 July 2026); https://funag.gov.br/manual/index.php?title=Top%C3%B4nimos_e_gent%C3%ADlicos (revision 684, checked 7 October 2026)",a Islândia,absence checked,No established locale value in the audited source/fallback record.
102,IS,name_label,<absent>,"https://www.gov.br/mre/pt-br/arquivos/manual-de-redacao (23 July 2026); https://funag.gov.br/manual/index.php?title=Top%C3%B4nimos_e_gent%C3%ADlicos (revision 684, checked 7 October 2026)",<absent>,absence checked,No established locale value in the audited source/fallback record.
102,IS,capitals[0].name,Reykjavik,"https://www.gov.br/mre/pt-br/arquivos/manual-de-redacao (23 July 2026); https://funag.gov.br/manual/index.php?title=Top%C3%B4nimos_e_gent%C3%ADlicos (revision 684, checked 7 October 2026)",Reykjavik,match,The source cell covers the complete capital list; spelling and shared role were checked separately.
102,IS,capitals[0].label,<absent>,"https://www.gov.br/mre/pt-br/arquivos/manual-de-redacao (23 July 2026); https://funag.gov.br/manual/index.php?title=Top%C3%B4nimos_e_gent%C3%ADlicos (revision 684, checked 7 October 2026)",<absent>,absence checked,No capital label is present in any locale for this location.
102,IS,wikipedia,https://pt.wikipedia.org/wiki/Islândia,"https://www.wikidata.org/ ptwiki sitelink cache, refreshed 7 October 2026",https://pt.wikipedia.org/wiki/Islândia,match,Article link only; never used as the naming authority.
103,IN,name,Índia,"https://www.gov.br/mre/pt-br/arquivos/manual-de-redacao (23 July 2026); https://funag.gov.br/manual/index.php?title=Top%C3%B4nimos_e_gent%C3%ADlicos (revision 684, checked 7 October 2026)",a Índia,match,Deck-style transcription omits leading articles and pronunciation annotations.
103,IN,formal_name,República da Índia,"https://www.gov.br/mre/pt-br/arquivos/manual-de-redacao (23 July 2026); https://funag.gov.br/manual/index.php?title=Top%C3%B4nimos_e_gent%C3%ADlicos (revision 684, checked 7 October 2026)",a República da Índia,match,Deck-style transcription omits leading articles and pronunciation annotations.
103,IN,name_label,<absent>,"https://www.gov.br/mre/pt-br/arquivos/manual-de-redacao (23 July 2026); https://funag.gov.br/manual/index.php?title=Top%C3%B4nimos_e_gent%C3%ADlicos (revision 684, checked 7 October 2026)",<absent>,absence checked,No established locale value in the audited source/fallback record.
103,IN,capitals[0].name,Nova Delhi,"https://www.gov.br/mre/pt-br/arquivos/manual-de-redacao (23 July 2026); https://funag.gov.br/manual/index.php?title=Top%C3%B4nimos_e_gent%C3%ADlicos (revision 684, checked 7 October 2026)",Nova Delhi,match,The source cell covers the complete capital list; spelling and shared role were checked separately.
103,IN,capitals[0].label,<absent>,"https://www.gov.br/mre/pt-br/arquivos/manual-de-redacao (23 July 2026); https://funag.gov.br/manual/index.php?title=Top%C3%B4nimos_e_gent%C3%ADlicos (revision 684, checked 7 October 2026)",<absent>,absence checked,No capital label is present in any locale for this location.
103,IN,wikipedia,https://pt.wikipedia.org/wiki/Índia,"https://www.wikidata.org/ ptwiki sitelink cache, refreshed 7 October 2026",https://pt.wikipedia.org/wiki/Índia,match,Article link only; never used as the naming authority.
104,ID,name,Indonésia,"https://www.gov.br/mre/pt-br/arquivos/manual-de-redacao (23 July 2026); https://funag.gov.br/manual/index.php?title=Top%C3%B4nimos_e_gent%C3%ADlicos (revision 684, checked 7 October 2026)",a Indonésia,match,Deck-style transcription omits leading articles and pronunciation annotations.
104,ID,formal_name,República da Indonésia,"https://www.gov.br/mre/pt-br/arquivos/manual-de-redacao (23 July 2026); https://funag.gov.br/manual/index.php?title=Top%C3%B4nimos_e_gent%C3%ADlicos (revision 684, checked 7 October 2026)",a República da Indonésia,match,Deck-style transcription omits leading articles and pronunciation annotations.
104,ID,name_label,<absent>,"https://www.gov.br/mre/pt-br/arquivos/manual-de-redacao (23 July 2026); https://funag.gov.br/manual/index.php?title=Top%C3%B4nimos_e_gent%C3%ADlicos (revision 684, checked 7 October 2026)",<absent>,absence checked,No established locale value in the audited source/fallback record.
104,ID,capitals[0].name,Jacarta,"https://www.gov.br/mre/pt-br/arquivos/manual-de-redacao (23 July 2026); https://funag.gov.br/manual/index.php?title=Top%C3%B4nimos_e_gent%C3%ADlicos (revision 684, checked 7 October 2026)",Jacarta,match,The source cell covers the complete capital list; spelling and shared role were checked separately.
104,ID,capitals[0].label,<absent>,"https://www.gov.br/mre/pt-br/arquivos/manual-de-redacao (23 July 2026); https://funag.gov.br/manual/index.php?title=Top%C3%B4nimos_e_gent%C3%ADlicos (revision 684, checked 7 October 2026)",<absent>,absence checked,No capital label is present in any locale for this location.
104,ID,wikipedia,https://pt.wikipedia.org/wiki/Indonésia,"https://www.wikidata.org/ ptwiki sitelink cache, refreshed 7 October 2026",https://pt.wikipedia.org/wiki/Indonésia,match,Article link only; never used as the naming authority.
105,IR,name,Irã,"https://www.gov.br/mre/pt-br/arquivos/manual-de-redacao (23 July 2026); https://funag.gov.br/manual/index.php?title=Top%C3%B4nimos_e_gent%C3%ADlicos (revision 684, checked 7 October 2026)",o Irã,match,Deck-style transcription omits leading articles and pronunciation annotations.
105,IR,formal_name,República Islâmica do Irã,"https://www.gov.br/mre/pt-br/arquivos/manual-de-redacao (23 July 2026); https://funag.gov.br/manual/index.php?title=Top%C3%B4nimos_e_gent%C3%ADlicos (revision 684, checked 7 October 2026)",a República Islâmica do Irã,match,Deck-style transcription omits leading articles and pronunciation annotations.
105,IR,name_label,<absent>,"https://www.gov.br/mre/pt-br/arquivos/manual-de-redacao (23 July 2026); https://funag.gov.br/manual/index.php?title=Top%C3%B4nimos_e_gent%C3%ADlicos (revision 684, checked 7 October 2026)",<absent>,absence checked,No established locale value in the audited source/fallback record.
105,IR,capitals[0].name,Teerã,"https://www.gov.br/mre/pt-br/arquivos/manual-de-redacao (23 July 2026); https://funag.gov.br/manual/index.php?title=Top%C3%B4nimos_e_gent%C3%ADlicos (revision 684, checked 7 October 2026)",Teerã,match,The source cell covers the complete capital list; spelling and shared role were checked separately.
105,IR,capitals[0].label,<absent>,"https://www.gov.br/mre/pt-br/arquivos/manual-de-redacao (23 July 2026); https://funag.gov.br/manual/index.php?title=Top%C3%B4nimos_e_gent%C3%ADlicos (revision 684, checked 7 October 2026)",<absent>,absence checked,No capital label is present in any locale for this location.
105,IR,wikipedia,https://pt.wikipedia.org/wiki/Irã,"https://www.wikidata.org/ ptwiki sitelink cache, refreshed 7 October 2026",https://pt.wikipedia.org/wiki/Irã,match,Article link only; never used as the naming authority.
106,IQ,name,Iraque,"https://www.gov.br/mre/pt-br/arquivos/manual-de-redacao (23 July 2026); https://funag.gov.br/manual/index.php?title=Top%C3%B4nimos_e_gent%C3%ADlicos (revision 684, checked 7 October 2026)",o Iraque,match,Deck-style transcription omits leading articles and pronunciation annotations.
106,IQ,formal_name,República do Iraque,"https://www.gov.br/mre/pt-br/arquivos/manual-de-redacao (23 July 2026); https://funag.gov.br/manual/index.php?title=Top%C3%B4nimos_e_gent%C3%ADlicos (revision 684, checked 7 October 2026)",a República do Iraque,match,Deck-style transcription omits leading articles and pronunciation annotations.
106,IQ,name_label,<absent>,"https://www.gov.br/mre/pt-br/arquivos/manual-de-redacao (23 July 2026); https://funag.gov.br/manual/index.php?title=Top%C3%B4nimos_e_gent%C3%ADlicos (revision 684, checked 7 October 2026)",<absent>,absence checked,No established locale value in the audited source/fallback record.
106,IQ,capitals[0].name,Bagdá,"https://www.gov.br/mre/pt-br/arquivos/manual-de-redacao (23 July 2026); https://funag.gov.br/manual/index.php?title=Top%C3%B4nimos_e_gent%C3%ADlicos (revision 684, checked 7 October 2026)",Bagdá,match,The source cell covers the complete capital list; spelling and shared role were checked separately.
106,IQ,capitals[0].label,<absent>,"https://www.gov.br/mre/pt-br/arquivos/manual-de-redacao (23 July 2026); https://funag.gov.br/manual/index.php?title=Top%C3%B4nimos_e_gent%C3%ADlicos (revision 684, checked 7 October 2026)",<absent>,absence checked,No capital label is present in any locale for this location.
106,IQ,wikipedia,https://pt.wikipedia.org/wiki/Iraque,"https://www.wikidata.org/ ptwiki sitelink cache, refreshed 7 October 2026",https://pt.wikipedia.org/wiki/Iraque,match,Article link only; never used as the naming authority.
107,IE,name,Irlanda,"https://www.gov.br/mre/pt-br/arquivos/manual-de-redacao (23 July 2026); https://funag.gov.br/manual/index.php?title=Top%C3%B4nimos_e_gent%C3%ADlicos (revision 684, checked 7 October 2026)",a Irlanda,match,Deck-style transcription omits leading articles and pronunciation annotations.
107,IE,formal_name,<absent>,"https://www.gov.br/mre/pt-br/arquivos/manual-de-redacao (23 July 2026); https://funag.gov.br/manual/index.php?title=Top%C3%B4nimos_e_gent%C3%ADlicos (revision 684, checked 7 October 2026)",a Irlanda,absence checked,No established locale value in the audited source/fallback record.
107,IE,name_label,<absent>,"https://www.gov.br/mre/pt-br/arquivos/manual-de-redacao (23 July 2026); https://funag.gov.br/manual/index.php?title=Top%C3%B4nimos_e_gent%C3%ADlicos (revision 684, checked 7 October 2026)",<absent>,absence checked,No established locale value in the audited source/fallback record.
107,IE,capitals[0].name,Dublin,"https://www.gov.br/mre/pt-br/arquivos/manual-de-redacao (23 July 2026); https://funag.gov.br/manual/index.php?title=Top%C3%B4nimos_e_gent%C3%ADlicos (revision 684, checked 7 October 2026)",Dublin,match,The source cell covers the complete capital list; spelling and shared role were checked separately.
107,IE,capitals[0].label,<absent>,"https://www.gov.br/mre/pt-br/arquivos/manual-de-redacao (23 July 2026); https://funag.gov.br/manual/index.php?title=Top%C3%B4nimos_e_gent%C3%ADlicos (revision 684, checked 7 October 2026)",<absent>,absence checked,No capital label is present in any locale for this location.
107,IE,wikipedia,https://pt.wikipedia.org/wiki/Irlanda,"https://www.wikidata.org/ ptwiki sitelink cache, refreshed 7 October 2026",https://pt.wikipedia.org/wiki/Irlanda,match,Article link only; never used as the naming authority.
108,IM,name,Ilha de Man,"https://funag.gov.br/manual/index.php?title=Top%C3%B4nimos_e_gent%C3%ADlicos (official FUNAG reproduction, revision 684; checked 8 October 2026); https://www.gov.br/sped/pt-br/assuntos/escrituracoes-digitais/e-financeira/manuais-e-documento-tecnicos/tabelas-de-codigos/paises/@@download/file (Receita Federal e-Financeira territory table, modified 29 May 2026; checked 8 October 2026); https://www.iso.org/obp/ui/#iso:code:3166:IM (ISO 3166 Online Browsing Platform, maintained online; checked 8 October 2026)",Receita Federal: Ilha do Homem; FUNAG: Ilha de Man,deviation,"Receita records “Ilha do Homem”; COTW keeps the fully reviewed pt-BR display form, with the precise difference documented in docs/data-changes.md."
108,IM,formal_name,<absent>,"https://www.gov.br/sped/pt-br/assuntos/escrituracoes-digitais/e-financeira/manuais-e-documento-tecnicos/tabelas-de-codigos/paises/@@download/file (Receita Federal e-Financeira territory table, modified 29 May 2026; checked 8 October 2026); https://www.iso.org/obp/ui/#iso:code:3166:IM (ISO 3166 Online Browsing Platform, maintained online; checked 8 October 2026)",No distinct pt-BR formal form in the checked Brazilian/ISO records,absence checked,A formal-name key is deliberately omitted rather than translated without a source.
108,IM,name_label,<absent>,"https://www.gov.br/sped/pt-br/assuntos/escrituracoes-digitais/e-financeira/manuais-e-documento-tecnicos/tabelas-de-codigos/paises/@@download/file (Receita Federal e-Financeira territory table, modified 29 May 2026; checked 8 October 2026); https://www.iso.org/obp/ui/#iso:code:3166:IM (ISO 3166 Online Browsing Platform, maintained online; checked 8 October 2026)",No alternative-name label in the checked Brazilian/ISO records,absence checked,Deliberate absence checked against the concrete fallback records.
108,IM,capitals[0].name,Douglas,"https://www.gov.br/sped/pt-br/assuntos/escrituracoes-digitais/e-financeira/manuais-e-documento-tecnicos/tabelas-de-codigos/paises/@@download/file (Receita Federal e-Financeira territory table, modified 29 May 2026; checked 8 October 2026); https://www.iso.org/obp/ui/#iso:code:3166:IM (ISO 3166 Online Browsing Platform, maintained online; checked 8 October 2026); https://geonames.nga.mil/geonames/GNSHome/ (NGA Geographic Names Server, online; checked 8 October 2026)",Approved/local geographic-name form: Douglas,match,
108,IM,capitals[0].label,<absent>,"https://www.gov.br/sped/pt-br/assuntos/escrituracoes-digitais/e-financeira/manuais-e-documento-tecnicos/tabelas-de-codigos/paises/@@download/file (Receita Federal e-Financeira territory table, modified 29 May 2026; checked 8 October 2026); https://www.iso.org/obp/ui/#iso:code:3166:IM (ISO 3166 Online Browsing Platform, maintained online; checked 8 October 2026)",No role qualifier in the checked naming records; shared role is generic capital,absence checked,No capital label is present in any locale for this generic shared role.
108,IM,wikipedia,https://pt.wikipedia.org/wiki/Ilha_de_Man,"https://www.wikidata.org/ ptwiki sitelink cache, refreshed 7 October 2026",https://pt.wikipedia.org/wiki/Ilha_de_Man,match,Article link only; never used as the naming authority.
109,IL,name,Israel,"https://www.gov.br/mre/pt-br/arquivos/manual-de-redacao (23 July 2026); https://funag.gov.br/manual/index.php?title=Top%C3%B4nimos_e_gent%C3%ADlicos (revision 684, checked 7 October 2026)",Israel,match,Deck-style transcription omits leading articles and pronunciation annotations.
109,IL,formal_name,Estado de Israel,"https://www.gov.br/mre/pt-br/arquivos/manual-de-redacao (23 July 2026); https://funag.gov.br/manual/index.php?title=Top%C3%B4nimos_e_gent%C3%ADlicos (revision 684, checked 7 October 2026)",o Estado de Israel,match,Deck-style transcription omits leading articles and pronunciation annotations.
109,IL,name_label,<absent>,"https://www.gov.br/mre/pt-br/arquivos/manual-de-redacao (23 July 2026); https://funag.gov.br/manual/index.php?title=Top%C3%B4nimos_e_gent%C3%ADlicos (revision 684, checked 7 October 2026)",<absent>,absence checked,No established locale value in the audited source/fallback record.
109,IL,capitals[0].name,Jerusalém,"https://www.gov.br/mre/pt-br/arquivos/manual-de-redacao (23 July 2026); https://funag.gov.br/manual/index.php?title=Top%C3%B4nimos_e_gent%C3%ADlicos (revision 684, checked 7 October 2026)",— (none listed; note 39),deviation,Shared disputed-capital fact retained with the same qualification in every locale.
109,IL,capitals[0].label,disputada,"https://www.gov.br/mre/pt-br/arquivos/manual-de-redacao (23 July 2026); https://funag.gov.br/manual/index.php?title=Top%C3%B4nimos_e_gent%C3%ADlicos (revision 684, checked 7 October 2026)",— (none listed; note 39),deviation,Shared disputed-capital fact retained with the same qualification in every locale.
109,IL,wikipedia,https://pt.wikipedia.org/wiki/Israel,"https://www.wikidata.org/ ptwiki sitelink cache, refreshed 7 October 2026",https://pt.wikipedia.org/wiki/Israel,match,Article link only; never used as the naming authority.
110,IT,name,Itália,"https://www.gov.br/mre/pt-br/arquivos/manual-de-redacao (Itamaraty Manual, updated 23 July 2026); https://www.gov.br/sped/pt-br/assuntos/escrituracoes-digitais/e-financeira/manuais-e-documento-tecnicos/tabelas-de-codigos/paises/@@download/file (Receita Federal e-Financeira territory table, modified 29 May 2026; checked 8 October 2026); https://www.iso.org/obp/ui/#iso:code:3166:IT (ISO 3166 Online Browsing Platform, maintained online; checked 8 October 2026)",Receita Federal: Itália,match,
110,IT,formal_name,<absent>,"https://www.gov.br/mre/pt-br/arquivos/manual-de-redacao (Itamaraty Manual, updated 23 July 2026); https://www.gov.br/sped/pt-br/assuntos/escrituracoes-digitais/e-financeira/manuais-e-documento-tecnicos/tabelas-de-codigos/paises/@@download/file (Receita Federal e-Financeira territory table, modified 29 May 2026; checked 8 October 2026); https://www.iso.org/obp/ui/#iso:code:3166:IT (ISO 3166 Online Browsing Platform, maintained online; checked 8 October 2026)",No established pt-BR formal form in the checked Brazilian/constitutional records,absence checked,The unsourced translation is deliberately omitted; another locale’s formal name is never used as fallback.
110,IT,name_label,<absent>,"https://www.gov.br/mre/pt-br/arquivos/manual-de-redacao (Itamaraty Manual, updated 23 July 2026); https://www.gov.br/sped/pt-br/assuntos/escrituracoes-digitais/e-financeira/manuais-e-documento-tecnicos/tabelas-de-codigos/paises/@@download/file (Receita Federal e-Financeira territory table, modified 29 May 2026; checked 8 October 2026); https://www.iso.org/obp/ui/#iso:code:3166:IT (ISO 3166 Online Browsing Platform, maintained online; checked 8 October 2026)",No alternative-name label in the checked Brazilian/ISO records,absence checked,Deliberate absence checked against the concrete fallback records.
110,IT,capitals[0].name,Roma,"https://www.gov.br/mre/pt-br/arquivos/manual-de-redacao (Itamaraty Manual, updated 23 July 2026); https://funag.gov.br/manual/index.php?title=Top%C3%B4nimos_e_gent%C3%ADlicos (official FUNAG reproduction, revision 684; checked 8 October 2026); https://www.gov.br/sped/pt-br/assuntos/escrituracoes-digitais/e-financeira/manuais-e-documento-tecnicos/tabelas-de-codigos/paises/@@download/file (Receita Federal e-Financeira territory table, modified 29 May 2026; checked 8 October 2026); https://www.iso.org/obp/ui/#iso:code:3166:IT (ISO 3166 Online Browsing Platform, maintained online; checked 8 October 2026); https://geonames.nga.mil/geonames/GNSHome/ (NGA Geographic Names Server, online; checked 8 October 2026)",FUNAG: Roma; geographic-name record: Rome,match,
110,IT,capitals[0].label,<absent>,"https://www.gov.br/mre/pt-br/arquivos/manual-de-redacao (Itamaraty Manual, updated 23 July 2026); https://www.gov.br/sped/pt-br/assuntos/escrituracoes-digitais/e-financeira/manuais-e-documento-tecnicos/tabelas-de-codigos/paises/@@download/file (Receita Federal e-Financeira territory table, modified 29 May 2026; checked 8 October 2026); https://www.iso.org/obp/ui/#iso:code:3166:IT (ISO 3166 Online Browsing Platform, maintained online; checked 8 October 2026)",No role qualifier in the checked naming records; shared role is generic capital,absence checked,No capital label is present in any locale for this generic shared role.
110,IT,wikipedia,https://pt.wikipedia.org/wiki/Itália,"https://www.wikidata.org/ ptwiki sitelink cache, refreshed 7 October 2026",https://pt.wikipedia.org/wiki/Itália,match,Article link only; never used as the naming authority.
111,JM,name,Jamaica,"https://www.gov.br/mre/pt-br/arquivos/manual-de-redacao (23 July 2026); https://funag.gov.br/manual/index.php?title=Top%C3%B4nimos_e_gent%C3%ADlicos (revision 684, checked 7 October 2026)",a Jamaica,match,Deck-style transcription omits leading articles and pronunciation annotations.
111,JM,formal_name,<absent>,"https://www.gov.br/mre/pt-br/arquivos/manual-de-redacao (23 July 2026); https://funag.gov.br/manual/index.php?title=Top%C3%B4nimos_e_gent%C3%ADlicos (revision 684, checked 7 October 2026)",a Jamaica,absence checked,No established locale value in the audited source/fallback record.
111,JM,name_label,<absent>,"https://www.gov.br/mre/pt-br/arquivos/manual-de-redacao (23 July 2026); https://funag.gov.br/manual/index.php?title=Top%C3%B4nimos_e_gent%C3%ADlicos (revision 684, checked 7 October 2026)",<absent>,absence checked,No established locale value in the audited source/fallback record.
111,JM,capitals[0].name,Kingston,"https://www.gov.br/mre/pt-br/arquivos/manual-de-redacao (23 July 2026); https://funag.gov.br/manual/index.php?title=Top%C3%B4nimos_e_gent%C3%ADlicos (revision 684, checked 7 October 2026)",Kingston,match,The source cell covers the complete capital list; spelling and shared role were checked separately.
111,JM,capitals[0].label,<absent>,"https://www.gov.br/mre/pt-br/arquivos/manual-de-redacao (23 July 2026); https://funag.gov.br/manual/index.php?title=Top%C3%B4nimos_e_gent%C3%ADlicos (revision 684, checked 7 October 2026)",<absent>,absence checked,No capital label is present in any locale for this location.
111,JM,wikipedia,https://pt.wikipedia.org/wiki/Jamaica,"https://www.wikidata.org/ ptwiki sitelink cache, refreshed 7 October 2026",https://pt.wikipedia.org/wiki/Jamaica,match,Article link only; never used as the naming authority.
112,JP,name,Japão,"https://www.gov.br/mre/pt-br/arquivos/manual-de-redacao (23 July 2026); https://funag.gov.br/manual/index.php?title=Top%C3%B4nimos_e_gent%C3%ADlicos (revision 684, checked 7 October 2026)",o Japão,match,Deck-style transcription omits leading articles and pronunciation annotations.
112,JP,formal_name,<absent>,"https://www.gov.br/mre/pt-br/arquivos/manual-de-redacao (23 July 2026); https://funag.gov.br/manual/index.php?title=Top%C3%B4nimos_e_gent%C3%ADlicos (revision 684, checked 7 October 2026)",o Japão,absence checked,No established locale value in the audited source/fallback record.
112,JP,name_label,<absent>,"https://www.gov.br/mre/pt-br/arquivos/manual-de-redacao (23 July 2026); https://funag.gov.br/manual/index.php?title=Top%C3%B4nimos_e_gent%C3%ADlicos (revision 684, checked 7 October 2026)",<absent>,absence checked,No established locale value in the audited source/fallback record.
112,JP,capitals[0].name,Tóquio,"https://www.gov.br/mre/pt-br/arquivos/manual-de-redacao (23 July 2026); https://funag.gov.br/manual/index.php?title=Top%C3%B4nimos_e_gent%C3%ADlicos (revision 684, checked 7 October 2026)",Tóquio,match,The source cell covers the complete capital list; spelling and shared role were checked separately.
112,JP,capitals[0].label,<absent>,"https://www.gov.br/mre/pt-br/arquivos/manual-de-redacao (23 July 2026); https://funag.gov.br/manual/index.php?title=Top%C3%B4nimos_e_gent%C3%ADlicos (revision 684, checked 7 October 2026)",<absent>,absence checked,No capital label is present in any locale for this location.
112,JP,wikipedia,https://pt.wikipedia.org/wiki/Japão,"https://www.wikidata.org/ ptwiki sitelink cache, refreshed 7 October 2026",https://pt.wikipedia.org/wiki/Japão,match,Article link only; never used as the naming authority.
113,JE,name,Jersey,"https://funag.gov.br/manual/index.php?title=Top%C3%B4nimos_e_gent%C3%ADlicos (official FUNAG reproduction, revision 684; checked 8 October 2026); https://www.gov.br/sped/pt-br/assuntos/escrituracoes-digitais/e-financeira/manuais-e-documento-tecnicos/tabelas-de-codigos/paises/@@download/file (Receita Federal e-Financeira territory table, modified 29 May 2026; checked 8 October 2026); https://www.iso.org/obp/ui/#iso:code:3166:JE (ISO 3166 Online Browsing Platform, maintained online; checked 8 October 2026)",Receita Federal: Jersey; FUNAG: Jersey,match,
113,JE,formal_name,<absent>,"https://www.gov.br/sped/pt-br/assuntos/escrituracoes-digitais/e-financeira/manuais-e-documento-tecnicos/tabelas-de-codigos/paises/@@download/file (Receita Federal e-Financeira territory table, modified 29 May 2026; checked 8 October 2026); https://www.iso.org/obp/ui/#iso:code:3166:JE (ISO 3166 Online Browsing Platform, maintained online; checked 8 October 2026)",No established pt-BR formal form in the checked Brazilian/constitutional records,absence checked,The unsourced translation is deliberately omitted; another locale’s formal name is never used as fallback.
113,JE,name_label,<absent>,"https://www.gov.br/sped/pt-br/assuntos/escrituracoes-digitais/e-financeira/manuais-e-documento-tecnicos/tabelas-de-codigos/paises/@@download/file (Receita Federal e-Financeira territory table, modified 29 May 2026; checked 8 October 2026); https://www.iso.org/obp/ui/#iso:code:3166:JE (ISO 3166 Online Browsing Platform, maintained online; checked 8 October 2026)",No alternative-name label in the checked Brazilian/ISO records,absence checked,Deliberate absence checked against the concrete fallback records.
113,JE,capitals[0].name,Saint Helier,"https://www.gov.br/sped/pt-br/assuntos/escrituracoes-digitais/e-financeira/manuais-e-documento-tecnicos/tabelas-de-codigos/paises/@@download/file (Receita Federal e-Financeira territory table, modified 29 May 2026; checked 8 October 2026); https://www.iso.org/obp/ui/#iso:code:3166:JE (ISO 3166 Online Browsing Platform, maintained online; checked 8 October 2026); https://geonames.nga.mil/geonames/GNSHome/ (NGA Geographic Names Server, online; checked 8 October 2026)",Approved/local geographic-name form: Saint Helier,match,
113,JE,capitals[0].label,<absent>,"https://www.gov.br/sped/pt-br/assuntos/escrituracoes-digitais/e-financeira/manuais-e-documento-tecnicos/tabelas-de-codigos/paises/@@download/file (Receita Federal e-Financeira territory table, modified 29 May 2026; checked 8 October 2026); https://www.iso.org/obp/ui/#iso:code:3166:JE (ISO 3166 Online Browsing Platform, maintained online; checked 8 October 2026)",No role qualifier in the checked naming records; shared role is generic capital,absence checked,No capital label is present in any locale for this generic shared role.
113,JE,wikipedia,https://pt.wikipedia.org/wiki/Jersey,"https://www.wikidata.org/ ptwiki sitelink cache, refreshed 7 October 2026",https://pt.wikipedia.org/wiki/Jersey,match,Article link only; never used as the naming authority.
114,JO,name,Jordânia,"https://www.gov.br/mre/pt-br/arquivos/manual-de-redacao (23 July 2026); https://funag.gov.br/manual/index.php?title=Top%C3%B4nimos_e_gent%C3%ADlicos (revision 684, checked 7 October 2026)",a Jordânia,match,Deck-style transcription omits leading articles and pronunciation annotations.
114,JO,formal_name,Reino Haxemita da Jordânia,"https://www.gov.br/mre/pt-br/arquivos/manual-de-redacao (23 July 2026); https://funag.gov.br/manual/index.php?title=Top%C3%B4nimos_e_gent%C3%ADlicos (revision 684, checked 7 October 2026)",o Reino Haxemita da Jordânia,match,Deck-style transcription omits leading articles and pronunciation annotations.
114,JO,name_label,<absent>,"https://www.gov.br/mre/pt-br/arquivos/manual-de-redacao (23 July 2026); https://funag.gov.br/manual/index.php?title=Top%C3%B4nimos_e_gent%C3%ADlicos (revision 684, checked 7 October 2026)",<absent>,absence checked,No established locale value in the audited source/fallback record.
114,JO,capitals[0].name,Amã,"https://www.gov.br/mre/pt-br/arquivos/manual-de-redacao (23 July 2026); https://funag.gov.br/manual/index.php?title=Top%C3%B4nimos_e_gent%C3%ADlicos (revision 684, checked 7 October 2026)",Amã,match,The source cell covers the complete capital list; spelling and shared role were checked separately.
114,JO,capitals[0].label,<absent>,"https://www.gov.br/mre/pt-br/arquivos/manual-de-redacao (23 July 2026); https://funag.gov.br/manual/index.php?title=Top%C3%B4nimos_e_gent%C3%ADlicos (revision 684, checked 7 October 2026)",<absent>,absence checked,No capital label is present in any locale for this location.
114,JO,wikipedia,https://pt.wikipedia.org/wiki/Jordânia,"https://www.wikidata.org/ ptwiki sitelink cache, refreshed 7 October 2026",https://pt.wikipedia.org/wiki/Jordânia,match,Article link only; never used as the naming authority.
115,KZ,name,Cazaquistão,"https://www.gov.br/mre/pt-br/arquivos/manual-de-redacao (23 July 2026); https://funag.gov.br/manual/index.php?title=Top%C3%B4nimos_e_gent%C3%ADlicos (revision 684, checked 7 October 2026)",o Cazaquistão,match,Deck-style transcription omits leading articles and pronunciation annotations.
115,KZ,formal_name,República do Cazaquistão,"https://www.gov.br/mre/pt-br/arquivos/manual-de-redacao (23 July 2026); https://funag.gov.br/manual/index.php?title=Top%C3%B4nimos_e_gent%C3%ADlicos (revision 684, checked 7 October 2026)",a República do Cazaquistão,match,Deck-style transcription omits leading articles and pronunciation annotations.
115,KZ,name_label,<absent>,"https://www.gov.br/mre/pt-br/arquivos/manual-de-redacao (23 July 2026); https://funag.gov.br/manual/index.php?title=Top%C3%B4nimos_e_gent%C3%ADlicos (revision 684, checked 7 October 2026)",<absent>,absence checked,No established locale value in the audited source/fallback record.
115,KZ,capitals[0].name,Astana,"https://www.gov.br/mre/pt-br/arquivos/manual-de-redacao (23 July 2026); https://funag.gov.br/manual/index.php?title=Top%C3%B4nimos_e_gent%C3%ADlicos (revision 684, checked 7 October 2026)",Astana,match,The source cell covers the complete capital list; spelling and shared role were checked separately.
115,KZ,capitals[0].label,<absent>,"https://www.gov.br/mre/pt-br/arquivos/manual-de-redacao (23 July 2026); https://funag.gov.br/manual/index.php?title=Top%C3%B4nimos_e_gent%C3%ADlicos (revision 684, checked 7 October 2026)",<absent>,absence checked,No capital label is present in any locale for this location.
115,KZ,wikipedia,https://pt.wikipedia.org/wiki/Cazaquistão,"https://www.wikidata.org/ ptwiki sitelink cache, refreshed 7 October 2026",https://pt.wikipedia.org/wiki/Cazaquistão,match,Article link only; never used as the naming authority.
116,KE,name,Quênia,"https://www.gov.br/mre/pt-br/arquivos/manual-de-redacao (23 July 2026); https://funag.gov.br/manual/index.php?title=Top%C3%B4nimos_e_gent%C3%ADlicos (revision 684, checked 7 October 2026)",o Quênia,match,Deck-style transcription omits leading articles and pronunciation annotations.
116,KE,formal_name,República do Quênia,"https://www.gov.br/mre/pt-br/arquivos/manual-de-redacao (23 July 2026); https://funag.gov.br/manual/index.php?title=Top%C3%B4nimos_e_gent%C3%ADlicos (revision 684, checked 7 October 2026)",a República do Quênia,match,Deck-style transcription omits leading articles and pronunciation annotations.
116,KE,name_label,<absent>,"https://www.gov.br/mre/pt-br/arquivos/manual-de-redacao (23 July 2026); https://funag.gov.br/manual/index.php?title=Top%C3%B4nimos_e_gent%C3%ADlicos (revision 684, checked 7 October 2026)",<absent>,absence checked,No established locale value in the audited source/fallback record.
116,KE,capitals[0].name,Nairóbi,"https://www.gov.br/mre/pt-br/arquivos/manual-de-redacao (23 July 2026); https://funag.gov.br/manual/index.php?title=Top%C3%B4nimos_e_gent%C3%ADlicos (revision 684, checked 7 October 2026)",Nairóbi,match,The source cell covers the complete capital list; spelling and shared role were checked separately.
116,KE,capitals[0].label,<absent>,"https://www.gov.br/mre/pt-br/arquivos/manual-de-redacao (23 July 2026); https://funag.gov.br/manual/index.php?title=Top%C3%B4nimos_e_gent%C3%ADlicos (revision 684, checked 7 October 2026)",<absent>,absence checked,No capital label is present in any locale for this location.
116,KE,wikipedia,https://pt.wikipedia.org/wiki/Quénia,"https://www.wikidata.org/ ptwiki sitelink cache, refreshed 7 October 2026",https://pt.wikipedia.org/wiki/Quénia,match,Article link only; never used as the naming authority.
117,KI,name,Kiribati,"https://www.gov.br/mre/pt-br/arquivos/manual-de-redacao (23 July 2026); https://funag.gov.br/manual/index.php?title=Top%C3%B4nimos_e_gent%C3%ADlicos (revision 684, checked 7 October 2026)",Kiribati,match,Deck-style transcription omits leading articles and pronunciation annotations.
117,KI,formal_name,República de Kiribati,"https://www.gov.br/mre/pt-br/arquivos/manual-de-redacao (23 July 2026); https://funag.gov.br/manual/index.php?title=Top%C3%B4nimos_e_gent%C3%ADlicos (revision 684, checked 7 October 2026)",a República de Kiribati,match,Deck-style transcription omits leading articles and pronunciation annotations.
117,KI,name_label,<absent>,"https://www.gov.br/mre/pt-br/arquivos/manual-de-redacao (23 July 2026); https://funag.gov.br/manual/index.php?title=Top%C3%B4nimos_e_gent%C3%ADlicos (revision 684, checked 7 October 2026)",<absent>,absence checked,No established locale value in the audited source/fallback record.
117,KI,capitals[0].name,Tarawa,"https://www.gov.br/mre/pt-br/arquivos/manual-de-redacao (23 July 2026); https://funag.gov.br/manual/index.php?title=Top%C3%B4nimos_e_gent%C3%ADlicos (revision 684, checked 7 October 2026)",Tarawa,match,The source cell covers the complete capital list; spelling and shared role were checked separately.
117,KI,capitals[0].label,<absent>,"https://www.gov.br/mre/pt-br/arquivos/manual-de-redacao (23 July 2026); https://funag.gov.br/manual/index.php?title=Top%C3%B4nimos_e_gent%C3%ADlicos (revision 684, checked 7 October 2026)",<absent>,absence checked,No capital label is present in any locale for this location.
117,KI,wikipedia,https://pt.wikipedia.org/wiki/Kiribati,"https://www.wikidata.org/ ptwiki sitelink cache, refreshed 7 October 2026",https://pt.wikipedia.org/wiki/Kiribati,match,Article link only; never used as the naming authority.
118,XK,name,Kosovo,"https://gzk.rks-gov.net/ActDetail.aspx?ActID=3702 (Constitution of the Republic of Kosovo, published 9 April 2008; checked 8 October 2026)",Kosovo Constitution: Republic of Kosovo; established pt-BR short form: Kosovo,match,
118,XK,formal_name,<absent>,"https://gzk.rks-gov.net/ActDetail.aspx?ActID=3702 (Constitution of the Republic of Kosovo, published 9 April 2008; checked 8 October 2026)",No established pt-BR formal form in the checked Brazilian/constitutional records,absence checked,The unsourced translation is deliberately omitted; another locale’s formal name is never used as fallback.
118,XK,name_label,<absent>,"https://gzk.rks-gov.net/ActDetail.aspx?ActID=3702 (Constitution of the Republic of Kosovo, published 9 April 2008; checked 8 October 2026)",No alternative-name label in the checked Brazilian/ISO records,absence checked,Deliberate absence checked against the concrete fallback records.
118,XK,capitals[0].name,Pristina,"https://gzk.rks-gov.net/ActDetail.aspx?ActID=3702 (Constitution of the Republic of Kosovo, published 9 April 2008; checked 8 October 2026); https://geonames.nga.mil/geonames/GNSHome/ (NGA Geographic Names Server, online; checked 8 October 2026)",Kosovo Constitution and approved geographic-name record: Pristina,match,The constitutional capital name and the approved geographic-name form agree.
118,XK,capitals[0].label,<absent>,"https://gzk.rks-gov.net/ActDetail.aspx?ActID=3702 (Constitution of the Republic of Kosovo, published 9 April 2008; checked 8 October 2026)",No role qualifier in the checked naming records; shared role is generic capital,absence checked,No capital label is present in any locale for this generic shared role.
118,XK,wikipedia,https://pt.wikipedia.org/wiki/Kosovo,"https://www.wikidata.org/ ptwiki sitelink cache, refreshed 7 October 2026",https://pt.wikipedia.org/wiki/Kosovo,match,Article link only; never used as the naming authority.
119,KW,name,Kuwait,"https://www.gov.br/mre/pt-br/arquivos/manual-de-redacao (23 July 2026); https://funag.gov.br/manual/index.php?title=Top%C3%B4nimos_e_gent%C3%ADlicos (revision 684, checked 7 October 2026)",o Kuwait,match,Deck-style transcription omits leading articles and pronunciation annotations.
119,KW,formal_name,Estado do Kuwait,"https://www.gov.br/mre/pt-br/arquivos/manual-de-redacao (23 July 2026); https://funag.gov.br/manual/index.php?title=Top%C3%B4nimos_e_gent%C3%ADlicos (revision 684, checked 7 October 2026)",o Estado do Kuwait,match,Deck-style transcription omits leading articles and pronunciation annotations.
119,KW,name_label,<absent>,"https://www.gov.br/mre/pt-br/arquivos/manual-de-redacao (23 July 2026); https://funag.gov.br/manual/index.php?title=Top%C3%B4nimos_e_gent%C3%ADlicos (revision 684, checked 7 October 2026)",<absent>,absence checked,No established locale value in the audited source/fallback record.
119,KW,capitals[0].name,Cidade do Kuwait,"https://www.gov.br/mre/pt-br/arquivos/manual-de-redacao (23 July 2026); https://funag.gov.br/manual/index.php?title=Top%C3%B4nimos_e_gent%C3%ADlicos (revision 684, checked 7 October 2026)",Cidade do Kuwait,match,The source cell covers the complete capital list; spelling and shared role were checked separately.
119,KW,capitals[0].label,<absent>,"https://www.gov.br/mre/pt-br/arquivos/manual-de-redacao (23 July 2026); https://funag.gov.br/manual/index.php?title=Top%C3%B4nimos_e_gent%C3%ADlicos (revision 684, checked 7 October 2026)",<absent>,absence checked,No capital label is present in any locale for this location.
119,KW,wikipedia,https://pt.wikipedia.org/wiki/Kuwait,"https://www.wikidata.org/ ptwiki sitelink cache, refreshed 7 October 2026",https://pt.wikipedia.org/wiki/Kuwait,match,Article link only; never used as the naming authority.
120,KG,name,Quirguistão,"https://www.gov.br/mre/pt-br/arquivos/manual-de-redacao (23 July 2026); https://funag.gov.br/manual/index.php?title=Top%C3%B4nimos_e_gent%C3%ADlicos (revision 684, checked 7 October 2026)",o Quirguistão,match,Deck-style transcription omits leading articles and pronunciation annotations.
120,KG,formal_name,República Quirguiz,"https://www.gov.br/mre/pt-br/arquivos/manual-de-redacao (23 July 2026); https://funag.gov.br/manual/index.php?title=Top%C3%B4nimos_e_gent%C3%ADlicos (revision 684, checked 7 October 2026)",a República Quirguiz,match,Deck-style transcription omits leading articles and pronunciation annotations.
120,KG,name_label,<absent>,"https://www.gov.br/mre/pt-br/arquivos/manual-de-redacao (23 July 2026); https://funag.gov.br/manual/index.php?title=Top%C3%B4nimos_e_gent%C3%ADlicos (revision 684, checked 7 October 2026)",<absent>,absence checked,No established locale value in the audited source/fallback record.
120,KG,capitals[0].name,Bishkek,"https://www.gov.br/mre/pt-br/arquivos/manual-de-redacao (23 July 2026); https://funag.gov.br/manual/index.php?title=Top%C3%B4nimos_e_gent%C3%ADlicos (revision 684, checked 7 October 2026)",Bishkek,match,The source cell covers the complete capital list; spelling and shared role were checked separately.
120,KG,capitals[0].label,<absent>,"https://www.gov.br/mre/pt-br/arquivos/manual-de-redacao (23 July 2026); https://funag.gov.br/manual/index.php?title=Top%C3%B4nimos_e_gent%C3%ADlicos (revision 684, checked 7 October 2026)",<absent>,absence checked,No capital label is present in any locale for this location.
120,KG,wikipedia,https://pt.wikipedia.org/wiki/Quirguistão,"https://www.wikidata.org/ ptwiki sitelink cache, refreshed 7 October 2026",https://pt.wikipedia.org/wiki/Quirguistão,match,Article link only; never used as the naming authority.
121,LA,name,Laos,"https://www.gov.br/mre/pt-br/arquivos/manual-de-redacao (23 July 2026); https://funag.gov.br/manual/index.php?title=Top%C3%B4nimos_e_gent%C3%ADlicos (revision 684, checked 7 October 2026)",o Laos,match,Deck-style transcription omits leading articles and pronunciation annotations.
121,LA,formal_name,República Democrática Popular do Laos,"https://www.gov.br/mre/pt-br/arquivos/manual-de-redacao (23 July 2026); https://funag.gov.br/manual/index.php?title=Top%C3%B4nimos_e_gent%C3%ADlicos (revision 684, checked 7 October 2026)",a República Democrática Popular do Laos,match,Deck-style transcription omits leading articles and pronunciation annotations.
121,LA,name_label,<absent>,"https://www.gov.br/mre/pt-br/arquivos/manual-de-redacao (23 July 2026); https://funag.gov.br/manual/index.php?title=Top%C3%B4nimos_e_gent%C3%ADlicos (revision 684, checked 7 October 2026)",<absent>,absence checked,No established locale value in the audited source/fallback record.
121,LA,capitals[0].name,Vientiane,"https://www.gov.br/mre/pt-br/arquivos/manual-de-redacao (23 July 2026); https://funag.gov.br/manual/index.php?title=Top%C3%B4nimos_e_gent%C3%ADlicos (revision 684, checked 7 October 2026)",Vientiane,match,The source cell covers the complete capital list; spelling and shared role were checked separately.
121,LA,capitals[0].label,<absent>,"https://www.gov.br/mre/pt-br/arquivos/manual-de-redacao (23 July 2026); https://funag.gov.br/manual/index.php?title=Top%C3%B4nimos_e_gent%C3%ADlicos (revision 684, checked 7 October 2026)",<absent>,absence checked,No capital label is present in any locale for this location.
121,LA,wikipedia,https://pt.wikipedia.org/wiki/Laos,"https://www.wikidata.org/ ptwiki sitelink cache, refreshed 7 October 2026",https://pt.wikipedia.org/wiki/Laos,match,Article link only; never used as the naming authority.
122,LV,name,Letônia,"https://www.gov.br/mre/pt-br/arquivos/manual-de-redacao (23 July 2026); https://funag.gov.br/manual/index.php?title=Top%C3%B4nimos_e_gent%C3%ADlicos (revision 684, checked 7 October 2026)",a Letônia,match,Deck-style transcription omits leading articles and pronunciation annotations.
122,LV,formal_name,República da Letônia,"https://www.gov.br/mre/pt-br/arquivos/manual-de-redacao (23 July 2026); https://funag.gov.br/manual/index.php?title=Top%C3%B4nimos_e_gent%C3%ADlicos (revision 684, checked 7 October 2026)",a República da Letônia,match,Deck-style transcription omits leading articles and pronunciation annotations.
122,LV,name_label,<absent>,"https://www.gov.br/mre/pt-br/arquivos/manual-de-redacao (23 July 2026); https://funag.gov.br/manual/index.php?title=Top%C3%B4nimos_e_gent%C3%ADlicos (revision 684, checked 7 October 2026)",<absent>,absence checked,No established locale value in the audited source/fallback record.
122,LV,capitals[0].name,Riga,"https://www.gov.br/mre/pt-br/arquivos/manual-de-redacao (23 July 2026); https://funag.gov.br/manual/index.php?title=Top%C3%B4nimos_e_gent%C3%ADlicos (revision 684, checked 7 October 2026)",Riga,match,The source cell covers the complete capital list; spelling and shared role were checked separately.
122,LV,capitals[0].label,<absent>,"https://www.gov.br/mre/pt-br/arquivos/manual-de-redacao (23 July 2026); https://funag.gov.br/manual/index.php?title=Top%C3%B4nimos_e_gent%C3%ADlicos (revision 684, checked 7 October 2026)",<absent>,absence checked,No capital label is present in any locale for this location.
122,LV,wikipedia,https://pt.wikipedia.org/wiki/Letónia,"https://www.wikidata.org/ ptwiki sitelink cache, refreshed 7 October 2026",https://pt.wikipedia.org/wiki/Letónia,match,Article link only; never used as the naming authority.
123,LB,name,Líbano,"https://www.gov.br/mre/pt-br/arquivos/manual-de-redacao (23 July 2026); https://funag.gov.br/manual/index.php?title=Top%C3%B4nimos_e_gent%C3%ADlicos (revision 684, checked 7 October 2026)",o Líbano,match,Deck-style transcription omits leading articles and pronunciation annotations.
123,LB,formal_name,República Libanesa,"https://www.gov.br/mre/pt-br/arquivos/manual-de-redacao (23 July 2026); https://funag.gov.br/manual/index.php?title=Top%C3%B4nimos_e_gent%C3%ADlicos (revision 684, checked 7 October 2026)",a República Libanesa,match,Deck-style transcription omits leading articles and pronunciation annotations.
123,LB,name_label,<absent>,"https://www.gov.br/mre/pt-br/arquivos/manual-de-redacao (23 July 2026); https://funag.gov.br/manual/index.php?title=Top%C3%B4nimos_e_gent%C3%ADlicos (revision 684, checked 7 October 2026)",<absent>,absence checked,No established locale value in the audited source/fallback record.
123,LB,capitals[0].name,Beirute,"https://www.gov.br/mre/pt-br/arquivos/manual-de-redacao (23 July 2026); https://funag.gov.br/manual/index.php?title=Top%C3%B4nimos_e_gent%C3%ADlicos (revision 684, checked 7 October 2026)",Beirute,match,The source cell covers the complete capital list; spelling and shared role were checked separately.
123,LB,capitals[0].label,<absent>,"https://www.gov.br/mre/pt-br/arquivos/manual-de-redacao (23 July 2026); https://funag.gov.br/manual/index.php?title=Top%C3%B4nimos_e_gent%C3%ADlicos (revision 684, checked 7 October 2026)",<absent>,absence checked,No capital label is present in any locale for this location.
123,LB,wikipedia,https://pt.wikipedia.org/wiki/Líbano,"https://www.wikidata.org/ ptwiki sitelink cache, refreshed 7 October 2026",https://pt.wikipedia.org/wiki/Líbano,match,Article link only; never used as the naming authority.
124,LS,name,Lesoto,"https://www.gov.br/mre/pt-br/arquivos/manual-de-redacao (23 July 2026); https://funag.gov.br/manual/index.php?title=Top%C3%B4nimos_e_gent%C3%ADlicos (revision 684, checked 7 October 2026)",o Lesoto,match,Deck-style transcription omits leading articles and pronunciation annotations.
124,LS,formal_name,Reino do Lesoto,"https://www.gov.br/mre/pt-br/arquivos/manual-de-redacao (23 July 2026); https://funag.gov.br/manual/index.php?title=Top%C3%B4nimos_e_gent%C3%ADlicos (revision 684, checked 7 October 2026)",o Reino do Lesoto,match,Deck-style transcription omits leading articles and pronunciation annotations.
124,LS,name_label,<absent>,"https://www.gov.br/mre/pt-br/arquivos/manual-de-redacao (23 July 2026); https://funag.gov.br/manual/index.php?title=Top%C3%B4nimos_e_gent%C3%ADlicos (revision 684, checked 7 October 2026)",<absent>,absence checked,No established locale value in the audited source/fallback record.
124,LS,capitals[0].name,Maseru,"https://www.gov.br/mre/pt-br/arquivos/manual-de-redacao (23 July 2026); https://funag.gov.br/manual/index.php?title=Top%C3%B4nimos_e_gent%C3%ADlicos (revision 684, checked 7 October 2026)",Maseru,match,The source cell covers the complete capital list; spelling and shared role were checked separately.
124,LS,capitals[0].label,<absent>,"https://www.gov.br/mre/pt-br/arquivos/manual-de-redacao (23 July 2026); https://funag.gov.br/manual/index.php?title=Top%C3%B4nimos_e_gent%C3%ADlicos (revision 684, checked 7 October 2026)",<absent>,absence checked,No capital label is present in any locale for this location.
124,LS,wikipedia,https://pt.wikipedia.org/wiki/Lesoto,"https://www.wikidata.org/ ptwiki sitelink cache, refreshed 7 October 2026",https://pt.wikipedia.org/wiki/Lesoto,match,Article link only; never used as the naming authority.
125,LR,name,Libéria,"https://www.gov.br/mre/pt-br/arquivos/manual-de-redacao (23 July 2026); https://funag.gov.br/manual/index.php?title=Top%C3%B4nimos_e_gent%C3%ADlicos (revision 684, checked 7 October 2026)",a Libéria,match,Deck-style transcription omits leading articles and pronunciation annotations.
125,LR,formal_name,República da Libéria,"https://www.gov.br/mre/pt-br/arquivos/manual-de-redacao (23 July 2026); https://funag.gov.br/manual/index.php?title=Top%C3%B4nimos_e_gent%C3%ADlicos (revision 684, checked 7 October 2026)",a República da Libéria,match,Deck-style transcription omits leading articles and pronunciation annotations.
125,LR,name_label,<absent>,"https://www.gov.br/mre/pt-br/arquivos/manual-de-redacao (23 July 2026); https://funag.gov.br/manual/index.php?title=Top%C3%B4nimos_e_gent%C3%ADlicos (revision 684, checked 7 October 2026)",<absent>,absence checked,No established locale value in the audited source/fallback record.
125,LR,capitals[0].name,Monróvia,"https://www.gov.br/mre/pt-br/arquivos/manual-de-redacao (23 July 2026); https://funag.gov.br/manual/index.php?title=Top%C3%B4nimos_e_gent%C3%ADlicos (revision 684, checked 7 October 2026)",Monróvia,match,The source cell covers the complete capital list; spelling and shared role were checked separately.
125,LR,capitals[0].label,<absent>,"https://www.gov.br/mre/pt-br/arquivos/manual-de-redacao (23 July 2026); https://funag.gov.br/manual/index.php?title=Top%C3%B4nimos_e_gent%C3%ADlicos (revision 684, checked 7 October 2026)",<absent>,absence checked,No capital label is present in any locale for this location.
125,LR,wikipedia,https://pt.wikipedia.org/wiki/Libéria,"https://www.wikidata.org/ ptwiki sitelink cache, refreshed 7 October 2026",https://pt.wikipedia.org/wiki/Libéria,match,Article link only; never used as the naming authority.
126,LY,name,Líbia,"https://www.gov.br/mre/pt-br/arquivos/manual-de-redacao (23 July 2026); https://funag.gov.br/manual/index.php?title=Top%C3%B4nimos_e_gent%C3%ADlicos (revision 684, checked 7 October 2026)",a Líbia,match,Deck-style transcription omits leading articles and pronunciation annotations.
126,LY,formal_name,Estado da Líbia,"https://www.gov.br/mre/pt-br/arquivos/manual-de-redacao (23 July 2026); https://funag.gov.br/manual/index.php?title=Top%C3%B4nimos_e_gent%C3%ADlicos (revision 684, checked 7 October 2026)",o Estado da Líbia,match,Deck-style transcription omits leading articles and pronunciation annotations.
126,LY,name_label,<absent>,"https://www.gov.br/mre/pt-br/arquivos/manual-de-redacao (23 July 2026); https://funag.gov.br/manual/index.php?title=Top%C3%B4nimos_e_gent%C3%ADlicos (revision 684, checked 7 October 2026)",<absent>,absence checked,No established locale value in the audited source/fallback record.
126,LY,capitals[0].name,Trípoli,"https://www.gov.br/mre/pt-br/arquivos/manual-de-redacao (23 July 2026); https://funag.gov.br/manual/index.php?title=Top%C3%B4nimos_e_gent%C3%ADlicos (revision 684, checked 7 October 2026)",Trípoli,match,The source cell covers the complete capital list; spelling and shared role were checked separately.
126,LY,capitals[0].label,<absent>,"https://www.gov.br/mre/pt-br/arquivos/manual-de-redacao (23 July 2026); https://funag.gov.br/manual/index.php?title=Top%C3%B4nimos_e_gent%C3%ADlicos (revision 684, checked 7 October 2026)",<absent>,absence checked,No capital label is present in any locale for this location.
126,LY,wikipedia,https://pt.wikipedia.org/wiki/Líbia,"https://www.wikidata.org/ ptwiki sitelink cache, refreshed 7 October 2026",https://pt.wikipedia.org/wiki/Líbia,match,Article link only; never used as the naming authority.
127,LI,name,Liechtenstein,"https://www.gov.br/mre/pt-br/arquivos/manual-de-redacao (23 July 2026); https://funag.gov.br/manual/index.php?title=Top%C3%B4nimos_e_gent%C3%ADlicos (revision 684, checked 7 October 2026)",Liechtenstein,match,Deck-style transcription omits leading articles and pronunciation annotations.
127,LI,formal_name,Principado de Liechtenstein,"https://www.gov.br/mre/pt-br/arquivos/manual-de-redacao (23 July 2026); https://funag.gov.br/manual/index.php?title=Top%C3%B4nimos_e_gent%C3%ADlicos (revision 684, checked 7 October 2026)",o Principado de Liechtenstein,match,Deck-style transcription omits leading articles and pronunciation annotations.
127,LI,name_label,<absent>,"https://www.gov.br/mre/pt-br/arquivos/manual-de-redacao (23 July 2026); https://funag.gov.br/manual/index.php?title=Top%C3%B4nimos_e_gent%C3%ADlicos (revision 684, checked 7 October 2026)",<absent>,absence checked,No established locale value in the audited source/fallback record.
127,LI,capitals[0].name,Vaduz,"https://www.gov.br/mre/pt-br/arquivos/manual-de-redacao (23 July 2026); https://funag.gov.br/manual/index.php?title=Top%C3%B4nimos_e_gent%C3%ADlicos (revision 684, checked 7 October 2026)",Vaduz,match,The source cell covers the complete capital list; spelling and shared role were checked separately.
127,LI,capitals[0].label,<absent>,"https://www.gov.br/mre/pt-br/arquivos/manual-de-redacao (23 July 2026); https://funag.gov.br/manual/index.php?title=Top%C3%B4nimos_e_gent%C3%ADlicos (revision 684, checked 7 October 2026)",<absent>,absence checked,No capital label is present in any locale for this location.
127,LI,wikipedia,https://pt.wikipedia.org/wiki/Liechtenstein,"https://www.wikidata.org/ ptwiki sitelink cache, refreshed 7 October 2026",https://pt.wikipedia.org/wiki/Liechtenstein,match,Article link only; never used as the naming authority.
128,LT,name,Lituânia,"https://www.gov.br/mre/pt-br/arquivos/manual-de-redacao (23 July 2026); https://funag.gov.br/manual/index.php?title=Top%C3%B4nimos_e_gent%C3%ADlicos (revision 684, checked 7 October 2026)",a Lituânia,match,Deck-style transcription omits leading articles and pronunciation annotations.
128,LT,formal_name,República da Lituânia,"https://www.gov.br/mre/pt-br/arquivos/manual-de-redacao (23 July 2026); https://funag.gov.br/manual/index.php?title=Top%C3%B4nimos_e_gent%C3%ADlicos (revision 684, checked 7 October 2026)",a República da Lituânia,match,Deck-style transcription omits leading articles and pronunciation annotations.
128,LT,name_label,<absent>,"https://www.gov.br/mre/pt-br/arquivos/manual-de-redacao (23 July 2026); https://funag.gov.br/manual/index.php?title=Top%C3%B4nimos_e_gent%C3%ADlicos (revision 684, checked 7 October 2026)",<absent>,absence checked,No established locale value in the audited source/fallback record.
128,LT,capitals[0].name,Vilnius,"https://www.gov.br/mre/pt-br/arquivos/manual-de-redacao (23 July 2026); https://funag.gov.br/manual/index.php?title=Top%C3%B4nimos_e_gent%C3%ADlicos (revision 684, checked 7 October 2026)",Vilnius,match,The source cell covers the complete capital list; spelling and shared role were checked separately.
128,LT,capitals[0].label,<absent>,"https://www.gov.br/mre/pt-br/arquivos/manual-de-redacao (23 July 2026); https://funag.gov.br/manual/index.php?title=Top%C3%B4nimos_e_gent%C3%ADlicos (revision 684, checked 7 October 2026)",<absent>,absence checked,No capital label is present in any locale for this location.
128,LT,wikipedia,https://pt.wikipedia.org/wiki/Lituânia,"https://www.wikidata.org/ ptwiki sitelink cache, refreshed 7 October 2026",https://pt.wikipedia.org/wiki/Lituânia,match,Article link only; never used as the naming authority.
129,LU,name,Luxemburgo,"https://www.gov.br/mre/pt-br/arquivos/manual-de-redacao (23 July 2026); https://funag.gov.br/manual/index.php?title=Top%C3%B4nimos_e_gent%C3%ADlicos (revision 684, checked 7 October 2026)",Luxemburgo,match,Deck-style transcription omits leading articles and pronunciation annotations.
129,LU,formal_name,Grão-Ducado de Luxemburgo,"https://www.gov.br/mre/pt-br/arquivos/manual-de-redacao (23 July 2026); https://funag.gov.br/manual/index.php?title=Top%C3%B4nimos_e_gent%C3%ADlicos (revision 684, checked 7 October 2026)",o Grão-Ducado de Luxemburgo,match,Deck-style transcription omits leading articles and pronunciation annotations.
129,LU,name_label,<absent>,"https://www.gov.br/mre/pt-br/arquivos/manual-de-redacao (23 July 2026); https://funag.gov.br/manual/index.php?title=Top%C3%B4nimos_e_gent%C3%ADlicos (revision 684, checked 7 October 2026)",<absent>,absence checked,No established locale value in the audited source/fallback record.
129,LU,capitals[0].name,Luxemburgo,"https://www.gov.br/mre/pt-br/arquivos/manual-de-redacao (23 July 2026); https://funag.gov.br/manual/index.php?title=Top%C3%B4nimos_e_gent%C3%ADlicos (revision 684, checked 7 October 2026)",Luxemburgo,match,The source cell covers the complete capital list; spelling and shared role were checked separately.
129,LU,capitals[0].label,<absent>,"https://www.gov.br/mre/pt-br/arquivos/manual-de-redacao (23 July 2026); https://funag.gov.br/manual/index.php?title=Top%C3%B4nimos_e_gent%C3%ADlicos (revision 684, checked 7 October 2026)",<absent>,absence checked,No capital label is present in any locale for this location.
129,LU,wikipedia,https://pt.wikipedia.org/wiki/Luxemburgo,"https://www.wikidata.org/ ptwiki sitelink cache, refreshed 7 October 2026",https://pt.wikipedia.org/wiki/Luxemburgo,match,Article link only; never used as the naming authority.
130,MO,name,Macau,"https://funag.gov.br/manual/index.php?title=Top%C3%B4nimos_e_gent%C3%ADlicos (official FUNAG reproduction, revision 684; checked 8 October 2026); https://www.gov.br/sped/pt-br/assuntos/escrituracoes-digitais/e-financeira/manuais-e-documento-tecnicos/tabelas-de-codigos/paises/@@download/file (Receita Federal e-Financeira territory table, modified 29 May 2026; checked 8 October 2026); https://www.iso.org/obp/ui/#iso:code:3166:MO (ISO 3166 Online Browsing Platform, maintained online; checked 8 October 2026); https://www.gov.mo/pt/conteudo/leis/diplomas-constitucionais/ (Macau Basic Law portal, checked 8 October 2026)",Receita Federal: Macau; FUNAG: Macau,match,Concrete Brazilian sources confirm the approved short name without a recognition qualifier.
130,MO,formal_name,<absent>,"https://www.gov.br/sped/pt-br/assuntos/escrituracoes-digitais/e-financeira/manuais-e-documento-tecnicos/tabelas-de-codigos/paises/@@download/file (Receita Federal e-Financeira territory table, modified 29 May 2026; checked 8 October 2026); https://www.iso.org/obp/ui/#iso:code:3166:MO (ISO 3166 Online Browsing Platform, maintained online; checked 8 October 2026); https://www.gov.mo/pt/conteudo/leis/diplomas-constitucionais/ (Macau Basic Law portal, checked 8 October 2026)",No established pt-BR formal form in the checked Brazilian/constitutional records,absence checked,The unsourced translation is deliberately omitted; another locale’s formal name is never used as fallback.
130,MO,name_label,<absent>,"https://www.gov.br/sped/pt-br/assuntos/escrituracoes-digitais/e-financeira/manuais-e-documento-tecnicos/tabelas-de-codigos/paises/@@download/file (Receita Federal e-Financeira territory table, modified 29 May 2026; checked 8 October 2026); https://www.iso.org/obp/ui/#iso:code:3166:MO (ISO 3166 Online Browsing Platform, maintained online; checked 8 October 2026); https://www.gov.mo/pt/conteudo/leis/diplomas-constitucionais/ (Macau Basic Law portal, checked 8 October 2026)",No alternative-name label in the checked Brazilian/ISO records,absence checked,Deliberate absence checked against the concrete fallback records.
130,MO,capitals[0].name,Macau,"https://funag.gov.br/manual/index.php?title=Top%C3%B4nimos_e_gent%C3%ADlicos (official FUNAG reproduction, revision 684; checked 8 October 2026); https://www.gov.br/sped/pt-br/assuntos/escrituracoes-digitais/e-financeira/manuais-e-documento-tecnicos/tabelas-de-codigos/paises/@@download/file (Receita Federal e-Financeira territory table, modified 29 May 2026; checked 8 October 2026); https://www.iso.org/obp/ui/#iso:code:3166:MO (ISO 3166 Online Browsing Platform, maintained online; checked 8 October 2026); https://www.gov.mo/pt/conteudo/leis/diplomas-constitucionais/ (Macau Basic Law portal, checked 8 October 2026); https://geonames.nga.mil/geonames/GNSHome/ (NGA Geographic Names Server, online; checked 8 October 2026)",FUNAG: Macau; geographic-name record: Macao,match,
130,MO,capitals[0].label,<absent>,"https://www.gov.br/sped/pt-br/assuntos/escrituracoes-digitais/e-financeira/manuais-e-documento-tecnicos/tabelas-de-codigos/paises/@@download/file (Receita Federal e-Financeira territory table, modified 29 May 2026; checked 8 October 2026); https://www.iso.org/obp/ui/#iso:code:3166:MO (ISO 3166 Online Browsing Platform, maintained online; checked 8 October 2026); https://www.gov.mo/pt/conteudo/leis/diplomas-constitucionais/ (Macau Basic Law portal, checked 8 October 2026)",No role qualifier in the checked naming records; shared role is generic capital,absence checked,No capital label is present in any locale for this generic shared role.
130,MO,wikipedia,https://pt.wikipedia.org/wiki/Macau,"https://www.wikidata.org/ ptwiki sitelink cache, refreshed 7 October 2026",https://pt.wikipedia.org/wiki/Macau,match,Article link only; never used as the naming authority.
131,MG,name,Madagascar,"https://www.gov.br/mre/pt-br/arquivos/manual-de-redacao (23 July 2026); https://funag.gov.br/manual/index.php?title=Top%C3%B4nimos_e_gent%C3%ADlicos (revision 684, checked 7 October 2026)",Madagascar,match,Deck-style transcription omits leading articles and pronunciation annotations.
131,MG,formal_name,República de Madagascar,"https://www.gov.br/mre/pt-br/arquivos/manual-de-redacao (23 July 2026); https://funag.gov.br/manual/index.php?title=Top%C3%B4nimos_e_gent%C3%ADlicos (revision 684, checked 7 October 2026)",a República do Madagascar,match,Deck-style transcription omits leading articles and pronunciation annotations.
131,MG,name_label,<absent>,"https://www.gov.br/mre/pt-br/arquivos/manual-de-redacao (23 July 2026); https://funag.gov.br/manual/index.php?title=Top%C3%B4nimos_e_gent%C3%ADlicos (revision 684, checked 7 October 2026)",<absent>,absence checked,No established locale value in the audited source/fallback record.
131,MG,capitals[0].name,Antananarivo,"https://www.gov.br/mre/pt-br/arquivos/manual-de-redacao (23 July 2026); https://funag.gov.br/manual/index.php?title=Top%C3%B4nimos_e_gent%C3%ADlicos (revision 684, checked 7 October 2026)",Antananarivo,match,The source cell covers the complete capital list; spelling and shared role were checked separately.
131,MG,capitals[0].label,<absent>,"https://www.gov.br/mre/pt-br/arquivos/manual-de-redacao (23 July 2026); https://funag.gov.br/manual/index.php?title=Top%C3%B4nimos_e_gent%C3%ADlicos (revision 684, checked 7 October 2026)",<absent>,absence checked,No capital label is present in any locale for this location.
131,MG,wikipedia,https://pt.wikipedia.org/wiki/Madagáscar,"https://www.wikidata.org/ ptwiki sitelink cache, refreshed 7 October 2026",https://pt.wikipedia.org/wiki/Madagáscar,match,Article link only; never used as the naming authority.
132,MW,name,Malawi,"https://www.gov.br/mre/pt-br/arquivos/manual-de-redacao (23 July 2026); https://funag.gov.br/manual/index.php?title=Top%C3%B4nimos_e_gent%C3%ADlicos (revision 684, checked 7 October 2026)",o Malawi,match,Deck-style transcription omits leading articles and pronunciation annotations.
132,MW,formal_name,República do Malawi,"https://www.gov.br/mre/pt-br/arquivos/manual-de-redacao (23 July 2026); https://funag.gov.br/manual/index.php?title=Top%C3%B4nimos_e_gent%C3%ADlicos (revision 684, checked 7 October 2026)",a República do Malawi [pronúncia: Maláui],match,Deck-style transcription omits leading articles and pronunciation annotations.
132,MW,name_label,<absent>,"https://www.gov.br/mre/pt-br/arquivos/manual-de-redacao (23 July 2026); https://funag.gov.br/manual/index.php?title=Top%C3%B4nimos_e_gent%C3%ADlicos (revision 684, checked 7 October 2026)",<absent>,absence checked,No established locale value in the audited source/fallback record.
132,MW,capitals[0].name,Lilongwe,"https://www.gov.br/mre/pt-br/arquivos/manual-de-redacao (23 July 2026); https://funag.gov.br/manual/index.php?title=Top%C3%B4nimos_e_gent%C3%ADlicos (revision 684, checked 7 October 2026)",Lilongwe [pronúncia: Lilôngüe],match,The source cell covers the complete capital list; spelling and shared role were checked separately.
132,MW,capitals[0].label,<absent>,"https://www.gov.br/mre/pt-br/arquivos/manual-de-redacao (23 July 2026); https://funag.gov.br/manual/index.php?title=Top%C3%B4nimos_e_gent%C3%ADlicos (revision 684, checked 7 October 2026)",<absent>,absence checked,No capital label is present in any locale for this location.
132,MW,wikipedia,https://pt.wikipedia.org/wiki/Malawi,"https://www.wikidata.org/ ptwiki sitelink cache, refreshed 7 October 2026",https://pt.wikipedia.org/wiki/Malawi,match,Article link only; never used as the naming authority.
133,MY,name,Malásia,"https://www.gov.br/mre/pt-br/arquivos/manual-de-redacao (23 July 2026); https://funag.gov.br/manual/index.php?title=Top%C3%B4nimos_e_gent%C3%ADlicos (revision 684, checked 7 October 2026)",a Malásia,match,Deck-style transcription omits leading articles and pronunciation annotations.
133,MY,formal_name,<absent>,"https://www.gov.br/mre/pt-br/arquivos/manual-de-redacao (23 July 2026); https://funag.gov.br/manual/index.php?title=Top%C3%B4nimos_e_gent%C3%ADlicos (revision 684, checked 7 October 2026)",a Malásia,absence checked,No established locale value in the audited source/fallback record.
133,MY,name_label,<absent>,"https://www.gov.br/mre/pt-br/arquivos/manual-de-redacao (23 July 2026); https://funag.gov.br/manual/index.php?title=Top%C3%B4nimos_e_gent%C3%ADlicos (revision 684, checked 7 October 2026)",<absent>,absence checked,No established locale value in the audited source/fallback record.
133,MY,capitals[0].name,Kuala Lumpur,"https://www.gov.br/mre/pt-br/arquivos/manual-de-redacao (23 July 2026); https://funag.gov.br/manual/index.php?title=Top%C3%B4nimos_e_gent%C3%ADlicos (revision 684, checked 7 October 2026)",Kuala Lumpur,match,The source cell covers the complete capital list; spelling and shared role were checked separately.
133,MY,capitals[0].label,capital,"https://www.gov.br/mre/pt-br/arquivos/manual-de-redacao (23 July 2026); https://funag.gov.br/manual/index.php?title=Top%C3%B4nimos_e_gent%C3%ADlicos (revision 684, checked 7 October 2026)",capital oficial,deviation,Translated from the post-correction shared capital role/detail on main; contributor-only role detail was not restored.
133,MY,capitals[1].name,Putrajaya,"https://www.gov.br/mre/pt-br/arquivos/manual-de-redacao (23 July 2026); https://funag.gov.br/manual/index.php?title=Top%C3%B4nimos_e_gent%C3%ADlicos (revision 684, checked 7 October 2026)",Kuala Lumpur,match,The source cell covers the complete capital list; spelling and shared role were checked separately.
133,MY,capitals[1].label,sede do governo,"https://www.gov.br/mre/pt-br/arquivos/manual-de-redacao (23 July 2026); https://funag.gov.br/manual/index.php?title=Top%C3%B4nimos_e_gent%C3%ADlicos (revision 684, checked 7 October 2026)",sede administrativa e capital judiciária,deviation,Translated from the post-correction shared capital role/detail on main; contributor-only role detail was not restored.
133,MY,wikipedia,https://pt.wikipedia.org/wiki/Malásia,"https://www.wikidata.org/ ptwiki sitelink cache, refreshed 7 October 2026",https://pt.wikipedia.org/wiki/Malásia,match,Article link only; never used as the naming authority.
134,MV,name,Maldivas,"https://www.gov.br/mre/pt-br/arquivos/manual-de-redacao (23 July 2026); https://funag.gov.br/manual/index.php?title=Top%C3%B4nimos_e_gent%C3%ADlicos (revision 684, checked 7 October 2026)",as Maldivas,match,Deck-style transcription omits leading articles and pronunciation annotations.
134,MV,formal_name,República das Maldivas,"https://www.gov.br/mre/pt-br/arquivos/manual-de-redacao (23 July 2026); https://funag.gov.br/manual/index.php?title=Top%C3%B4nimos_e_gent%C3%ADlicos (revision 684, checked 7 October 2026)",a República das Maldivas,match,Deck-style transcription omits leading articles and pronunciation annotations.
134,MV,name_label,<absent>,"https://www.gov.br/mre/pt-br/arquivos/manual-de-redacao (23 July 2026); https://funag.gov.br/manual/index.php?title=Top%C3%B4nimos_e_gent%C3%ADlicos (revision 684, checked 7 October 2026)",<absent>,absence checked,No established locale value in the audited source/fallback record.
134,MV,capitals[0].name,Malé,"https://www.gov.br/mre/pt-br/arquivos/manual-de-redacao (23 July 2026); https://funag.gov.br/manual/index.php?title=Top%C3%B4nimos_e_gent%C3%ADlicos (revision 684, checked 7 October 2026)",Malé,match,The source cell covers the complete capital list; spelling and shared role were checked separately.
134,MV,capitals[0].label,<absent>,"https://www.gov.br/mre/pt-br/arquivos/manual-de-redacao (23 July 2026); https://funag.gov.br/manual/index.php?title=Top%C3%B4nimos_e_gent%C3%ADlicos (revision 684, checked 7 October 2026)",<absent>,absence checked,No capital label is present in any locale for this location.
134,MV,wikipedia,https://pt.wikipedia.org/wiki/Maldivas,"https://www.wikidata.org/ ptwiki sitelink cache, refreshed 7 October 2026",https://pt.wikipedia.org/wiki/Maldivas,match,Article link only; never used as the naming authority.
135,ML,name,Mali,"https://www.gov.br/mre/pt-br/arquivos/manual-de-redacao (23 July 2026); https://funag.gov.br/manual/index.php?title=Top%C3%B4nimos_e_gent%C3%ADlicos (revision 684, checked 7 October 2026)",o Mali,match,Deck-style transcription omits leading articles and pronunciation annotations.
135,ML,formal_name,República do Mali,"https://www.gov.br/mre/pt-br/arquivos/manual-de-redacao (23 July 2026); https://funag.gov.br/manual/index.php?title=Top%C3%B4nimos_e_gent%C3%ADlicos (revision 684, checked 7 October 2026)",a República do Mali,match,Deck-style transcription omits leading articles and pronunciation annotations.
135,ML,name_label,<absent>,"https://www.gov.br/mre/pt-br/arquivos/manual-de-redacao (23 July 2026); https://funag.gov.br/manual/index.php?title=Top%C3%B4nimos_e_gent%C3%ADlicos (revision 684, checked 7 October 2026)",<absent>,absence checked,No established locale value in the audited source/fallback record.
135,ML,capitals[0].name,Bamako,"https://www.gov.br/mre/pt-br/arquivos/manual-de-redacao (23 July 2026); https://funag.gov.br/manual/index.php?title=Top%C3%B4nimos_e_gent%C3%ADlicos (revision 684, checked 7 October 2026)",Bamako,match,The source cell covers the complete capital list; spelling and shared role were checked separately.
135,ML,capitals[0].label,<absent>,"https://www.gov.br/mre/pt-br/arquivos/manual-de-redacao (23 July 2026); https://funag.gov.br/manual/index.php?title=Top%C3%B4nimos_e_gent%C3%ADlicos (revision 684, checked 7 October 2026)",<absent>,absence checked,No capital label is present in any locale for this location.
135,ML,wikipedia,https://pt.wikipedia.org/wiki/Mali,"https://www.wikidata.org/ ptwiki sitelink cache, refreshed 7 October 2026",https://pt.wikipedia.org/wiki/Mali,match,Article link only; never used as the naming authority.
136,MT,name,Malta,"https://www.gov.br/mre/pt-br/arquivos/manual-de-redacao (23 July 2026); https://funag.gov.br/manual/index.php?title=Top%C3%B4nimos_e_gent%C3%ADlicos (revision 684, checked 7 October 2026)",Malta,match,Deck-style transcription omits leading articles and pronunciation annotations.
136,MT,formal_name,República de Malta,"https://www.gov.br/mre/pt-br/arquivos/manual-de-redacao (23 July 2026); https://funag.gov.br/manual/index.php?title=Top%C3%B4nimos_e_gent%C3%ADlicos (revision 684, checked 7 October 2026)",a República de Malta,match,Deck-style transcription omits leading articles and pronunciation annotations.
136,MT,name_label,<absent>,"https://www.gov.br/mre/pt-br/arquivos/manual-de-redacao (23 July 2026); https://funag.gov.br/manual/index.php?title=Top%C3%B4nimos_e_gent%C3%ADlicos (revision 684, checked 7 October 2026)",<absent>,absence checked,No established locale value in the audited source/fallback record.
136,MT,capitals[0].name,Valletta,"https://www.gov.br/mre/pt-br/arquivos/manual-de-redacao (23 July 2026); https://funag.gov.br/manual/index.php?title=Top%C3%B4nimos_e_gent%C3%ADlicos (revision 684, checked 7 October 2026)",Valletta,match,The source cell covers the complete capital list; spelling and shared role were checked separately.
136,MT,capitals[0].label,<absent>,"https://www.gov.br/mre/pt-br/arquivos/manual-de-redacao (23 July 2026); https://funag.gov.br/manual/index.php?title=Top%C3%B4nimos_e_gent%C3%ADlicos (revision 684, checked 7 October 2026)",<absent>,absence checked,No capital label is present in any locale for this location.
136,MT,wikipedia,https://pt.wikipedia.org/wiki/Malta,"https://www.wikidata.org/ ptwiki sitelink cache, refreshed 7 October 2026",https://pt.wikipedia.org/wiki/Malta,match,Article link only; never used as the naming authority.
137,MH,name,Ilhas Marshall,"https://www.gov.br/mre/pt-br/arquivos/manual-de-redacao (23 July 2026); https://funag.gov.br/manual/index.php?title=Top%C3%B4nimos_e_gent%C3%ADlicos (revision 684, checked 7 October 2026)",as Ilhas Marshall,match,Deck-style transcription omits leading articles and pronunciation annotations.
137,MH,formal_name,República das Ilhas Marshall,"https://www.gov.br/mre/pt-br/arquivos/manual-de-redacao (23 July 2026); https://funag.gov.br/manual/index.php?title=Top%C3%B4nimos_e_gent%C3%ADlicos (revision 684, checked 7 October 2026)",a República das Ilhas Marshall,match,Deck-style transcription omits leading articles and pronunciation annotations.
137,MH,name_label,<absent>,"https://www.gov.br/mre/pt-br/arquivos/manual-de-redacao (23 July 2026); https://funag.gov.br/manual/index.php?title=Top%C3%B4nimos_e_gent%C3%ADlicos (revision 684, checked 7 October 2026)",<absent>,absence checked,No established locale value in the audited source/fallback record.
137,MH,capitals[0].name,Majuro,"https://www.gov.br/mre/pt-br/arquivos/manual-de-redacao (23 July 2026); https://funag.gov.br/manual/index.php?title=Top%C3%B4nimos_e_gent%C3%ADlicos (revision 684, checked 7 October 2026)",Majuro,match,The source cell covers the complete capital list; spelling and shared role were checked separately.
137,MH,capitals[0].label,<absent>,"https://www.gov.br/mre/pt-br/arquivos/manual-de-redacao (23 July 2026); https://funag.gov.br/manual/index.php?title=Top%C3%B4nimos_e_gent%C3%ADlicos (revision 684, checked 7 October 2026)",<absent>,absence checked,No capital label is present in any locale for this location.
137,MH,wikipedia,https://pt.wikipedia.org/wiki/Ilhas_Marshall,"https://www.wikidata.org/ ptwiki sitelink cache, refreshed 7 October 2026",https://pt.wikipedia.org/wiki/Ilhas_Marshall,match,Article link only; never used as the naming authority.
138,MQ,name,Martinica,"https://funag.gov.br/manual/index.php?title=Top%C3%B4nimos_e_gent%C3%ADlicos (official FUNAG reproduction, revision 684; checked 8 October 2026); https://www.gov.br/sped/pt-br/assuntos/escrituracoes-digitais/e-financeira/manuais-e-documento-tecnicos/tabelas-de-codigos/paises/@@download/file (Receita Federal e-Financeira territory table, modified 29 May 2026; checked 8 October 2026); https://www.iso.org/obp/ui/#iso:code:3166:MQ (ISO 3166 Online Browsing Platform, maintained online; checked 8 October 2026)",Receita Federal: Martinica; FUNAG: Martinica,match,
138,MQ,formal_name,<absent>,"https://www.gov.br/sped/pt-br/assuntos/escrituracoes-digitais/e-financeira/manuais-e-documento-tecnicos/tabelas-de-codigos/paises/@@download/file (Receita Federal e-Financeira territory table, modified 29 May 2026; checked 8 October 2026); https://www.iso.org/obp/ui/#iso:code:3166:MQ (ISO 3166 Online Browsing Platform, maintained online; checked 8 October 2026)",No distinct pt-BR formal form in the checked Brazilian/ISO records,absence checked,A formal-name key is deliberately omitted rather than translated without a source.
138,MQ,name_label,<absent>,"https://www.gov.br/sped/pt-br/assuntos/escrituracoes-digitais/e-financeira/manuais-e-documento-tecnicos/tabelas-de-codigos/paises/@@download/file (Receita Federal e-Financeira territory table, modified 29 May 2026; checked 8 October 2026); https://www.iso.org/obp/ui/#iso:code:3166:MQ (ISO 3166 Online Browsing Platform, maintained online; checked 8 October 2026)",No alternative-name label in the checked Brazilian/ISO records,absence checked,Deliberate absence checked against the concrete fallback records.
138,MQ,capitals[0].name,Fort-de-France,"https://www.gov.br/sped/pt-br/assuntos/escrituracoes-digitais/e-financeira/manuais-e-documento-tecnicos/tabelas-de-codigos/paises/@@download/file (Receita Federal e-Financeira territory table, modified 29 May 2026; checked 8 October 2026); https://www.iso.org/obp/ui/#iso:code:3166:MQ (ISO 3166 Online Browsing Platform, maintained online; checked 8 October 2026); https://geonames.nga.mil/geonames/GNSHome/ (NGA Geographic Names Server, online; checked 8 October 2026)",Approved/local geographic-name form: Fort-de-France,match,
138,MQ,capitals[0].label,<absent>,"https://www.gov.br/sped/pt-br/assuntos/escrituracoes-digitais/e-financeira/manuais-e-documento-tecnicos/tabelas-de-codigos/paises/@@download/file (Receita Federal e-Financeira territory table, modified 29 May 2026; checked 8 October 2026); https://www.iso.org/obp/ui/#iso:code:3166:MQ (ISO 3166 Online Browsing Platform, maintained online; checked 8 October 2026)",No role qualifier in the checked naming records; shared role is generic capital,absence checked,No capital label is present in any locale for this generic shared role.
138,MQ,wikipedia,https://pt.wikipedia.org/wiki/Martinica,"https://www.wikidata.org/ ptwiki sitelink cache, refreshed 7 October 2026",https://pt.wikipedia.org/wiki/Martinica,match,Article link only; never used as the naming authority.
139,MR,name,Mauritânia,"https://www.gov.br/mre/pt-br/arquivos/manual-de-redacao (23 July 2026); https://funag.gov.br/manual/index.php?title=Top%C3%B4nimos_e_gent%C3%ADlicos (revision 684, checked 7 October 2026)",a Mauritânia,match,Deck-style transcription omits leading articles and pronunciation annotations.
139,MR,formal_name,República Islâmica da Mauritânia,"https://www.gov.br/mre/pt-br/arquivos/manual-de-redacao (23 July 2026); https://funag.gov.br/manual/index.php?title=Top%C3%B4nimos_e_gent%C3%ADlicos (revision 684, checked 7 October 2026)",a República Islâmica da Mauritânia,match,Deck-style transcription omits leading articles and pronunciation annotations.
139,MR,name_label,<absent>,"https://www.gov.br/mre/pt-br/arquivos/manual-de-redacao (23 July 2026); https://funag.gov.br/manual/index.php?title=Top%C3%B4nimos_e_gent%C3%ADlicos (revision 684, checked 7 October 2026)",<absent>,absence checked,No established locale value in the audited source/fallback record.
139,MR,capitals[0].name,Nouakchott,"https://www.gov.br/mre/pt-br/arquivos/manual-de-redacao (23 July 2026); https://funag.gov.br/manual/index.php?title=Top%C3%B4nimos_e_gent%C3%ADlicos (revision 684, checked 7 October 2026)",Nouakchott,match,The source cell covers the complete capital list; spelling and shared role were checked separately.
139,MR,capitals[0].label,<absent>,"https://www.gov.br/mre/pt-br/arquivos/manual-de-redacao (23 July 2026); https://funag.gov.br/manual/index.php?title=Top%C3%B4nimos_e_gent%C3%ADlicos (revision 684, checked 7 October 2026)",<absent>,absence checked,No capital label is present in any locale for this location.
139,MR,wikipedia,https://pt.wikipedia.org/wiki/Mauritânia,"https://www.wikidata.org/ ptwiki sitelink cache, refreshed 7 October 2026",https://pt.wikipedia.org/wiki/Mauritânia,match,Article link only; never used as the naming authority.
140,MU,name,Maurício,"https://www.gov.br/mre/pt-br/arquivos/manual-de-redacao (23 July 2026); https://funag.gov.br/manual/index.php?title=Top%C3%B4nimos_e_gent%C3%ADlicos (revision 684, checked 7 October 2026)",Maurício,match,Deck-style transcription omits leading articles and pronunciation annotations.
140,MU,formal_name,República de Maurício,"https://www.gov.br/mre/pt-br/arquivos/manual-de-redacao (23 July 2026); https://funag.gov.br/manual/index.php?title=Top%C3%B4nimos_e_gent%C3%ADlicos (revision 684, checked 7 October 2026)",a República de Maurício,match,Deck-style transcription omits leading articles and pronunciation annotations.
140,MU,name_label,<absent>,"https://www.gov.br/mre/pt-br/arquivos/manual-de-redacao (23 July 2026); https://funag.gov.br/manual/index.php?title=Top%C3%B4nimos_e_gent%C3%ADlicos (revision 684, checked 7 October 2026)",<absent>,absence checked,No established locale value in the audited source/fallback record.
140,MU,capitals[0].name,Port Louis,"https://www.gov.br/mre/pt-br/arquivos/manual-de-redacao (23 July 2026); https://funag.gov.br/manual/index.php?title=Top%C3%B4nimos_e_gent%C3%ADlicos (revision 684, checked 7 October 2026)",Port Louis,match,The source cell covers the complete capital list; spelling and shared role were checked separately.
140,MU,capitals[0].label,<absent>,"https://www.gov.br/mre/pt-br/arquivos/manual-de-redacao (23 July 2026); https://funag.gov.br/manual/index.php?title=Top%C3%B4nimos_e_gent%C3%ADlicos (revision 684, checked 7 October 2026)",<absent>,absence checked,No capital label is present in any locale for this location.
140,MU,wikipedia,https://pt.wikipedia.org/wiki/Maurícia,"https://www.wikidata.org/ ptwiki sitelink cache, refreshed 7 October 2026",https://pt.wikipedia.org/wiki/Maurícia,match,Article link only; never used as the naming authority.
141,YT,name,Mayotte,"https://funag.gov.br/manual/index.php?title=Top%C3%B4nimos_e_gent%C3%ADlicos (official FUNAG reproduction, revision 684; checked 8 October 2026); https://www.gov.br/sped/pt-br/assuntos/escrituracoes-digitais/e-financeira/manuais-e-documento-tecnicos/tabelas-de-codigos/paises/@@download/file (Receita Federal e-Financeira territory table, modified 29 May 2026; checked 8 October 2026); https://www.iso.org/obp/ui/#iso:code:3166:YT (ISO 3166 Online Browsing Platform, maintained online; checked 8 October 2026)",Receita Federal: Mayotte; FUNAG: Mayotte,match,
141,YT,formal_name,<absent>,"https://www.gov.br/sped/pt-br/assuntos/escrituracoes-digitais/e-financeira/manuais-e-documento-tecnicos/tabelas-de-codigos/paises/@@download/file (Receita Federal e-Financeira territory table, modified 29 May 2026; checked 8 October 2026); https://www.iso.org/obp/ui/#iso:code:3166:YT (ISO 3166 Online Browsing Platform, maintained online; checked 8 October 2026)",No established pt-BR formal form in the checked Brazilian/constitutional records,absence checked,The unsourced translation is deliberately omitted; another locale’s formal name is never used as fallback.
141,YT,name_label,<absent>,"https://www.gov.br/sped/pt-br/assuntos/escrituracoes-digitais/e-financeira/manuais-e-documento-tecnicos/tabelas-de-codigos/paises/@@download/file (Receita Federal e-Financeira territory table, modified 29 May 2026; checked 8 October 2026); https://www.iso.org/obp/ui/#iso:code:3166:YT (ISO 3166 Online Browsing Platform, maintained online; checked 8 October 2026)",No alternative-name label in the checked Brazilian/ISO records,absence checked,Deliberate absence checked against the concrete fallback records.
141,YT,capitals[0].name,Mamoudzou,"https://www.gov.br/sped/pt-br/assuntos/escrituracoes-digitais/e-financeira/manuais-e-documento-tecnicos/tabelas-de-codigos/paises/@@download/file (Receita Federal e-Financeira territory table, modified 29 May 2026; checked 8 October 2026); https://www.iso.org/obp/ui/#iso:code:3166:YT (ISO 3166 Online Browsing Platform, maintained online; checked 8 October 2026); https://geonames.nga.mil/geonames/GNSHome/ (NGA Geographic Names Server, online; checked 8 October 2026)",Approved/local geographic-name form: Mamoudzou,match,
141,YT,capitals[0].label,<absent>,"https://www.gov.br/sped/pt-br/assuntos/escrituracoes-digitais/e-financeira/manuais-e-documento-tecnicos/tabelas-de-codigos/paises/@@download/file (Receita Federal e-Financeira territory table, modified 29 May 2026; checked 8 October 2026); https://www.iso.org/obp/ui/#iso:code:3166:YT (ISO 3166 Online Browsing Platform, maintained online; checked 8 October 2026)",No role qualifier in the checked naming records; shared role is generic capital,absence checked,No capital label is present in any locale for this generic shared role.
141,YT,wikipedia,https://pt.wikipedia.org/wiki/Mayotte,"https://www.wikidata.org/ ptwiki sitelink cache, refreshed 7 October 2026",https://pt.wikipedia.org/wiki/Mayotte,match,Article link only; never used as the naming authority.
142,MX,name,México,"https://www.gov.br/mre/pt-br/arquivos/manual-de-redacao (23 July 2026); https://funag.gov.br/manual/index.php?title=Top%C3%B4nimos_e_gent%C3%ADlicos (revision 684, checked 7 October 2026)",o México,match,Deck-style transcription omits leading articles and pronunciation annotations.
142,MX,formal_name,Estados Unidos Mexicanos,"https://www.gov.br/mre/pt-br/arquivos/manual-de-redacao (23 July 2026); https://funag.gov.br/manual/index.php?title=Top%C3%B4nimos_e_gent%C3%ADlicos (revision 684, checked 7 October 2026)",os Estados Unidos Mexicanos,match,Deck-style transcription omits leading articles and pronunciation annotations.
142,MX,name_label,<absent>,"https://www.gov.br/mre/pt-br/arquivos/manual-de-redacao (23 July 2026); https://funag.gov.br/manual/index.php?title=Top%C3%B4nimos_e_gent%C3%ADlicos (revision 684, checked 7 October 2026)",<absent>,absence checked,No established locale value in the audited source/fallback record.
142,MX,capitals[0].name,Cidade do México,"https://www.gov.br/mre/pt-br/arquivos/manual-de-redacao (23 July 2026); https://funag.gov.br/manual/index.php?title=Top%C3%B4nimos_e_gent%C3%ADlicos (revision 684, checked 7 October 2026)",Cidade do México,match,The source cell covers the complete capital list; spelling and shared role were checked separately.
142,MX,capitals[0].label,<absent>,"https://www.gov.br/mre/pt-br/arquivos/manual-de-redacao (23 July 2026); https://funag.gov.br/manual/index.php?title=Top%C3%B4nimos_e_gent%C3%ADlicos (revision 684, checked 7 October 2026)",<absent>,absence checked,No capital label is present in any locale for this location.
142,MX,wikipedia,https://pt.wikipedia.org/wiki/México,"https://www.wikidata.org/ ptwiki sitelink cache, refreshed 7 October 2026",https://pt.wikipedia.org/wiki/México,match,Article link only; never used as the naming authority.
143,FM,name,Micronésia,"https://www.gov.br/mre/pt-br/arquivos/manual-de-redacao (23 July 2026); https://funag.gov.br/manual/index.php?title=Top%C3%B4nimos_e_gent%C3%ADlicos (revision 684, checked 7 October 2026)",a Micronésia,match,Deck-style transcription omits leading articles and pronunciation annotations.
143,FM,formal_name,Estados Federados da Micronésia,"https://www.gov.br/mre/pt-br/arquivos/manual-de-redacao (23 July 2026); https://funag.gov.br/manual/index.php?title=Top%C3%B4nimos_e_gent%C3%ADlicos (revision 684, checked 7 October 2026)",os Estados Federados da Micronésia,match,Deck-style transcription omits leading articles and pronunciation annotations.
143,FM,name_label,<absent>,"https://www.gov.br/mre/pt-br/arquivos/manual-de-redacao (23 July 2026); https://funag.gov.br/manual/index.php?title=Top%C3%B4nimos_e_gent%C3%ADlicos (revision 684, checked 7 October 2026)",<absent>,absence checked,No established locale value in the audited source/fallback record.
143,FM,capitals[0].name,Palikir,"https://www.gov.br/mre/pt-br/arquivos/manual-de-redacao (23 July 2026); https://funag.gov.br/manual/index.php?title=Top%C3%B4nimos_e_gent%C3%ADlicos (revision 684, checked 7 October 2026)",Palikir,match,The source cell covers the complete capital list; spelling and shared role were checked separately.
143,FM,capitals[0].label,<absent>,"https://www.gov.br/mre/pt-br/arquivos/manual-de-redacao (23 July 2026); https://funag.gov.br/manual/index.php?title=Top%C3%B4nimos_e_gent%C3%ADlicos (revision 684, checked 7 October 2026)",<absent>,absence checked,No capital label is present in any locale for this location.
143,FM,wikipedia,https://pt.wikipedia.org/wiki/Estados_Federados_da_Micronésia,"https://www.wikidata.org/ ptwiki sitelink cache, refreshed 7 October 2026",https://pt.wikipedia.org/wiki/Estados_Federados_da_Micronésia,match,Article link only; never used as the naming authority.
144,MD,name,Moldova,"https://www.gov.br/mre/pt-br/arquivos/manual-de-redacao (23 July 2026); https://funag.gov.br/manual/index.php?title=Top%C3%B4nimos_e_gent%C3%ADlicos (revision 684, checked 7 October 2026)",a Moldova,match,Deck-style transcription omits leading articles and pronunciation annotations.
144,MD,formal_name,República da Moldova,"https://www.gov.br/mre/pt-br/arquivos/manual-de-redacao (23 July 2026); https://funag.gov.br/manual/index.php?title=Top%C3%B4nimos_e_gent%C3%ADlicos (revision 684, checked 7 October 2026)",a República da Moldova,match,Deck-style transcription omits leading articles and pronunciation annotations.
144,MD,name_label,também: Moldávia,"https://www.gov.br/mre/pt-br/arquivos/manual-de-redacao (23 July 2026); https://funag.gov.br/manual/index.php?title=Top%C3%B4nimos_e_gent%C3%ADlicos (revision 684, checked 7 October 2026)",também: Moldávia,match,
144,MD,capitals[0].name,Chisinau,"https://www.gov.br/mre/pt-br/arquivos/manual-de-redacao (23 July 2026); https://funag.gov.br/manual/index.php?title=Top%C3%B4nimos_e_gent%C3%ADlicos (revision 684, checked 7 October 2026)",Chisinau [pronúncia: Kishináu],match,The source cell covers the complete capital list; spelling and shared role were checked separately.
144,MD,capitals[0].label,<absent>,"https://www.gov.br/mre/pt-br/arquivos/manual-de-redacao (23 July 2026); https://funag.gov.br/manual/index.php?title=Top%C3%B4nimos_e_gent%C3%ADlicos (revision 684, checked 7 October 2026)",<absent>,absence checked,No capital label is present in any locale for this location.
144,MD,wikipedia,https://pt.wikipedia.org/wiki/Moldávia,"https://www.wikidata.org/ ptwiki sitelink cache, refreshed 7 October 2026",https://pt.wikipedia.org/wiki/Moldávia,match,Article link only; never used as the naming authority.
145,MC,name,Mônaco,"https://www.gov.br/mre/pt-br/arquivos/manual-de-redacao (23 July 2026); https://funag.gov.br/manual/index.php?title=Top%C3%B4nimos_e_gent%C3%ADlicos (revision 684, checked 7 October 2026)",Mônaco,match,Deck-style transcription omits leading articles and pronunciation annotations.
145,MC,formal_name,Principado de Mônaco,"https://www.gov.br/mre/pt-br/arquivos/manual-de-redacao (23 July 2026); https://funag.gov.br/manual/index.php?title=Top%C3%B4nimos_e_gent%C3%ADlicos (revision 684, checked 7 October 2026)",o Principado de Mônaco,match,Deck-style transcription omits leading articles and pronunciation annotations.
145,MC,name_label,<absent>,"https://www.gov.br/mre/pt-br/arquivos/manual-de-redacao (23 July 2026); https://funag.gov.br/manual/index.php?title=Top%C3%B4nimos_e_gent%C3%ADlicos (revision 684, checked 7 October 2026)",<absent>,absence checked,No established locale value in the audited source/fallback record.
145,MC,capitals[0].name,Mônaco,"https://www.gov.br/mre/pt-br/arquivos/manual-de-redacao (23 July 2026); https://funag.gov.br/manual/index.php?title=Top%C3%B4nimos_e_gent%C3%ADlicos (revision 684, checked 7 October 2026)",Mônaco,match,The source cell covers the complete capital list; spelling and shared role were checked separately.
145,MC,capitals[0].label,<absent>,"https://www.gov.br/mre/pt-br/arquivos/manual-de-redacao (23 July 2026); https://funag.gov.br/manual/index.php?title=Top%C3%B4nimos_e_gent%C3%ADlicos (revision 684, checked 7 October 2026)",<absent>,absence checked,No capital label is present in any locale for this location.
145,MC,wikipedia,https://pt.wikipedia.org/wiki/Mónaco,"https://www.wikidata.org/ ptwiki sitelink cache, refreshed 7 October 2026",https://pt.wikipedia.org/wiki/Mónaco,match,Article link only; never used as the naming authority.
146,MN,name,Mongólia,"https://www.gov.br/mre/pt-br/arquivos/manual-de-redacao (23 July 2026); https://funag.gov.br/manual/index.php?title=Top%C3%B4nimos_e_gent%C3%ADlicos (revision 684, checked 7 October 2026)",a Mongólia,match,Deck-style transcription omits leading articles and pronunciation annotations.
146,MN,formal_name,Mongólia,"https://www.gov.br/mre/pt-br/arquivos/manual-de-redacao (23 July 2026); https://funag.gov.br/manual/index.php?title=Top%C3%B4nimos_e_gent%C3%ADlicos (revision 684, checked 7 October 2026)",a Mongólia,match,Deck-style transcription omits leading articles and pronunciation annotations.
146,MN,name_label,<absent>,"https://www.gov.br/mre/pt-br/arquivos/manual-de-redacao (23 July 2026); https://funag.gov.br/manual/index.php?title=Top%C3%B4nimos_e_gent%C3%ADlicos (revision 684, checked 7 October 2026)",<absent>,absence checked,No established locale value in the audited source/fallback record.
146,MN,capitals[0].name,Ulan Bator,"https://www.gov.br/mre/pt-br/arquivos/manual-de-redacao (23 July 2026); https://funag.gov.br/manual/index.php?title=Top%C3%B4nimos_e_gent%C3%ADlicos (revision 684, checked 7 October 2026)",Ulan Bator,match,The source cell covers the complete capital list; spelling and shared role were checked separately.
146,MN,capitals[0].label,<absent>,"https://www.gov.br/mre/pt-br/arquivos/manual-de-redacao (23 July 2026); https://funag.gov.br/manual/index.php?title=Top%C3%B4nimos_e_gent%C3%ADlicos (revision 684, checked 7 October 2026)",<absent>,absence checked,No capital label is present in any locale for this location.
146,MN,wikipedia,https://pt.wikipedia.org/wiki/Mongólia,"https://www.wikidata.org/ ptwiki sitelink cache, refreshed 7 October 2026",https://pt.wikipedia.org/wiki/Mongólia,match,Article link only; never used as the naming authority.
147,ME,name,Montenegro,"https://www.gov.br/mre/pt-br/arquivos/manual-de-redacao (23 July 2026); https://funag.gov.br/manual/index.php?title=Top%C3%B4nimos_e_gent%C3%ADlicos (revision 684, checked 7 October 2026)",Montenegro,match,Deck-style transcription omits leading articles and pronunciation annotations.
147,ME,formal_name,<absent>,"https://www.gov.br/mre/pt-br/arquivos/manual-de-redacao (23 July 2026); https://funag.gov.br/manual/index.php?title=Top%C3%B4nimos_e_gent%C3%ADlicos (revision 684, checked 7 October 2026)",Montenegro,absence checked,No established locale value in the audited source/fallback record.
147,ME,name_label,<absent>,"https://www.gov.br/mre/pt-br/arquivos/manual-de-redacao (23 July 2026); https://funag.gov.br/manual/index.php?title=Top%C3%B4nimos_e_gent%C3%ADlicos (revision 684, checked 7 October 2026)",<absent>,absence checked,No established locale value in the audited source/fallback record.
147,ME,capitals[0].name,Podgorica,"https://www.gov.br/mre/pt-br/arquivos/manual-de-redacao (23 July 2026); https://funag.gov.br/manual/index.php?title=Top%C3%B4nimos_e_gent%C3%ADlicos (revision 684, checked 7 October 2026)",Podgorica [pronúncia: Podgoritza],match,The source cell covers the complete capital list; spelling and shared role were checked separately.
147,ME,capitals[0].label,<absent>,"https://www.gov.br/mre/pt-br/arquivos/manual-de-redacao (23 July 2026); https://funag.gov.br/manual/index.php?title=Top%C3%B4nimos_e_gent%C3%ADlicos (revision 684, checked 7 October 2026)",<absent>,absence checked,No capital label is present in any locale for this location.
147,ME,wikipedia,https://pt.wikipedia.org/wiki/Montenegro,"https://www.wikidata.org/ ptwiki sitelink cache, refreshed 7 October 2026",https://pt.wikipedia.org/wiki/Montenegro,match,Article link only; never used as the naming authority.
148,MS,name,Montserrat,"https://www.gov.br/sped/pt-br/assuntos/escrituracoes-digitais/e-financeira/manuais-e-documento-tecnicos/tabelas-de-codigos/paises/@@download/file (Receita Federal e-Financeira territory table, modified 29 May 2026; checked 8 October 2026); https://www.iso.org/obp/ui/#iso:code:3166:MS (ISO 3166 Online Browsing Platform, maintained online; checked 8 October 2026)",Receita Federal: Montserrat,match,
148,MS,formal_name,<absent>,"https://www.gov.br/sped/pt-br/assuntos/escrituracoes-digitais/e-financeira/manuais-e-documento-tecnicos/tabelas-de-codigos/paises/@@download/file (Receita Federal e-Financeira territory table, modified 29 May 2026; checked 8 October 2026); https://www.iso.org/obp/ui/#iso:code:3166:MS (ISO 3166 Online Browsing Platform, maintained online; checked 8 October 2026)",No distinct pt-BR formal form in the checked Brazilian/ISO records,absence checked,A formal-name key is deliberately omitted rather than translated without a source.
148,MS,name_label,<absent>,"https://www.gov.br/sped/pt-br/assuntos/escrituracoes-digitais/e-financeira/manuais-e-documento-tecnicos/tabelas-de-codigos/paises/@@download/file (Receita Federal e-Financeira territory table, modified 29 May 2026; checked 8 October 2026); https://www.iso.org/obp/ui/#iso:code:3166:MS (ISO 3166 Online Browsing Platform, maintained online; checked 8 October 2026)",No alternative-name label in the checked Brazilian/ISO records,absence checked,Deliberate absence checked against the concrete fallback records.
148,MS,capitals[0].name,Plymouth,"https://www.gov.br/sped/pt-br/assuntos/escrituracoes-digitais/e-financeira/manuais-e-documento-tecnicos/tabelas-de-codigos/paises/@@download/file (Receita Federal e-Financeira territory table, modified 29 May 2026; checked 8 October 2026); https://www.iso.org/obp/ui/#iso:code:3166:MS (ISO 3166 Online Browsing Platform, maintained online; checked 8 October 2026); https://geonames.nga.mil/geonames/GNSHome/ (NGA Geographic Names Server, online; checked 8 October 2026)",Approved/local geographic-name form: Plymouth,match,
148,MS,capitals[0].label,de jure,"https://www.gov.br/sped/pt-br/assuntos/escrituracoes-digitais/e-financeira/manuais-e-documento-tecnicos/tabelas-de-codigos/paises/@@download/file (Receita Federal e-Financeira territory table, modified 29 May 2026; checked 8 October 2026); https://www.iso.org/obp/ui/#iso:code:3166:MS (ISO 3166 Online Browsing Platform, maintained online; checked 8 October 2026); https://www.gov.ms/about-us/ (Government of Montserrat record; checked 8 October 2026)",Verified shared role; pt-BR label: de jure,match,The source establishes the shared fact; the label is its pt-BR translation.
148,MS,capitals[1].name,Brades,"https://www.gov.br/sped/pt-br/assuntos/escrituracoes-digitais/e-financeira/manuais-e-documento-tecnicos/tabelas-de-codigos/paises/@@download/file (Receita Federal e-Financeira territory table, modified 29 May 2026; checked 8 October 2026); https://www.iso.org/obp/ui/#iso:code:3166:MS (ISO 3166 Online Browsing Platform, maintained online; checked 8 October 2026); https://geonames.nga.mil/geonames/GNSHome/ (NGA Geographic Names Server, online; checked 8 October 2026)",Approved/local geographic-name form: Brades,match,
148,MS,capitals[1].label,de facto,"https://www.gov.br/sped/pt-br/assuntos/escrituracoes-digitais/e-financeira/manuais-e-documento-tecnicos/tabelas-de-codigos/paises/@@download/file (Receita Federal e-Financeira territory table, modified 29 May 2026; checked 8 October 2026); https://www.iso.org/obp/ui/#iso:code:3166:MS (ISO 3166 Online Browsing Platform, maintained online; checked 8 October 2026); https://www.gov.ms/about-us/ (Government of Montserrat record; checked 8 October 2026)",Verified shared role; pt-BR label: de facto,match,The source establishes the shared fact; the label is its pt-BR translation.
148,MS,wikipedia,https://pt.wikipedia.org/wiki/Monserrate_(ilha),"https://www.wikidata.org/ ptwiki sitelink cache, refreshed 7 October 2026",https://pt.wikipedia.org/wiki/Monserrate_(ilha),match,Article link only; never used as the naming authority.
149,MA,name,Marrocos,"https://www.gov.br/mre/pt-br/arquivos/manual-de-redacao (23 July 2026); https://funag.gov.br/manual/index.php?title=Top%C3%B4nimos_e_gent%C3%ADlicos (revision 684, checked 7 October 2026)",o Marrocos,match,Deck-style transcription omits leading articles and pronunciation annotations.
149,MA,formal_name,Reino do Marrocos,"https://www.gov.br/mre/pt-br/arquivos/manual-de-redacao (23 July 2026); https://funag.gov.br/manual/index.php?title=Top%C3%B4nimos_e_gent%C3%ADlicos (revision 684, checked 7 October 2026)",o Reino do Marrocos,match,Deck-style transcription omits leading articles and pronunciation annotations.
149,MA,name_label,<absent>,"https://www.gov.br/mre/pt-br/arquivos/manual-de-redacao (23 July 2026); https://funag.gov.br/manual/index.php?title=Top%C3%B4nimos_e_gent%C3%ADlicos (revision 684, checked 7 October 2026)",<absent>,absence checked,No established locale value in the audited source/fallback record.
149,MA,capitals[0].name,Rabat,"https://www.gov.br/mre/pt-br/arquivos/manual-de-redacao (23 July 2026); https://funag.gov.br/manual/index.php?title=Top%C3%B4nimos_e_gent%C3%ADlicos (revision 684, checked 7 October 2026)",Rabat,match,The source cell covers the complete capital list; spelling and shared role were checked separately.
149,MA,capitals[0].label,<absent>,"https://www.gov.br/mre/pt-br/arquivos/manual-de-redacao (23 July 2026); https://funag.gov.br/manual/index.php?title=Top%C3%B4nimos_e_gent%C3%ADlicos (revision 684, checked 7 October 2026)",<absent>,absence checked,No capital label is present in any locale for this location.
149,MA,wikipedia,https://pt.wikipedia.org/wiki/Marrocos,"https://www.wikidata.org/ ptwiki sitelink cache, refreshed 7 October 2026",https://pt.wikipedia.org/wiki/Marrocos,match,Article link only; never used as the naming authority.
150,MZ,name,Moçambique,"https://www.gov.br/mre/pt-br/arquivos/manual-de-redacao (23 July 2026); https://funag.gov.br/manual/index.php?title=Top%C3%B4nimos_e_gent%C3%ADlicos (revision 684, checked 7 October 2026)",Moçambique,match,Deck-style transcription omits leading articles and pronunciation annotations.
150,MZ,formal_name,República de Moçambique,"https://www.gov.br/mre/pt-br/arquivos/manual-de-redacao (23 July 2026); https://funag.gov.br/manual/index.php?title=Top%C3%B4nimos_e_gent%C3%ADlicos (revision 684, checked 7 October 2026)",a República de Moçambique,match,Deck-style transcription omits leading articles and pronunciation annotations.
150,MZ,name_label,<absent>,"https://www.gov.br/mre/pt-br/arquivos/manual-de-redacao (23 July 2026); https://funag.gov.br/manual/index.php?title=Top%C3%B4nimos_e_gent%C3%ADlicos (revision 684, checked 7 October 2026)",<absent>,absence checked,No established locale value in the audited source/fallback record.
150,MZ,capitals[0].name,Maputo,"https://www.gov.br/mre/pt-br/arquivos/manual-de-redacao (23 July 2026); https://funag.gov.br/manual/index.php?title=Top%C3%B4nimos_e_gent%C3%ADlicos (revision 684, checked 7 October 2026)",Maputo,match,The source cell covers the complete capital list; spelling and shared role were checked separately.
150,MZ,capitals[0].label,<absent>,"https://www.gov.br/mre/pt-br/arquivos/manual-de-redacao (23 July 2026); https://funag.gov.br/manual/index.php?title=Top%C3%B4nimos_e_gent%C3%ADlicos (revision 684, checked 7 October 2026)",<absent>,absence checked,No capital label is present in any locale for this location.
150,MZ,wikipedia,https://pt.wikipedia.org/wiki/Moçambique,"https://www.wikidata.org/ ptwiki sitelink cache, refreshed 7 October 2026",https://pt.wikipedia.org/wiki/Moçambique,match,Article link only; never used as the naming authority.
151,MM,name,Myanmar,"https://www.gov.br/mre/pt-br/arquivos/manual-de-redacao (23 July 2026); https://funag.gov.br/manual/index.php?title=Top%C3%B4nimos_e_gent%C3%ADlicos (revision 684, checked 7 October 2026)",Myanmar,match,Deck-style transcription omits leading articles and pronunciation annotations.
151,MM,formal_name,República da União de Myanmar,"https://www.gov.br/mre/pt-br/arquivos/manual-de-redacao (23 July 2026); https://funag.gov.br/manual/index.php?title=Top%C3%B4nimos_e_gent%C3%ADlicos (revision 684, checked 7 October 2026)",a República da União de Myanmar,match,Deck-style transcription omits leading articles and pronunciation annotations.
151,MM,name_label,<absent>,"https://www.gov.br/mre/pt-br/arquivos/manual-de-redacao (23 July 2026); https://funag.gov.br/manual/index.php?title=Top%C3%B4nimos_e_gent%C3%ADlicos (revision 684, checked 7 October 2026)",<absent>,absence checked,No established locale value in the audited source/fallback record.
151,MM,capitals[0].name,Nay Pyi Taw,"https://www.gov.br/mre/pt-br/arquivos/manual-de-redacao (23 July 2026); https://funag.gov.br/manual/index.php?title=Top%C3%B4nimos_e_gent%C3%ADlicos (revision 684, checked 7 October 2026)",Nay Pyi Taw [pronúncia: Nê Pii Dó],match,The source cell covers the complete capital list; spelling and shared role were checked separately.
151,MM,capitals[0].label,<absent>,"https://www.gov.br/mre/pt-br/arquivos/manual-de-redacao (23 July 2026); https://funag.gov.br/manual/index.php?title=Top%C3%B4nimos_e_gent%C3%ADlicos (revision 684, checked 7 October 2026)",<absent>,absence checked,No capital label is present in any locale for this location.
151,MM,wikipedia,https://pt.wikipedia.org/wiki/Myanmar,"https://www.wikidata.org/ ptwiki sitelink cache, refreshed 7 October 2026",https://pt.wikipedia.org/wiki/Myanmar,match,Article link only; never used as the naming authority.
152,NA,name,Namíbia,"https://www.gov.br/mre/pt-br/arquivos/manual-de-redacao (23 July 2026); https://funag.gov.br/manual/index.php?title=Top%C3%B4nimos_e_gent%C3%ADlicos (revision 684, checked 7 October 2026)",a Namíbia,match,Deck-style transcription omits leading articles and pronunciation annotations.
152,NA,formal_name,República da Namíbia,"https://www.gov.br/mre/pt-br/arquivos/manual-de-redacao (23 July 2026); https://funag.gov.br/manual/index.php?title=Top%C3%B4nimos_e_gent%C3%ADlicos (revision 684, checked 7 October 2026)",a República da Namíbia,match,Deck-style transcription omits leading articles and pronunciation annotations.
152,NA,name_label,<absent>,"https://www.gov.br/mre/pt-br/arquivos/manual-de-redacao (23 July 2026); https://funag.gov.br/manual/index.php?title=Top%C3%B4nimos_e_gent%C3%ADlicos (revision 684, checked 7 October 2026)",<absent>,absence checked,No established locale value in the audited source/fallback record.
152,NA,capitals[0].name,Windhoek,"https://www.gov.br/mre/pt-br/arquivos/manual-de-redacao (23 July 2026); https://funag.gov.br/manual/index.php?title=Top%C3%B4nimos_e_gent%C3%ADlicos (revision 684, checked 7 October 2026)",Windhoek [pronúncia: Vindúk],match,The source cell covers the complete capital list; spelling and shared role were checked separately.
152,NA,capitals[0].label,<absent>,"https://www.gov.br/mre/pt-br/arquivos/manual-de-redacao (23 July 2026); https://funag.gov.br/manual/index.php?title=Top%C3%B4nimos_e_gent%C3%ADlicos (revision 684, checked 7 October 2026)",<absent>,absence checked,No capital label is present in any locale for this location.
152,NA,wikipedia,https://pt.wikipedia.org/wiki/Namíbia,"https://www.wikidata.org/ ptwiki sitelink cache, refreshed 7 October 2026",https://pt.wikipedia.org/wiki/Namíbia,match,Article link only; never used as the naming authority.
153,NR,name,Naoero,"https://www.gov.br/mre/pt-br/arquivos/manual-de-redacao (23 July 2026); https://funag.gov.br/manual/index.php?title=Top%C3%B4nimos_e_gent%C3%ADlicos (revision 684, checked 7 October 2026)",Naoero,match,Deck-style transcription omits leading articles and pronunciation annotations.
153,NR,formal_name,República de Naoero,"https://www.gov.br/mre/pt-br/arquivos/manual-de-redacao (23 July 2026); https://funag.gov.br/manual/index.php?title=Top%C3%B4nimos_e_gent%C3%ADlicos (revision 684, checked 7 October 2026)",a República de Naoero,match,Deck-style transcription omits leading articles and pronunciation annotations.
153,NR,name_label,<absent>,"https://www.gov.br/mre/pt-br/arquivos/manual-de-redacao (23 July 2026); https://funag.gov.br/manual/index.php?title=Top%C3%B4nimos_e_gent%C3%ADlicos (revision 684, checked 7 October 2026)",<absent>,absence checked,No established locale value in the audited source/fallback record.
153,NR,capitals[0].name,Yaren,"https://www.gov.br/mre/pt-br/arquivos/manual-de-redacao (23 July 2026); https://funag.gov.br/manual/index.php?title=Top%C3%B4nimos_e_gent%C3%ADlicos (revision 684, checked 7 October 2026)",Yaren,match,The source cell covers the complete capital list; spelling and shared role were checked separately.
153,NR,capitals[0].label,de facto,"https://www.gov.br/mre/pt-br/arquivos/manual-de-redacao (23 July 2026); https://funag.gov.br/manual/index.php?title=Top%C3%B4nimos_e_gent%C3%ADlicos (revision 684, checked 7 October 2026)",Yaren,match,The source cell covers the complete capital list; spelling and shared role were checked separately.
153,NR,wikipedia,https://pt.wikipedia.org/wiki/Nauru,"https://www.wikidata.org/ ptwiki sitelink cache, refreshed 7 October 2026",https://pt.wikipedia.org/wiki/Nauru,match,Article link only; never used as the naming authority.
154,NP,name,Nepal,"https://www.gov.br/mre/pt-br/arquivos/manual-de-redacao (23 July 2026); https://funag.gov.br/manual/index.php?title=Top%C3%B4nimos_e_gent%C3%ADlicos (revision 684, checked 7 October 2026)",o Nepal,match,Deck-style transcription omits leading articles and pronunciation annotations.
154,NP,formal_name,República Democrática Federal do Nepal,"https://www.gov.br/mre/pt-br/arquivos/manual-de-redacao (23 July 2026); https://funag.gov.br/manual/index.php?title=Top%C3%B4nimos_e_gent%C3%ADlicos (revision 684, checked 7 October 2026)",a República Democrática Federal do Nepal,match,Deck-style transcription omits leading articles and pronunciation annotations.
154,NP,name_label,<absent>,"https://www.gov.br/mre/pt-br/arquivos/manual-de-redacao (23 July 2026); https://funag.gov.br/manual/index.php?title=Top%C3%B4nimos_e_gent%C3%ADlicos (revision 684, checked 7 October 2026)",<absent>,absence checked,No established locale value in the audited source/fallback record.
154,NP,capitals[0].name,Katmandu,"https://www.gov.br/mre/pt-br/arquivos/manual-de-redacao (23 July 2026); https://funag.gov.br/manual/index.php?title=Top%C3%B4nimos_e_gent%C3%ADlicos (revision 684, checked 7 October 2026)",Katmandu,match,The source cell covers the complete capital list; spelling and shared role were checked separately.
154,NP,capitals[0].label,<absent>,"https://www.gov.br/mre/pt-br/arquivos/manual-de-redacao (23 July 2026); https://funag.gov.br/manual/index.php?title=Top%C3%B4nimos_e_gent%C3%ADlicos (revision 684, checked 7 October 2026)",<absent>,absence checked,No capital label is present in any locale for this location.
154,NP,wikipedia,https://pt.wikipedia.org/wiki/Nepal,"https://www.wikidata.org/ ptwiki sitelink cache, refreshed 7 October 2026",https://pt.wikipedia.org/wiki/Nepal,match,Article link only; never used as the naming authority.
155,NL,name,Países Baixos,"https://www.gov.br/mre/pt-br/arquivos/manual-de-redacao (23 July 2026); https://funag.gov.br/manual/index.php?title=Top%C3%B4nimos_e_gent%C3%ADlicos (revision 684, checked 7 October 2026)",os Países Baixos,match,Deck-style transcription omits leading articles and pronunciation annotations.
155,NL,formal_name,Reino dos Países Baixos,"https://www.gov.br/mre/pt-br/arquivos/manual-de-redacao (23 July 2026); https://funag.gov.br/manual/index.php?title=Top%C3%B4nimos_e_gent%C3%ADlicos (revision 684, checked 7 October 2026)",o Reino dos Países Baixos,match,Deck-style transcription omits leading articles and pronunciation annotations.
155,NL,name_label,<absent>,"https://www.gov.br/mre/pt-br/arquivos/manual-de-redacao (23 July 2026); https://funag.gov.br/manual/index.php?title=Top%C3%B4nimos_e_gent%C3%ADlicos (revision 684, checked 7 October 2026)",<absent>,absence checked,No established locale value in the audited source/fallback record.
155,NL,capitals[0].name,Amsterdã,"https://www.gov.br/mre/pt-br/arquivos/manual-de-redacao (23 July 2026); https://funag.gov.br/manual/index.php?title=Top%C3%B4nimos_e_gent%C3%ADlicos (revision 684, checked 7 October 2026)","Amsterdã (oficial), Haia (de facto)",match,The source cell covers the complete capital list; spelling and shared role were checked separately.
155,NL,capitals[0].label,capital,"https://www.gov.br/mre/pt-br/arquivos/manual-de-redacao (23 July 2026); https://funag.gov.br/manual/index.php?title=Top%C3%B4nimos_e_gent%C3%ADlicos (revision 684, checked 7 October 2026)",oficial,deviation,Translated from the post-correction shared capital role/detail on main; contributor-only role detail was not restored.
155,NL,capitals[1].name,Haia,"https://www.gov.br/mre/pt-br/arquivos/manual-de-redacao (23 July 2026); https://funag.gov.br/manual/index.php?title=Top%C3%B4nimos_e_gent%C3%ADlicos (revision 684, checked 7 October 2026)","Amsterdã (oficial), Haia (de facto)",match,The source cell covers the complete capital list; spelling and shared role were checked separately.
155,NL,capitals[1].label,sede do governo,"https://www.gov.br/mre/pt-br/arquivos/manual-de-redacao (23 July 2026); https://funag.gov.br/manual/index.php?title=Top%C3%B4nimos_e_gent%C3%ADlicos (revision 684, checked 7 October 2026)","Amsterdã (oficial), Haia (de facto)",match,The source cell covers the complete capital list; spelling and shared role were checked separately.
155,NL,wikipedia,https://pt.wikipedia.org/wiki/Países_Baixos,"https://www.wikidata.org/ ptwiki sitelink cache, refreshed 7 October 2026",https://pt.wikipedia.org/wiki/Países_Baixos,match,Article link only; never used as the naming authority.
156,NC,name,Nova Caledônia,"https://funag.gov.br/manual/index.php?title=Top%C3%B4nimos_e_gent%C3%ADlicos (official FUNAG reproduction, revision 684; checked 8 October 2026); https://www.gov.br/sped/pt-br/assuntos/escrituracoes-digitais/e-financeira/manuais-e-documento-tecnicos/tabelas-de-codigos/paises/@@download/file (Receita Federal e-Financeira territory table, modified 29 May 2026; checked 8 October 2026); https://www.iso.org/obp/ui/#iso:code:3166:NC (ISO 3166 Online Browsing Platform, maintained online; checked 8 October 2026)",Receita Federal: Nova Caledônia; FUNAG: Nova Caledônia,match,
156,NC,formal_name,<absent>,"https://www.gov.br/sped/pt-br/assuntos/escrituracoes-digitais/e-financeira/manuais-e-documento-tecnicos/tabelas-de-codigos/paises/@@download/file (Receita Federal e-Financeira territory table, modified 29 May 2026; checked 8 October 2026); https://www.iso.org/obp/ui/#iso:code:3166:NC (ISO 3166 Online Browsing Platform, maintained online; checked 8 October 2026)",No distinct pt-BR formal form in the checked Brazilian/ISO records,absence checked,A formal-name key is deliberately omitted rather than translated without a source.
156,NC,name_label,<absent>,"https://www.gov.br/sped/pt-br/assuntos/escrituracoes-digitais/e-financeira/manuais-e-documento-tecnicos/tabelas-de-codigos/paises/@@download/file (Receita Federal e-Financeira territory table, modified 29 May 2026; checked 8 October 2026); https://www.iso.org/obp/ui/#iso:code:3166:NC (ISO 3166 Online Browsing Platform, maintained online; checked 8 October 2026)",No alternative-name label in the checked Brazilian/ISO records,absence checked,Deliberate absence checked against the concrete fallback records.
156,NC,capitals[0].name,Nouméa,"https://www.gov.br/sped/pt-br/assuntos/escrituracoes-digitais/e-financeira/manuais-e-documento-tecnicos/tabelas-de-codigos/paises/@@download/file (Receita Federal e-Financeira territory table, modified 29 May 2026; checked 8 October 2026); https://www.iso.org/obp/ui/#iso:code:3166:NC (ISO 3166 Online Browsing Platform, maintained online; checked 8 October 2026); https://geonames.nga.mil/geonames/GNSHome/ (NGA Geographic Names Server, online; checked 8 October 2026)",Approved/local geographic-name form: Nouméa,match,
156,NC,capitals[0].label,<absent>,"https://www.gov.br/sped/pt-br/assuntos/escrituracoes-digitais/e-financeira/manuais-e-documento-tecnicos/tabelas-de-codigos/paises/@@download/file (Receita Federal e-Financeira territory table, modified 29 May 2026; checked 8 October 2026); https://www.iso.org/obp/ui/#iso:code:3166:NC (ISO 3166 Online Browsing Platform, maintained online; checked 8 October 2026)",No role qualifier in the checked naming records; shared role is generic capital,absence checked,No capital label is present in any locale for this generic shared role.
156,NC,wikipedia,https://pt.wikipedia.org/wiki/Nova_Caledónia,"https://www.wikidata.org/ ptwiki sitelink cache, refreshed 7 October 2026",https://pt.wikipedia.org/wiki/Nova_Caledónia,match,Article link only; never used as the naming authority.
157,NZ,name,Nova Zelândia,"https://www.gov.br/mre/pt-br/arquivos/manual-de-redacao (23 July 2026); https://funag.gov.br/manual/index.php?title=Top%C3%B4nimos_e_gent%C3%ADlicos (revision 684, checked 7 October 2026)",a Nova Zelândia,match,Deck-style transcription omits leading articles and pronunciation annotations.
157,NZ,formal_name,<absent>,"https://www.gov.br/mre/pt-br/arquivos/manual-de-redacao (23 July 2026); https://funag.gov.br/manual/index.php?title=Top%C3%B4nimos_e_gent%C3%ADlicos (revision 684, checked 7 October 2026)",a Nova Zelândia,absence checked,No established locale value in the audited source/fallback record.
157,NZ,name_label,<absent>,"https://www.gov.br/mre/pt-br/arquivos/manual-de-redacao (23 July 2026); https://funag.gov.br/manual/index.php?title=Top%C3%B4nimos_e_gent%C3%ADlicos (revision 684, checked 7 October 2026)",<absent>,absence checked,No established locale value in the audited source/fallback record.
157,NZ,capitals[0].name,Wellington,"https://www.gov.br/mre/pt-br/arquivos/manual-de-redacao (23 July 2026); https://funag.gov.br/manual/index.php?title=Top%C3%B4nimos_e_gent%C3%ADlicos (revision 684, checked 7 October 2026)",Wellington,match,The source cell covers the complete capital list; spelling and shared role were checked separately.
157,NZ,capitals[0].label,<absent>,"https://www.gov.br/mre/pt-br/arquivos/manual-de-redacao (23 July 2026); https://funag.gov.br/manual/index.php?title=Top%C3%B4nimos_e_gent%C3%ADlicos (revision 684, checked 7 October 2026)",<absent>,absence checked,No capital label is present in any locale for this location.
157,NZ,wikipedia,https://pt.wikipedia.org/wiki/Nova_Zelândia,"https://www.wikidata.org/ ptwiki sitelink cache, refreshed 7 October 2026",https://pt.wikipedia.org/wiki/Nova_Zelândia,match,Article link only; never used as the naming authority.
158,NI,name,Nicarágua,"https://www.gov.br/mre/pt-br/arquivos/manual-de-redacao (23 July 2026); https://funag.gov.br/manual/index.php?title=Top%C3%B4nimos_e_gent%C3%ADlicos (revision 684, checked 7 October 2026)",a Nicarágua,match,Deck-style transcription omits leading articles and pronunciation annotations.
158,NI,formal_name,República da Nicarágua,"https://www.gov.br/mre/pt-br/arquivos/manual-de-redacao (23 July 2026); https://funag.gov.br/manual/index.php?title=Top%C3%B4nimos_e_gent%C3%ADlicos (revision 684, checked 7 October 2026)",a República da Nicarágua,match,Deck-style transcription omits leading articles and pronunciation annotations.
158,NI,name_label,<absent>,"https://www.gov.br/mre/pt-br/arquivos/manual-de-redacao (23 July 2026); https://funag.gov.br/manual/index.php?title=Top%C3%B4nimos_e_gent%C3%ADlicos (revision 684, checked 7 October 2026)",<absent>,absence checked,No established locale value in the audited source/fallback record.
158,NI,capitals[0].name,Manágua,"https://www.gov.br/mre/pt-br/arquivos/manual-de-redacao (23 July 2026); https://funag.gov.br/manual/index.php?title=Top%C3%B4nimos_e_gent%C3%ADlicos (revision 684, checked 7 October 2026)",Manágua,match,The source cell covers the complete capital list; spelling and shared role were checked separately.
158,NI,capitals[0].label,<absent>,"https://www.gov.br/mre/pt-br/arquivos/manual-de-redacao (23 July 2026); https://funag.gov.br/manual/index.php?title=Top%C3%B4nimos_e_gent%C3%ADlicos (revision 684, checked 7 October 2026)",<absent>,absence checked,No capital label is present in any locale for this location.
158,NI,wikipedia,https://pt.wikipedia.org/wiki/Nicarágua,"https://www.wikidata.org/ ptwiki sitelink cache, refreshed 7 October 2026",https://pt.wikipedia.org/wiki/Nicarágua,match,Article link only; never used as the naming authority.
159,NE,name,Níger,"https://www.gov.br/mre/pt-br/arquivos/manual-de-redacao (23 July 2026); https://funag.gov.br/manual/index.php?title=Top%C3%B4nimos_e_gent%C3%ADlicos (revision 684, checked 7 October 2026)",o Níger,match,Deck-style transcription omits leading articles and pronunciation annotations.
159,NE,formal_name,República do Níger,"https://www.gov.br/mre/pt-br/arquivos/manual-de-redacao (23 July 2026); https://funag.gov.br/manual/index.php?title=Top%C3%B4nimos_e_gent%C3%ADlicos (revision 684, checked 7 October 2026)",a República do Níger,match,Deck-style transcription omits leading articles and pronunciation annotations.
159,NE,name_label,<absent>,"https://www.gov.br/mre/pt-br/arquivos/manual-de-redacao (23 July 2026); https://funag.gov.br/manual/index.php?title=Top%C3%B4nimos_e_gent%C3%ADlicos (revision 684, checked 7 October 2026)",<absent>,absence checked,No established locale value in the audited source/fallback record.
159,NE,capitals[0].name,Niamey,"https://www.gov.br/mre/pt-br/arquivos/manual-de-redacao (23 July 2026); https://funag.gov.br/manual/index.php?title=Top%C3%B4nimos_e_gent%C3%ADlicos (revision 684, checked 7 October 2026)",Niamey,match,The source cell covers the complete capital list; spelling and shared role were checked separately.
159,NE,capitals[0].label,<absent>,"https://www.gov.br/mre/pt-br/arquivos/manual-de-redacao (23 July 2026); https://funag.gov.br/manual/index.php?title=Top%C3%B4nimos_e_gent%C3%ADlicos (revision 684, checked 7 October 2026)",<absent>,absence checked,No capital label is present in any locale for this location.
159,NE,wikipedia,https://pt.wikipedia.org/wiki/Níger,"https://www.wikidata.org/ ptwiki sitelink cache, refreshed 7 October 2026",https://pt.wikipedia.org/wiki/Níger,match,Article link only; never used as the naming authority.
160,NG,name,Nigéria,"https://www.gov.br/mre/pt-br/arquivos/manual-de-redacao (23 July 2026); https://funag.gov.br/manual/index.php?title=Top%C3%B4nimos_e_gent%C3%ADlicos (revision 684, checked 7 October 2026)",a Nigéria,match,Deck-style transcription omits leading articles and pronunciation annotations.
160,NG,formal_name,República Federal da Nigéria,"https://www.gov.br/mre/pt-br/arquivos/manual-de-redacao (23 July 2026); https://funag.gov.br/manual/index.php?title=Top%C3%B4nimos_e_gent%C3%ADlicos (revision 684, checked 7 October 2026)",a República Federal da Nigéria,match,Deck-style transcription omits leading articles and pronunciation annotations.
160,NG,name_label,<absent>,"https://www.gov.br/mre/pt-br/arquivos/manual-de-redacao (23 July 2026); https://funag.gov.br/manual/index.php?title=Top%C3%B4nimos_e_gent%C3%ADlicos (revision 684, checked 7 October 2026)",<absent>,absence checked,No established locale value in the audited source/fallback record.
160,NG,capitals[0].name,Abuja,"https://www.gov.br/mre/pt-br/arquivos/manual-de-redacao (23 July 2026); https://funag.gov.br/manual/index.php?title=Top%C3%B4nimos_e_gent%C3%ADlicos (revision 684, checked 7 October 2026)",Abuja,match,The source cell covers the complete capital list; spelling and shared role were checked separately.
160,NG,capitals[0].label,<absent>,"https://www.gov.br/mre/pt-br/arquivos/manual-de-redacao (23 July 2026); https://funag.gov.br/manual/index.php?title=Top%C3%B4nimos_e_gent%C3%ADlicos (revision 684, checked 7 October 2026)",<absent>,absence checked,No capital label is present in any locale for this location.
160,NG,wikipedia,https://pt.wikipedia.org/wiki/Nigéria,"https://www.wikidata.org/ ptwiki sitelink cache, refreshed 7 October 2026",https://pt.wikipedia.org/wiki/Nigéria,match,Article link only; never used as the naming authority.
161,NU,name,Niue,"https://funag.gov.br/manual/index.php?title=Top%C3%B4nimos_e_gent%C3%ADlicos (official FUNAG reproduction, revision 684; checked 8 October 2026); https://www.gov.br/sped/pt-br/assuntos/escrituracoes-digitais/e-financeira/manuais-e-documento-tecnicos/tabelas-de-codigos/paises/@@download/file (Receita Federal e-Financeira territory table, modified 29 May 2026; checked 8 October 2026); https://www.iso.org/obp/ui/#iso:code:3166:NU (ISO 3166 Online Browsing Platform, maintained online; checked 8 October 2026)",Receita Federal: Niue; FUNAG: Niue,match,
161,NU,formal_name,<absent>,"https://www.gov.br/sped/pt-br/assuntos/escrituracoes-digitais/e-financeira/manuais-e-documento-tecnicos/tabelas-de-codigos/paises/@@download/file (Receita Federal e-Financeira territory table, modified 29 May 2026; checked 8 October 2026); https://www.iso.org/obp/ui/#iso:code:3166:NU (ISO 3166 Online Browsing Platform, maintained online; checked 8 October 2026)",No distinct pt-BR formal form in the checked Brazilian/ISO records,absence checked,A formal-name key is deliberately omitted rather than translated without a source.
161,NU,name_label,<absent>,"https://www.gov.br/sped/pt-br/assuntos/escrituracoes-digitais/e-financeira/manuais-e-documento-tecnicos/tabelas-de-codigos/paises/@@download/file (Receita Federal e-Financeira territory table, modified 29 May 2026; checked 8 October 2026); https://www.iso.org/obp/ui/#iso:code:3166:NU (ISO 3166 Online Browsing Platform, maintained online; checked 8 October 2026)",No alternative-name label in the checked Brazilian/ISO records,absence checked,Deliberate absence checked against the concrete fallback records.
161,NU,capitals[0].name,Alofi,"https://funag.gov.br/manual/index.php?title=Top%C3%B4nimos_e_gent%C3%ADlicos (official FUNAG reproduction, revision 684; checked 8 October 2026); https://www.gov.br/sped/pt-br/assuntos/escrituracoes-digitais/e-financeira/manuais-e-documento-tecnicos/tabelas-de-codigos/paises/@@download/file (Receita Federal e-Financeira territory table, modified 29 May 2026; checked 8 October 2026); https://www.iso.org/obp/ui/#iso:code:3166:NU (ISO 3166 Online Browsing Platform, maintained online; checked 8 October 2026); https://geonames.nga.mil/geonames/GNSHome/ (NGA Geographic Names Server, online; checked 8 October 2026)",FUNAG: Alofi; geographic-name record: Alofi,match,
161,NU,capitals[0].label,<absent>,"https://www.gov.br/sped/pt-br/assuntos/escrituracoes-digitais/e-financeira/manuais-e-documento-tecnicos/tabelas-de-codigos/paises/@@download/file (Receita Federal e-Financeira territory table, modified 29 May 2026; checked 8 October 2026); https://www.iso.org/obp/ui/#iso:code:3166:NU (ISO 3166 Online Browsing Platform, maintained online; checked 8 October 2026)",No role qualifier in the checked naming records; shared role is generic capital,absence checked,No capital label is present in any locale for this generic shared role.
161,NU,wikipedia,https://pt.wikipedia.org/wiki/Niue,"https://www.wikidata.org/ ptwiki sitelink cache, refreshed 7 October 2026",https://pt.wikipedia.org/wiki/Niue,match,Article link only; never used as the naming authority.
162,NF,name,Ilhas Norfolk,"https://www.gov.br/sped/pt-br/assuntos/escrituracoes-digitais/e-financeira/manuais-e-documento-tecnicos/tabelas-de-codigos/paises/@@download/file (Receita Federal e-Financeira territory table, modified 29 May 2026; checked 8 October 2026); https://www.iso.org/obp/ui/#iso:code:3166:NF (ISO 3166 Online Browsing Platform, maintained online; checked 8 October 2026)",Receita Federal: Ilhas Norfolk,match,Adopted the cited Brazilian fallback form exactly.
162,NF,formal_name,<absent>,"https://www.gov.br/sped/pt-br/assuntos/escrituracoes-digitais/e-financeira/manuais-e-documento-tecnicos/tabelas-de-codigos/paises/@@download/file (Receita Federal e-Financeira territory table, modified 29 May 2026; checked 8 October 2026); https://www.iso.org/obp/ui/#iso:code:3166:NF (ISO 3166 Online Browsing Platform, maintained online; checked 8 October 2026)",No established pt-BR formal form in the checked Brazilian/constitutional records,absence checked,The unsourced translation is deliberately omitted; another locale’s formal name is never used as fallback.
162,NF,name_label,<absent>,"https://www.gov.br/sped/pt-br/assuntos/escrituracoes-digitais/e-financeira/manuais-e-documento-tecnicos/tabelas-de-codigos/paises/@@download/file (Receita Federal e-Financeira territory table, modified 29 May 2026; checked 8 October 2026); https://www.iso.org/obp/ui/#iso:code:3166:NF (ISO 3166 Online Browsing Platform, maintained online; checked 8 October 2026)",No alternative-name label in the checked Brazilian/ISO records,absence checked,Deliberate absence checked against the concrete fallback records.
162,NF,capitals[0].name,Kingston,"https://funag.gov.br/manual/index.php?title=Top%C3%B4nimos_e_gent%C3%ADlicos (official FUNAG reproduction, revision 684; checked 8 October 2026); https://www.gov.br/sped/pt-br/assuntos/escrituracoes-digitais/e-financeira/manuais-e-documento-tecnicos/tabelas-de-codigos/paises/@@download/file (Receita Federal e-Financeira territory table, modified 29 May 2026; checked 8 October 2026); https://www.iso.org/obp/ui/#iso:code:3166:NF (ISO 3166 Online Browsing Platform, maintained online; checked 8 October 2026); https://geonames.nga.mil/geonames/GNSHome/ (NGA Geographic Names Server, online; checked 8 October 2026)",FUNAG: Kingston; geographic-name record: Kingston,match,
162,NF,capitals[0].label,<absent>,"https://www.gov.br/sped/pt-br/assuntos/escrituracoes-digitais/e-financeira/manuais-e-documento-tecnicos/tabelas-de-codigos/paises/@@download/file (Receita Federal e-Financeira territory table, modified 29 May 2026; checked 8 October 2026); https://www.iso.org/obp/ui/#iso:code:3166:NF (ISO 3166 Online Browsing Platform, maintained online; checked 8 October 2026)",No role qualifier in the checked naming records; shared role is generic capital,absence checked,No capital label is present in any locale for this generic shared role.
162,NF,wikipedia,https://pt.wikipedia.org/wiki/Ilha_Norfolque,"https://www.wikidata.org/ ptwiki sitelink cache, refreshed 7 October 2026",https://pt.wikipedia.org/wiki/Ilha_Norfolque,match,Article link only; never used as the naming authority.
163,KP,name,Coreia do Norte,"https://www.gov.br/mre/pt-br/arquivos/manual-de-redacao (23 July 2026); https://funag.gov.br/manual/index.php?title=Top%C3%B4nimos_e_gent%C3%ADlicos (revision 684, checked 7 October 2026)",a Coreia do Norte,match,Deck-style transcription omits leading articles and pronunciation annotations.
163,KP,formal_name,República Popular Democrática da Coreia,"https://www.gov.br/mre/pt-br/arquivos/manual-de-redacao (23 July 2026); https://funag.gov.br/manual/index.php?title=Top%C3%B4nimos_e_gent%C3%ADlicos (revision 684, checked 7 October 2026)",a República Popular Democrática da Coreia,match,Deck-style transcription omits leading articles and pronunciation annotations.
163,KP,name_label,<absent>,"https://www.gov.br/mre/pt-br/arquivos/manual-de-redacao (23 July 2026); https://funag.gov.br/manual/index.php?title=Top%C3%B4nimos_e_gent%C3%ADlicos (revision 684, checked 7 October 2026)",<absent>,absence checked,No established locale value in the audited source/fallback record.
163,KP,capitals[0].name,Pyongyang,"https://www.gov.br/mre/pt-br/arquivos/manual-de-redacao (23 July 2026); https://funag.gov.br/manual/index.php?title=Top%C3%B4nimos_e_gent%C3%ADlicos (revision 684, checked 7 October 2026)",Pyongyang,match,The source cell covers the complete capital list; spelling and shared role were checked separately.
163,KP,capitals[0].label,<absent>,"https://www.gov.br/mre/pt-br/arquivos/manual-de-redacao (23 July 2026); https://funag.gov.br/manual/index.php?title=Top%C3%B4nimos_e_gent%C3%ADlicos (revision 684, checked 7 October 2026)",<absent>,absence checked,No capital label is present in any locale for this location.
163,KP,wikipedia,https://pt.wikipedia.org/wiki/Coreia_do_Norte,"https://www.wikidata.org/ ptwiki sitelink cache, refreshed 7 October 2026",https://pt.wikipedia.org/wiki/Coreia_do_Norte,match,Article link only; never used as the naming authority.
164,MK,name,Macedônia do Norte,"https://www.gov.br/mre/pt-br/arquivos/manual-de-redacao (23 July 2026); https://funag.gov.br/manual/index.php?title=Top%C3%B4nimos_e_gent%C3%ADlicos (revision 684, checked 7 October 2026)",a Macedônia do Norte,match,Deck-style transcription omits leading articles and pronunciation annotations.
164,MK,formal_name,República da Macedônia do Norte,"https://www.gov.br/mre/pt-br/arquivos/manual-de-redacao (23 July 2026); https://funag.gov.br/manual/index.php?title=Top%C3%B4nimos_e_gent%C3%ADlicos (revision 684, checked 7 October 2026)",a República da Macedônia do Norte,match,Deck-style transcription omits leading articles and pronunciation annotations.
164,MK,name_label,<absent>,"https://www.gov.br/mre/pt-br/arquivos/manual-de-redacao (23 July 2026); https://funag.gov.br/manual/index.php?title=Top%C3%B4nimos_e_gent%C3%ADlicos (revision 684, checked 7 October 2026)",<absent>,absence checked,No established locale value in the audited source/fallback record.
164,MK,capitals[0].name,Skopje,"https://www.gov.br/mre/pt-br/arquivos/manual-de-redacao (23 July 2026); https://funag.gov.br/manual/index.php?title=Top%C3%B4nimos_e_gent%C3%ADlicos (revision 684, checked 7 October 2026)",Skopje [pronúncia: Skópie],match,The source cell covers the complete capital list; spelling and shared role were checked separately.
164,MK,capitals[0].label,<absent>,"https://www.gov.br/mre/pt-br/arquivos/manual-de-redacao (23 July 2026); https://funag.gov.br/manual/index.php?title=Top%C3%B4nimos_e_gent%C3%ADlicos (revision 684, checked 7 October 2026)",<absent>,absence checked,No capital label is present in any locale for this location.
164,MK,wikipedia,https://pt.wikipedia.org/wiki/Macedónia_do_Norte,"https://www.wikidata.org/ ptwiki sitelink cache, refreshed 7 October 2026",https://pt.wikipedia.org/wiki/Macedónia_do_Norte,match,Article link only; never used as the naming authority.
165,MP,name,Ilhas Marianas do Norte,"https://www.gov.br/sped/pt-br/assuntos/escrituracoes-digitais/e-financeira/manuais-e-documento-tecnicos/tabelas-de-codigos/paises/@@download/file (Receita Federal e-Financeira territory table, modified 29 May 2026; checked 8 October 2026); https://www.iso.org/obp/ui/#iso:code:3166:MP (ISO 3166 Online Browsing Platform, maintained online; checked 8 October 2026)",Receita Federal: Ilhas Marianas do Norte,match,
165,MP,formal_name,<absent>,"https://www.gov.br/sped/pt-br/assuntos/escrituracoes-digitais/e-financeira/manuais-e-documento-tecnicos/tabelas-de-codigos/paises/@@download/file (Receita Federal e-Financeira territory table, modified 29 May 2026; checked 8 October 2026); https://www.iso.org/obp/ui/#iso:code:3166:MP (ISO 3166 Online Browsing Platform, maintained online; checked 8 October 2026)",No established pt-BR formal form in the checked Brazilian/constitutional records,absence checked,The unsourced translation is deliberately omitted; another locale’s formal name is never used as fallback.
165,MP,name_label,<absent>,"https://www.gov.br/sped/pt-br/assuntos/escrituracoes-digitais/e-financeira/manuais-e-documento-tecnicos/tabelas-de-codigos/paises/@@download/file (Receita Federal e-Financeira territory table, modified 29 May 2026; checked 8 October 2026); https://www.iso.org/obp/ui/#iso:code:3166:MP (ISO 3166 Online Browsing Platform, maintained online; checked 8 October 2026)",No alternative-name label in the checked Brazilian/ISO records,absence checked,Deliberate absence checked against the concrete fallback records.
165,MP,capitals[0].name,Saipan,"https://www.gov.br/sped/pt-br/assuntos/escrituracoes-digitais/e-financeira/manuais-e-documento-tecnicos/tabelas-de-codigos/paises/@@download/file (Receita Federal e-Financeira territory table, modified 29 May 2026; checked 8 October 2026); https://www.iso.org/obp/ui/#iso:code:3166:MP (ISO 3166 Online Browsing Platform, maintained online; checked 8 October 2026); https://edits.nationalmap.gov/apps/gaz-domestic/public/search/names (USGS GNIS, online; checked 8 October 2026)",Approved/local geographic-name form: Saipan,match,
165,MP,capitals[0].label,<absent>,"https://www.gov.br/sped/pt-br/assuntos/escrituracoes-digitais/e-financeira/manuais-e-documento-tecnicos/tabelas-de-codigos/paises/@@download/file (Receita Federal e-Financeira territory table, modified 29 May 2026; checked 8 October 2026); https://www.iso.org/obp/ui/#iso:code:3166:MP (ISO 3166 Online Browsing Platform, maintained online; checked 8 October 2026)",No role qualifier in the checked naming records; shared role is generic capital,absence checked,No capital label is present in any locale for this generic shared role.
165,MP,wikipedia,https://pt.wikipedia.org/wiki/Ilhas_Marianas_Setentrionais,"https://www.wikidata.org/ ptwiki sitelink cache, refreshed 7 October 2026",https://pt.wikipedia.org/wiki/Ilhas_Marianas_Setentrionais,match,Article link only; never used as the naming authority.
166,NO,name,Noruega,"https://www.gov.br/mre/pt-br/arquivos/manual-de-redacao (23 July 2026); https://funag.gov.br/manual/index.php?title=Top%C3%B4nimos_e_gent%C3%ADlicos (revision 684, checked 7 October 2026)",a Noruega,match,Deck-style transcription omits leading articles and pronunciation annotations.
166,NO,formal_name,Reino da Noruega,"https://www.gov.br/mre/pt-br/arquivos/manual-de-redacao (23 July 2026); https://funag.gov.br/manual/index.php?title=Top%C3%B4nimos_e_gent%C3%ADlicos (revision 684, checked 7 October 2026)",o Reino da Noruega,match,Deck-style transcription omits leading articles and pronunciation annotations.
166,NO,name_label,<absent>,"https://www.gov.br/mre/pt-br/arquivos/manual-de-redacao (23 July 2026); https://funag.gov.br/manual/index.php?title=Top%C3%B4nimos_e_gent%C3%ADlicos (revision 684, checked 7 October 2026)",<absent>,absence checked,No established locale value in the audited source/fallback record.
166,NO,capitals[0].name,Oslo,"https://www.gov.br/mre/pt-br/arquivos/manual-de-redacao (23 July 2026); https://funag.gov.br/manual/index.php?title=Top%C3%B4nimos_e_gent%C3%ADlicos (revision 684, checked 7 October 2026)",Oslo,match,The source cell covers the complete capital list; spelling and shared role were checked separately.
166,NO,capitals[0].label,<absent>,"https://www.gov.br/mre/pt-br/arquivos/manual-de-redacao (23 July 2026); https://funag.gov.br/manual/index.php?title=Top%C3%B4nimos_e_gent%C3%ADlicos (revision 684, checked 7 October 2026)",<absent>,absence checked,No capital label is present in any locale for this location.
166,NO,wikipedia,https://pt.wikipedia.org/wiki/Noruega,"https://www.wikidata.org/ ptwiki sitelink cache, refreshed 7 October 2026",https://pt.wikipedia.org/wiki/Noruega,match,Article link only; never used as the naming authority.
167,OM,name,Omã,"https://www.gov.br/mre/pt-br/arquivos/manual-de-redacao (23 July 2026); https://funag.gov.br/manual/index.php?title=Top%C3%B4nimos_e_gent%C3%ADlicos (revision 684, checked 7 October 2026)",Omã,match,Deck-style transcription omits leading articles and pronunciation annotations.
167,OM,formal_name,Sultanato de Omã,"https://www.gov.br/mre/pt-br/arquivos/manual-de-redacao (23 July 2026); https://funag.gov.br/manual/index.php?title=Top%C3%B4nimos_e_gent%C3%ADlicos (revision 684, checked 7 October 2026)",o Sultanato de Omã,match,Deck-style transcription omits leading articles and pronunciation annotations.
167,OM,name_label,<absent>,"https://www.gov.br/mre/pt-br/arquivos/manual-de-redacao (23 July 2026); https://funag.gov.br/manual/index.php?title=Top%C3%B4nimos_e_gent%C3%ADlicos (revision 684, checked 7 October 2026)",<absent>,absence checked,No established locale value in the audited source/fallback record.
167,OM,capitals[0].name,Mascate,"https://www.gov.br/mre/pt-br/arquivos/manual-de-redacao (23 July 2026); https://funag.gov.br/manual/index.php?title=Top%C3%B4nimos_e_gent%C3%ADlicos (revision 684, checked 7 October 2026)",Mascate,match,The source cell covers the complete capital list; spelling and shared role were checked separately.
167,OM,capitals[0].label,<absent>,"https://www.gov.br/mre/pt-br/arquivos/manual-de-redacao (23 July 2026); https://funag.gov.br/manual/index.php?title=Top%C3%B4nimos_e_gent%C3%ADlicos (revision 684, checked 7 October 2026)",<absent>,absence checked,No capital label is present in any locale for this location.
167,OM,wikipedia,https://pt.wikipedia.org/wiki/Omã,"https://www.wikidata.org/ ptwiki sitelink cache, refreshed 7 October 2026",https://pt.wikipedia.org/wiki/Omã,match,Article link only; never used as the naming authority.
168,PK,name,Paquistão,"https://www.gov.br/mre/pt-br/arquivos/manual-de-redacao (23 July 2026); https://funag.gov.br/manual/index.php?title=Top%C3%B4nimos_e_gent%C3%ADlicos (revision 684, checked 7 October 2026)",o Paquistão,match,Deck-style transcription omits leading articles and pronunciation annotations.
168,PK,formal_name,República Islâmica do Paquistão,"https://www.gov.br/mre/pt-br/arquivos/manual-de-redacao (23 July 2026); https://funag.gov.br/manual/index.php?title=Top%C3%B4nimos_e_gent%C3%ADlicos (revision 684, checked 7 October 2026)",a República Islâmica do Paquistão,match,Deck-style transcription omits leading articles and pronunciation annotations.
168,PK,name_label,<absent>,"https://www.gov.br/mre/pt-br/arquivos/manual-de-redacao (23 July 2026); https://funag.gov.br/manual/index.php?title=Top%C3%B4nimos_e_gent%C3%ADlicos (revision 684, checked 7 October 2026)",<absent>,absence checked,No established locale value in the audited source/fallback record.
168,PK,capitals[0].name,Islamabad,"https://www.gov.br/mre/pt-br/arquivos/manual-de-redacao (23 July 2026); https://funag.gov.br/manual/index.php?title=Top%C3%B4nimos_e_gent%C3%ADlicos (revision 684, checked 7 October 2026)",Islamabad,match,The source cell covers the complete capital list; spelling and shared role were checked separately.
168,PK,capitals[0].label,<absent>,"https://www.gov.br/mre/pt-br/arquivos/manual-de-redacao (23 July 2026); https://funag.gov.br/manual/index.php?title=Top%C3%B4nimos_e_gent%C3%ADlicos (revision 684, checked 7 October 2026)",<absent>,absence checked,No capital label is present in any locale for this location.
168,PK,wikipedia,https://pt.wikipedia.org/wiki/Paquistão,"https://www.wikidata.org/ ptwiki sitelink cache, refreshed 7 October 2026",https://pt.wikipedia.org/wiki/Paquistão,match,Article link only; never used as the naming authority.
169,PW,name,Palau,"https://www.gov.br/mre/pt-br/arquivos/manual-de-redacao (23 July 2026); https://funag.gov.br/manual/index.php?title=Top%C3%B4nimos_e_gent%C3%ADlicos (revision 684, checked 7 October 2026)",Palau,match,Deck-style transcription omits leading articles and pronunciation annotations.
169,PW,formal_name,República de Palau,"https://www.gov.br/mre/pt-br/arquivos/manual-de-redacao (23 July 2026); https://funag.gov.br/manual/index.php?title=Top%C3%B4nimos_e_gent%C3%ADlicos (revision 684, checked 7 October 2026)",a República de Palau,match,Deck-style transcription omits leading articles and pronunciation annotations.
169,PW,name_label,<absent>,"https://www.gov.br/mre/pt-br/arquivos/manual-de-redacao (23 July 2026); https://funag.gov.br/manual/index.php?title=Top%C3%B4nimos_e_gent%C3%ADlicos (revision 684, checked 7 October 2026)",<absent>,absence checked,No established locale value in the audited source/fallback record.
169,PW,capitals[0].name,Ngerulmud,"https://www.gov.br/mre/pt-br/arquivos/manual-de-redacao (23 July 2026); https://funag.gov.br/manual/index.php?title=Top%C3%B4nimos_e_gent%C3%ADlicos (revision 684, checked 7 October 2026)",Melekeok,match,The source cell covers the complete capital list; spelling and shared role were checked separately.
169,PW,capitals[0].label,<absent>,"https://www.gov.br/mre/pt-br/arquivos/manual-de-redacao (23 July 2026); https://funag.gov.br/manual/index.php?title=Top%C3%B4nimos_e_gent%C3%ADlicos (revision 684, checked 7 October 2026)",<absent>,absence checked,No capital label is present in any locale for this location.
169,PW,wikipedia,https://pt.wikipedia.org/wiki/Palau,"https://www.wikidata.org/ ptwiki sitelink cache, refreshed 7 October 2026",https://pt.wikipedia.org/wiki/Palau,match,Article link only; never used as the naming authority.
170,PS,name,Palestina,"https://funag.gov.br/manual/index.php?title=Top%C3%B4nimos_e_gent%C3%ADlicos (official FUNAG reproduction, revision 684; checked 8 October 2026); https://www.gov.br/sped/pt-br/assuntos/escrituracoes-digitais/e-financeira/manuais-e-documento-tecnicos/tabelas-de-codigos/paises/@@download/file (Receita Federal e-Financeira territory table, modified 29 May 2026; checked 8 October 2026); https://www.iso.org/obp/ui/#iso:code:3166:PS (ISO 3166 Online Browsing Platform, maintained online; checked 8 October 2026); https://www.gov.br/mre/pt-br/canais_atendimento/imprensa/notas-a-imprensa/anuncio-do-reconhecimento-pela-franca-do-estado-da-palestina (Itamaraty note 342, updated 3 July 2026)",Receita Federal: Territórios Palestinos Ocupados; FUNAG: Palestina,deviation,"Receita records “Territórios Palestinos Ocupados”; COTW keeps the fully reviewed pt-BR display form, with the precise difference documented in docs/data-changes.md."
170,PS,formal_name,Estado da Palestina,"https://funag.gov.br/manual/index.php?title=Top%C3%B4nimos_e_gent%C3%ADlicos (official FUNAG reproduction, revision 684; checked 8 October 2026); https://www.gov.br/sped/pt-br/assuntos/escrituracoes-digitais/e-financeira/manuais-e-documento-tecnicos/tabelas-de-codigos/paises/@@download/file (Receita Federal e-Financeira territory table, modified 29 May 2026; checked 8 October 2026); https://www.iso.org/obp/ui/#iso:code:3166:PS (ISO 3166 Online Browsing Platform, maintained online; checked 8 October 2026); https://www.gov.br/mre/pt-br/canais_atendimento/imprensa/notas-a-imprensa/anuncio-do-reconhecimento-pela-franca-do-estado-da-palestina (Itamaraty note 342, updated 3 July 2026)",FUNAG: Estado da Palestina,match,
170,PS,name_label,<absent>,"https://www.gov.br/sped/pt-br/assuntos/escrituracoes-digitais/e-financeira/manuais-e-documento-tecnicos/tabelas-de-codigos/paises/@@download/file (Receita Federal e-Financeira territory table, modified 29 May 2026; checked 8 October 2026); https://www.iso.org/obp/ui/#iso:code:3166:PS (ISO 3166 Online Browsing Platform, maintained online; checked 8 October 2026); https://www.gov.br/mre/pt-br/canais_atendimento/imprensa/notas-a-imprensa/anuncio-do-reconhecimento-pela-franca-do-estado-da-palestina (Itamaraty note 342, updated 3 July 2026)",No alternative-name label in the checked Brazilian/ISO records,absence checked,Deliberate absence checked against the concrete fallback records.
170,PS,capitals[0].name,Jerusalém Oriental,"https://funag.gov.br/manual/index.php?title=Top%C3%B4nimos_e_gent%C3%ADlicos (official FUNAG reproduction, revision 684; checked 8 October 2026); https://www.gov.br/sped/pt-br/assuntos/escrituracoes-digitais/e-financeira/manuais-e-documento-tecnicos/tabelas-de-codigos/paises/@@download/file (Receita Federal e-Financeira territory table, modified 29 May 2026; checked 8 October 2026); https://www.iso.org/obp/ui/#iso:code:3166:PS (ISO 3166 Online Browsing Platform, maintained online; checked 8 October 2026); https://www.gov.br/mre/pt-br/canais_atendimento/imprensa/notas-a-imprensa/anuncio-do-reconhecimento-pela-franca-do-estado-da-palestina (Itamaraty note 342, updated 3 July 2026); https://geonames.nga.mil/geonames/GNSHome/ (NGA Geographic Names Server, online; checked 8 October 2026)",FUNAG: Jerusalém Oriental; geographic-name record: East Jerusalem,match,
170,PS,capitals[0].label,proclamada,"https://www.gov.br/sped/pt-br/assuntos/escrituracoes-digitais/e-financeira/manuais-e-documento-tecnicos/tabelas-de-codigos/paises/@@download/file (Receita Federal e-Financeira territory table, modified 29 May 2026; checked 8 October 2026); https://www.iso.org/obp/ui/#iso:code:3166:PS (ISO 3166 Online Browsing Platform, maintained online; checked 8 October 2026); https://www.gov.br/mre/pt-br/canais_atendimento/imprensa/notas-a-imprensa/anuncio-do-reconhecimento-pela-franca-do-estado-da-palestina (Itamaraty note 342, updated 3 July 2026)",Verified shared role; pt-BR label: proclamada,match,The source establishes the shared fact; the label is its pt-BR translation.
170,PS,capitals[1].name,Ramala,"https://funag.gov.br/manual/index.php?title=Top%C3%B4nimos_e_gent%C3%ADlicos (official FUNAG reproduction, revision 684; checked 8 October 2026); https://www.gov.br/sped/pt-br/assuntos/escrituracoes-digitais/e-financeira/manuais-e-documento-tecnicos/tabelas-de-codigos/paises/@@download/file (Receita Federal e-Financeira territory table, modified 29 May 2026; checked 8 October 2026); https://www.iso.org/obp/ui/#iso:code:3166:PS (ISO 3166 Online Browsing Platform, maintained online; checked 8 October 2026); https://www.gov.br/mre/pt-br/canais_atendimento/imprensa/notas-a-imprensa/anuncio-do-reconhecimento-pela-franca-do-estado-da-palestina (Itamaraty note 342, updated 3 July 2026); https://geonames.nga.mil/geonames/GNSHome/ (NGA Geographic Names Server, online; checked 8 October 2026)",FUNAG: Ramala; geographic-name record: Ramallah,match,
170,PS,capitals[1].label,de facto,"https://funag.gov.br/manual/index.php?title=Top%C3%B4nimos_e_gent%C3%ADlicos (official FUNAG reproduction, revision 684; checked 8 October 2026); https://www.gov.br/mre/pt-br/canais_atendimento/imprensa/notas-a-imprensa/anuncio-do-reconhecimento-pela-franca-do-estado-da-palestina (Itamaraty note 342, updated 3 July 2026)",FUNAG: Ramala sede provisória do governo; pt-BR shared-role label: de facto,match,The concrete Brazilian record supports the shared government-seat fact and its translated role label.
170,PS,wikipedia,https://pt.wikipedia.org/wiki/Estado_da_Palestina,"https://www.wikidata.org/ ptwiki sitelink cache, refreshed 7 October 2026",https://pt.wikipedia.org/wiki/Estado_da_Palestina,match,Article link only; never used as the naming authority.
171,PA,name,Panamá,"https://www.gov.br/mre/pt-br/arquivos/manual-de-redacao (23 July 2026); https://funag.gov.br/manual/index.php?title=Top%C3%B4nimos_e_gent%C3%ADlicos (revision 684, checked 7 October 2026)",o Panamá,match,Deck-style transcription omits leading articles and pronunciation annotations.
171,PA,formal_name,República do Panamá,"https://www.gov.br/mre/pt-br/arquivos/manual-de-redacao (23 July 2026); https://funag.gov.br/manual/index.php?title=Top%C3%B4nimos_e_gent%C3%ADlicos (revision 684, checked 7 October 2026)",a República do Panamá,match,Deck-style transcription omits leading articles and pronunciation annotations.
171,PA,name_label,<absent>,"https://www.gov.br/mre/pt-br/arquivos/manual-de-redacao (23 July 2026); https://funag.gov.br/manual/index.php?title=Top%C3%B4nimos_e_gent%C3%ADlicos (revision 684, checked 7 October 2026)",<absent>,absence checked,No established locale value in the audited source/fallback record.
171,PA,capitals[0].name,Cidade do Panamá,"https://www.gov.br/mre/pt-br/arquivos/manual-de-redacao (23 July 2026); https://funag.gov.br/manual/index.php?title=Top%C3%B4nimos_e_gent%C3%ADlicos (revision 684, checked 7 October 2026)",Cidade do Panamá,match,The source cell covers the complete capital list; spelling and shared role were checked separately.
171,PA,capitals[0].label,<absent>,"https://www.gov.br/mre/pt-br/arquivos/manual-de-redacao (23 July 2026); https://funag.gov.br/manual/index.php?title=Top%C3%B4nimos_e_gent%C3%ADlicos (revision 684, checked 7 October 2026)",<absent>,absence checked,No capital label is present in any locale for this location.
171,PA,wikipedia,https://pt.wikipedia.org/wiki/Panamá,"https://www.wikidata.org/ ptwiki sitelink cache, refreshed 7 October 2026",https://pt.wikipedia.org/wiki/Panamá,match,Article link only; never used as the naming authority.
172,PG,name,Papua Nova Guiné,"https://www.gov.br/mre/pt-br/arquivos/manual-de-redacao (23 July 2026); https://funag.gov.br/manual/index.php?title=Top%C3%B4nimos_e_gent%C3%ADlicos (revision 684, checked 7 October 2026)",a Papua Nova Guiné,match,Deck-style transcription omits leading articles and pronunciation annotations.
172,PG,formal_name,Estado Independente da Papua Nova Guiné,"https://www.gov.br/mre/pt-br/arquivos/manual-de-redacao (23 July 2026); https://funag.gov.br/manual/index.php?title=Top%C3%B4nimos_e_gent%C3%ADlicos (revision 684, checked 7 October 2026)",o Estado Independente da Papua Nova Guiné,match,Deck-style transcription omits leading articles and pronunciation annotations.
172,PG,name_label,<absent>,"https://www.gov.br/mre/pt-br/arquivos/manual-de-redacao (23 July 2026); https://funag.gov.br/manual/index.php?title=Top%C3%B4nimos_e_gent%C3%ADlicos (revision 684, checked 7 October 2026)",<absent>,absence checked,No established locale value in the audited source/fallback record.
172,PG,capitals[0].name,Port Moresby,"https://www.gov.br/mre/pt-br/arquivos/manual-de-redacao (23 July 2026); https://funag.gov.br/manual/index.php?title=Top%C3%B4nimos_e_gent%C3%ADlicos (revision 684, checked 7 October 2026)",Port Moresby,match,The source cell covers the complete capital list; spelling and shared role were checked separately.
172,PG,capitals[0].label,<absent>,"https://www.gov.br/mre/pt-br/arquivos/manual-de-redacao (23 July 2026); https://funag.gov.br/manual/index.php?title=Top%C3%B4nimos_e_gent%C3%ADlicos (revision 684, checked 7 October 2026)",<absent>,absence checked,No capital label is present in any locale for this location.
172,PG,wikipedia,https://pt.wikipedia.org/wiki/Papua-Nova_Guiné,"https://www.wikidata.org/ ptwiki sitelink cache, refreshed 7 October 2026",https://pt.wikipedia.org/wiki/Papua-Nova_Guiné,match,Article link only; never used as the naming authority.
173,PY,name,Paraguai,"https://www.gov.br/mre/pt-br/arquivos/manual-de-redacao (23 July 2026); https://funag.gov.br/manual/index.php?title=Top%C3%B4nimos_e_gent%C3%ADlicos (revision 684, checked 7 October 2026)",o Paraguai,match,Deck-style transcription omits leading articles and pronunciation annotations.
173,PY,formal_name,República do Paraguai,"https://www.gov.br/mre/pt-br/arquivos/manual-de-redacao (23 July 2026); https://funag.gov.br/manual/index.php?title=Top%C3%B4nimos_e_gent%C3%ADlicos (revision 684, checked 7 October 2026)",a República do Paraguai,match,Deck-style transcription omits leading articles and pronunciation annotations.
173,PY,name_label,<absent>,"https://www.gov.br/mre/pt-br/arquivos/manual-de-redacao (23 July 2026); https://funag.gov.br/manual/index.php?title=Top%C3%B4nimos_e_gent%C3%ADlicos (revision 684, checked 7 October 2026)",<absent>,absence checked,No established locale value in the audited source/fallback record.
173,PY,capitals[0].name,Assunção,"https://www.gov.br/mre/pt-br/arquivos/manual-de-redacao (23 July 2026); https://funag.gov.br/manual/index.php?title=Top%C3%B4nimos_e_gent%C3%ADlicos (revision 684, checked 7 October 2026)",Assunção,match,The source cell covers the complete capital list; spelling and shared role were checked separately.
173,PY,capitals[0].label,<absent>,"https://www.gov.br/mre/pt-br/arquivos/manual-de-redacao (23 July 2026); https://funag.gov.br/manual/index.php?title=Top%C3%B4nimos_e_gent%C3%ADlicos (revision 684, checked 7 October 2026)",<absent>,absence checked,No capital label is present in any locale for this location.
173,PY,wikipedia,https://pt.wikipedia.org/wiki/Paraguai,"https://www.wikidata.org/ ptwiki sitelink cache, refreshed 7 October 2026",https://pt.wikipedia.org/wiki/Paraguai,match,Article link only; never used as the naming authority.
174,PE,name,Peru,"https://www.gov.br/mre/pt-br/arquivos/manual-de-redacao (23 July 2026); https://funag.gov.br/manual/index.php?title=Top%C3%B4nimos_e_gent%C3%ADlicos (revision 684, checked 7 October 2026)",o Peru,match,Deck-style transcription omits leading articles and pronunciation annotations.
174,PE,formal_name,República do Peru,"https://www.gov.br/mre/pt-br/arquivos/manual-de-redacao (23 July 2026); https://funag.gov.br/manual/index.php?title=Top%C3%B4nimos_e_gent%C3%ADlicos (revision 684, checked 7 October 2026)",a República do Peru,match,Deck-style transcription omits leading articles and pronunciation annotations.
174,PE,name_label,<absent>,"https://www.gov.br/mre/pt-br/arquivos/manual-de-redacao (23 July 2026); https://funag.gov.br/manual/index.php?title=Top%C3%B4nimos_e_gent%C3%ADlicos (revision 684, checked 7 October 2026)",<absent>,absence checked,No established locale value in the audited source/fallback record.
174,PE,capitals[0].name,Lima,"https://www.gov.br/mre/pt-br/arquivos/manual-de-redacao (23 July 2026); https://funag.gov.br/manual/index.php?title=Top%C3%B4nimos_e_gent%C3%ADlicos (revision 684, checked 7 October 2026)",Lima,match,The source cell covers the complete capital list; spelling and shared role were checked separately.
174,PE,capitals[0].label,<absent>,"https://www.gov.br/mre/pt-br/arquivos/manual-de-redacao (23 July 2026); https://funag.gov.br/manual/index.php?title=Top%C3%B4nimos_e_gent%C3%ADlicos (revision 684, checked 7 October 2026)",<absent>,absence checked,No capital label is present in any locale for this location.
174,PE,wikipedia,https://pt.wikipedia.org/wiki/Peru,"https://www.wikidata.org/ ptwiki sitelink cache, refreshed 7 October 2026",https://pt.wikipedia.org/wiki/Peru,match,Article link only; never used as the naming authority.
175,PH,name,Filipinas,"https://www.gov.br/mre/pt-br/arquivos/manual-de-redacao (23 July 2026); https://funag.gov.br/manual/index.php?title=Top%C3%B4nimos_e_gent%C3%ADlicos (revision 684, checked 7 October 2026)",as Filipinas,match,Deck-style transcription omits leading articles and pronunciation annotations.
175,PH,formal_name,República das Filipinas,"https://www.gov.br/mre/pt-br/arquivos/manual-de-redacao (23 July 2026); https://funag.gov.br/manual/index.php?title=Top%C3%B4nimos_e_gent%C3%ADlicos (revision 684, checked 7 October 2026)",a República das Filipinas,match,Deck-style transcription omits leading articles and pronunciation annotations.
175,PH,name_label,<absent>,"https://www.gov.br/mre/pt-br/arquivos/manual-de-redacao (23 July 2026); https://funag.gov.br/manual/index.php?title=Top%C3%B4nimos_e_gent%C3%ADlicos (revision 684, checked 7 October 2026)",<absent>,absence checked,No established locale value in the audited source/fallback record.
175,PH,capitals[0].name,Manila,"https://www.gov.br/mre/pt-br/arquivos/manual-de-redacao (23 July 2026); https://funag.gov.br/manual/index.php?title=Top%C3%B4nimos_e_gent%C3%ADlicos (revision 684, checked 7 October 2026)",Manila,match,The source cell covers the complete capital list; spelling and shared role were checked separately.
175,PH,capitals[0].label,<absent>,"https://www.gov.br/mre/pt-br/arquivos/manual-de-redacao (23 July 2026); https://funag.gov.br/manual/index.php?title=Top%C3%B4nimos_e_gent%C3%ADlicos (revision 684, checked 7 October 2026)",<absent>,absence checked,No capital label is present in any locale for this location.
175,PH,wikipedia,https://pt.wikipedia.org/wiki/Filipinas,"https://www.wikidata.org/ ptwiki sitelink cache, refreshed 7 October 2026",https://pt.wikipedia.org/wiki/Filipinas,match,Article link only; never used as the naming authority.
176,PN,name,Ilha Pitcairn,"https://www.gov.br/sped/pt-br/assuntos/escrituracoes-digitais/e-financeira/manuais-e-documento-tecnicos/tabelas-de-codigos/paises/@@download/file (Receita Federal e-Financeira territory table, modified 29 May 2026; checked 8 October 2026); https://www.iso.org/obp/ui/#iso:code:3166:PN (ISO 3166 Online Browsing Platform, maintained online; checked 8 October 2026)",Receita Federal: Ilha Pitcairn,match,Adopted the cited Brazilian fallback form exactly.
176,PN,formal_name,<absent>,"https://www.gov.br/sped/pt-br/assuntos/escrituracoes-digitais/e-financeira/manuais-e-documento-tecnicos/tabelas-de-codigos/paises/@@download/file (Receita Federal e-Financeira territory table, modified 29 May 2026; checked 8 October 2026); https://www.iso.org/obp/ui/#iso:code:3166:PN (ISO 3166 Online Browsing Platform, maintained online; checked 8 October 2026)",No distinct pt-BR formal form in the checked Brazilian/ISO records,absence checked,A formal-name key is deliberately omitted rather than translated without a source.
176,PN,name_label,<absent>,"https://www.gov.br/sped/pt-br/assuntos/escrituracoes-digitais/e-financeira/manuais-e-documento-tecnicos/tabelas-de-codigos/paises/@@download/file (Receita Federal e-Financeira territory table, modified 29 May 2026; checked 8 October 2026); https://www.iso.org/obp/ui/#iso:code:3166:PN (ISO 3166 Online Browsing Platform, maintained online; checked 8 October 2026)",No alternative-name label in the checked Brazilian/ISO records,absence checked,Deliberate absence checked against the concrete fallback records.
176,PN,capitals[0].name,Adamstown,"https://www.gov.br/sped/pt-br/assuntos/escrituracoes-digitais/e-financeira/manuais-e-documento-tecnicos/tabelas-de-codigos/paises/@@download/file (Receita Federal e-Financeira territory table, modified 29 May 2026; checked 8 October 2026); https://www.iso.org/obp/ui/#iso:code:3166:PN (ISO 3166 Online Browsing Platform, maintained online; checked 8 October 2026); https://geonames.nga.mil/geonames/GNSHome/ (NGA Geographic Names Server, online; checked 8 October 2026)",Approved/local geographic-name form: Adamstown,match,
176,PN,capitals[0].label,<absent>,"https://www.gov.br/sped/pt-br/assuntos/escrituracoes-digitais/e-financeira/manuais-e-documento-tecnicos/tabelas-de-codigos/paises/@@download/file (Receita Federal e-Financeira territory table, modified 29 May 2026; checked 8 October 2026); https://www.iso.org/obp/ui/#iso:code:3166:PN (ISO 3166 Online Browsing Platform, maintained online; checked 8 October 2026)",No role qualifier in the checked naming records; shared role is generic capital,absence checked,No capital label is present in any locale for this generic shared role.
176,PN,wikipedia,https://pt.wikipedia.org/wiki/Ilhas_Pitcairn,"https://www.wikidata.org/ ptwiki sitelink cache, refreshed 7 October 2026",https://pt.wikipedia.org/wiki/Ilhas_Pitcairn,match,Article link only; never used as the naming authority.
177,PL,name,Polônia,"https://www.gov.br/mre/pt-br/arquivos/manual-de-redacao (23 July 2026); https://funag.gov.br/manual/index.php?title=Top%C3%B4nimos_e_gent%C3%ADlicos (revision 684, checked 7 October 2026)",a Polônia,match,Deck-style transcription omits leading articles and pronunciation annotations.
177,PL,formal_name,República da Polônia,"https://www.gov.br/mre/pt-br/arquivos/manual-de-redacao (23 July 2026); https://funag.gov.br/manual/index.php?title=Top%C3%B4nimos_e_gent%C3%ADlicos (revision 684, checked 7 October 2026)",a República da Polônia,match,Deck-style transcription omits leading articles and pronunciation annotations.
177,PL,name_label,<absent>,"https://www.gov.br/mre/pt-br/arquivos/manual-de-redacao (23 July 2026); https://funag.gov.br/manual/index.php?title=Top%C3%B4nimos_e_gent%C3%ADlicos (revision 684, checked 7 October 2026)",<absent>,absence checked,No established locale value in the audited source/fallback record.
177,PL,capitals[0].name,Varsóvia,"https://www.gov.br/mre/pt-br/arquivos/manual-de-redacao (23 July 2026); https://funag.gov.br/manual/index.php?title=Top%C3%B4nimos_e_gent%C3%ADlicos (revision 684, checked 7 October 2026)",Varsóvia,match,The source cell covers the complete capital list; spelling and shared role were checked separately.
177,PL,capitals[0].label,<absent>,"https://www.gov.br/mre/pt-br/arquivos/manual-de-redacao (23 July 2026); https://funag.gov.br/manual/index.php?title=Top%C3%B4nimos_e_gent%C3%ADlicos (revision 684, checked 7 October 2026)",<absent>,absence checked,No capital label is present in any locale for this location.
177,PL,wikipedia,https://pt.wikipedia.org/wiki/Polónia,"https://www.wikidata.org/ ptwiki sitelink cache, refreshed 7 October 2026",https://pt.wikipedia.org/wiki/Polónia,match,Article link only; never used as the naming authority.
178,PT,name,Portugal,"https://www.gov.br/mre/pt-br/arquivos/manual-de-redacao (23 July 2026); https://funag.gov.br/manual/index.php?title=Top%C3%B4nimos_e_gent%C3%ADlicos (revision 684, checked 7 October 2026)",Portugal,match,Deck-style transcription omits leading articles and pronunciation annotations.
178,PT,formal_name,República Portuguesa,"https://www.gov.br/mre/pt-br/arquivos/manual-de-redacao (23 July 2026); https://funag.gov.br/manual/index.php?title=Top%C3%B4nimos_e_gent%C3%ADlicos (revision 684, checked 7 October 2026)",a República Portuguesa,match,Deck-style transcription omits leading articles and pronunciation annotations.
178,PT,name_label,<absent>,"https://www.gov.br/mre/pt-br/arquivos/manual-de-redacao (23 July 2026); https://funag.gov.br/manual/index.php?title=Top%C3%B4nimos_e_gent%C3%ADlicos (revision 684, checked 7 October 2026)",<absent>,absence checked,No established locale value in the audited source/fallback record.
178,PT,capitals[0].name,Lisboa,"https://www.gov.br/mre/pt-br/arquivos/manual-de-redacao (23 July 2026); https://funag.gov.br/manual/index.php?title=Top%C3%B4nimos_e_gent%C3%ADlicos (revision 684, checked 7 October 2026)",Lisboa,match,The source cell covers the complete capital list; spelling and shared role were checked separately.
178,PT,capitals[0].label,<absent>,"https://www.gov.br/mre/pt-br/arquivos/manual-de-redacao (23 July 2026); https://funag.gov.br/manual/index.php?title=Top%C3%B4nimos_e_gent%C3%ADlicos (revision 684, checked 7 October 2026)",<absent>,absence checked,No capital label is present in any locale for this location.
178,PT,wikipedia,https://pt.wikipedia.org/wiki/Portugal,"https://www.wikidata.org/ ptwiki sitelink cache, refreshed 7 October 2026",https://pt.wikipedia.org/wiki/Portugal,match,Article link only; never used as the naming authority.
179,PR,name,Porto Rico,"https://funag.gov.br/manual/index.php?title=Top%C3%B4nimos_e_gent%C3%ADlicos (official FUNAG reproduction, revision 684; checked 8 October 2026); https://www.gov.br/sped/pt-br/assuntos/escrituracoes-digitais/e-financeira/manuais-e-documento-tecnicos/tabelas-de-codigos/paises/@@download/file (Receita Federal e-Financeira territory table, modified 29 May 2026; checked 8 October 2026); https://www.iso.org/obp/ui/#iso:code:3166:PR (ISO 3166 Online Browsing Platform, maintained online; checked 8 October 2026)",Receita Federal: Porto Rico; FUNAG: Porto Rico,match,
179,PR,formal_name,<absent>,"https://www.gov.br/sped/pt-br/assuntos/escrituracoes-digitais/e-financeira/manuais-e-documento-tecnicos/tabelas-de-codigos/paises/@@download/file (Receita Federal e-Financeira territory table, modified 29 May 2026; checked 8 October 2026); https://www.iso.org/obp/ui/#iso:code:3166:PR (ISO 3166 Online Browsing Platform, maintained online; checked 8 October 2026)",No established pt-BR formal form in the checked Brazilian/constitutional records,absence checked,The unsourced translation is deliberately omitted; another locale’s formal name is never used as fallback.
179,PR,name_label,<absent>,"https://www.gov.br/sped/pt-br/assuntos/escrituracoes-digitais/e-financeira/manuais-e-documento-tecnicos/tabelas-de-codigos/paises/@@download/file (Receita Federal e-Financeira territory table, modified 29 May 2026; checked 8 October 2026); https://www.iso.org/obp/ui/#iso:code:3166:PR (ISO 3166 Online Browsing Platform, maintained online; checked 8 October 2026)",No alternative-name label in the checked Brazilian/ISO records,absence checked,Deliberate absence checked against the concrete fallback records.
179,PR,capitals[0].name,San Juan,"https://funag.gov.br/manual/index.php?title=Top%C3%B4nimos_e_gent%C3%ADlicos (official FUNAG reproduction, revision 684; checked 8 October 2026); https://www.gov.br/sped/pt-br/assuntos/escrituracoes-digitais/e-financeira/manuais-e-documento-tecnicos/tabelas-de-codigos/paises/@@download/file (Receita Federal e-Financeira territory table, modified 29 May 2026; checked 8 October 2026); https://www.iso.org/obp/ui/#iso:code:3166:PR (ISO 3166 Online Browsing Platform, maintained online; checked 8 October 2026); https://edits.nationalmap.gov/apps/gaz-domestic/public/search/names (USGS GNIS, online; checked 8 October 2026)",FUNAG: San Juan; geographic-name record: San Juan,match,
179,PR,capitals[0].label,<absent>,"https://www.gov.br/sped/pt-br/assuntos/escrituracoes-digitais/e-financeira/manuais-e-documento-tecnicos/tabelas-de-codigos/paises/@@download/file (Receita Federal e-Financeira territory table, modified 29 May 2026; checked 8 October 2026); https://www.iso.org/obp/ui/#iso:code:3166:PR (ISO 3166 Online Browsing Platform, maintained online; checked 8 October 2026)",No role qualifier in the checked naming records; shared role is generic capital,absence checked,No capital label is present in any locale for this generic shared role.
179,PR,wikipedia,https://pt.wikipedia.org/wiki/Porto_Rico,"https://www.wikidata.org/ ptwiki sitelink cache, refreshed 7 October 2026",https://pt.wikipedia.org/wiki/Porto_Rico,match,Article link only; never used as the naming authority.
180,QA,name,Catar,"https://www.gov.br/mre/pt-br/arquivos/manual-de-redacao (23 July 2026); https://funag.gov.br/manual/index.php?title=Top%C3%B4nimos_e_gent%C3%ADlicos (revision 684, checked 7 October 2026)",o Catar,match,Deck-style transcription omits leading articles and pronunciation annotations.
180,QA,formal_name,Estado do Catar,"https://www.gov.br/mre/pt-br/arquivos/manual-de-redacao (23 July 2026); https://funag.gov.br/manual/index.php?title=Top%C3%B4nimos_e_gent%C3%ADlicos (revision 684, checked 7 October 2026)",o Estado do Catar,match,Deck-style transcription omits leading articles and pronunciation annotations.
180,QA,name_label,<absent>,"https://www.gov.br/mre/pt-br/arquivos/manual-de-redacao (23 July 2026); https://funag.gov.br/manual/index.php?title=Top%C3%B4nimos_e_gent%C3%ADlicos (revision 684, checked 7 October 2026)",<absent>,absence checked,No established locale value in the audited source/fallback record.
180,QA,capitals[0].name,Doha,"https://www.gov.br/mre/pt-br/arquivos/manual-de-redacao (23 July 2026); https://funag.gov.br/manual/index.php?title=Top%C3%B4nimos_e_gent%C3%ADlicos (revision 684, checked 7 October 2026)",Doha,match,The source cell covers the complete capital list; spelling and shared role were checked separately.
180,QA,capitals[0].label,<absent>,"https://www.gov.br/mre/pt-br/arquivos/manual-de-redacao (23 July 2026); https://funag.gov.br/manual/index.php?title=Top%C3%B4nimos_e_gent%C3%ADlicos (revision 684, checked 7 October 2026)",<absent>,absence checked,No capital label is present in any locale for this location.
180,QA,wikipedia,https://pt.wikipedia.org/wiki/Catar,"https://www.wikidata.org/ ptwiki sitelink cache, refreshed 7 October 2026",https://pt.wikipedia.org/wiki/Catar,match,Article link only; never used as the naming authority.
181,TW,name,República da China (Taiwan),"https://www.gov.br/sped/pt-br/assuntos/escrituracoes-digitais/e-financeira/manuais-e-documento-tecnicos/tabelas-de-codigos/paises/@@download/file (Receita Federal e-Financeira territory table, modified 29 May 2026; checked 8 October 2026); https://www.iso.org/obp/ui/#iso:code:3166:TW (ISO 3166 Online Browsing Platform, maintained online; checked 8 October 2026); https://www.gov.br/agricultura/pt-br/acesso-a-informacao/2017-2018/agenda-do-diretor-do-departamento-de-sanidade-vegetal/2017-08-10 (Brazilian Ministry of Agriculture agenda, published and updated 10 August 2017; checked 8 October 2026)",Brazilian Ministry of Agriculture: República da China (Taiwan); Receita Federal: Taiwan - Província da China,deviation,The approved wording is established in Brazilian federal-government usage and omits Receita’s recognition qualifier.
181,TW,formal_name,<absent>,"https://www.gov.br/sped/pt-br/assuntos/escrituracoes-digitais/e-financeira/manuais-e-documento-tecnicos/tabelas-de-codigos/paises/@@download/file (Receita Federal e-Financeira territory table, modified 29 May 2026; checked 8 October 2026); https://www.iso.org/obp/ui/#iso:code:3166:TW (ISO 3166 Online Browsing Platform, maintained online; checked 8 October 2026)",No distinct pt-BR formal form in the checked Brazilian/ISO records,absence checked,A formal-name key is deliberately omitted rather than translated without a source.
181,TW,name_label,<absent>,"https://www.gov.br/sped/pt-br/assuntos/escrituracoes-digitais/e-financeira/manuais-e-documento-tecnicos/tabelas-de-codigos/paises/@@download/file (Receita Federal e-Financeira territory table, modified 29 May 2026; checked 8 October 2026); https://www.iso.org/obp/ui/#iso:code:3166:TW (ISO 3166 Online Browsing Platform, maintained online; checked 8 October 2026)",No alternative-name label in the checked Brazilian/ISO records,absence checked,Deliberate absence checked against the concrete fallback records.
181,TW,capitals[0].name,Taipé,"https://funag.gov.br/manual/index.php?title=Top%C3%B4nimos_e_gent%C3%ADlicos (official FUNAG reproduction, revision 684; checked 8 October 2026); https://www.gov.br/sped/pt-br/assuntos/escrituracoes-digitais/e-financeira/manuais-e-documento-tecnicos/tabelas-de-codigos/paises/@@download/file (Receita Federal e-Financeira territory table, modified 29 May 2026; checked 8 October 2026); https://www.iso.org/obp/ui/#iso:code:3166:TW (ISO 3166 Online Browsing Platform, maintained online; checked 8 October 2026); https://geonames.nga.mil/geonames/GNSHome/ (NGA Geographic Names Server, online; checked 8 October 2026)",FUNAG: Taipé; geographic-name record: Taipei,match,
181,TW,capitals[0].label,<absent>,"https://www.gov.br/sped/pt-br/assuntos/escrituracoes-digitais/e-financeira/manuais-e-documento-tecnicos/tabelas-de-codigos/paises/@@download/file (Receita Federal e-Financeira territory table, modified 29 May 2026; checked 8 October 2026); https://www.iso.org/obp/ui/#iso:code:3166:TW (ISO 3166 Online Browsing Platform, maintained online; checked 8 October 2026)",No role qualifier in the checked naming records; shared role is generic capital,absence checked,No capital label is present in any locale for this generic shared role.
181,TW,wikipedia,https://pt.wikipedia.org/wiki/Taiwan,"https://www.wikidata.org/ ptwiki sitelink cache, refreshed 7 October 2026",https://pt.wikipedia.org/wiki/Taiwan,match,Article link only; never used as the naming authority.
182,RE,name,Reunião,"https://funag.gov.br/manual/index.php?title=Top%C3%B4nimos_e_gent%C3%ADlicos (official FUNAG reproduction, revision 684; checked 8 October 2026); https://www.gov.br/sped/pt-br/assuntos/escrituracoes-digitais/e-financeira/manuais-e-documento-tecnicos/tabelas-de-codigos/paises/@@download/file (Receita Federal e-Financeira territory table, modified 29 May 2026; checked 8 October 2026); https://www.iso.org/obp/ui/#iso:code:3166:RE (ISO 3166 Online Browsing Platform, maintained online; checked 8 October 2026)",Receita Federal: Ilha Reunião; FUNAG: Reunião,deviation,"Receita records “Ilha Reunião”; COTW keeps the fully reviewed pt-BR display form, with the precise difference documented in docs/data-changes.md."
182,RE,formal_name,<absent>,"https://www.gov.br/sped/pt-br/assuntos/escrituracoes-digitais/e-financeira/manuais-e-documento-tecnicos/tabelas-de-codigos/paises/@@download/file (Receita Federal e-Financeira territory table, modified 29 May 2026; checked 8 October 2026); https://www.iso.org/obp/ui/#iso:code:3166:RE (ISO 3166 Online Browsing Platform, maintained online; checked 8 October 2026)",No distinct pt-BR formal form in the checked Brazilian/ISO records,absence checked,A formal-name key is deliberately omitted rather than translated without a source.
182,RE,name_label,<absent>,"https://www.gov.br/sped/pt-br/assuntos/escrituracoes-digitais/e-financeira/manuais-e-documento-tecnicos/tabelas-de-codigos/paises/@@download/file (Receita Federal e-Financeira territory table, modified 29 May 2026; checked 8 October 2026); https://www.iso.org/obp/ui/#iso:code:3166:RE (ISO 3166 Online Browsing Platform, maintained online; checked 8 October 2026)",No alternative-name label in the checked Brazilian/ISO records,absence checked,Deliberate absence checked against the concrete fallback records.
182,RE,capitals[0].name,Saint-Denis,"https://www.gov.br/sped/pt-br/assuntos/escrituracoes-digitais/e-financeira/manuais-e-documento-tecnicos/tabelas-de-codigos/paises/@@download/file (Receita Federal e-Financeira territory table, modified 29 May 2026; checked 8 October 2026); https://www.iso.org/obp/ui/#iso:code:3166:RE (ISO 3166 Online Browsing Platform, maintained online; checked 8 October 2026); https://geonames.nga.mil/geonames/GNSHome/ (NGA Geographic Names Server, online; checked 8 October 2026)",Approved/local geographic-name form: Saint-Denis,match,
182,RE,capitals[0].label,<absent>,"https://www.gov.br/sped/pt-br/assuntos/escrituracoes-digitais/e-financeira/manuais-e-documento-tecnicos/tabelas-de-codigos/paises/@@download/file (Receita Federal e-Financeira territory table, modified 29 May 2026; checked 8 October 2026); https://www.iso.org/obp/ui/#iso:code:3166:RE (ISO 3166 Online Browsing Platform, maintained online; checked 8 October 2026)",No role qualifier in the checked naming records; shared role is generic capital,absence checked,No capital label is present in any locale for this generic shared role.
182,RE,wikipedia,https://pt.wikipedia.org/wiki/Reunião_(departamento),"https://www.wikidata.org/ ptwiki sitelink cache, refreshed 7 October 2026",https://pt.wikipedia.org/wiki/Reunião_(departamento),match,Article link only; never used as the naming authority.
183,RO,name,Romênia,"https://www.gov.br/mre/pt-br/arquivos/manual-de-redacao (23 July 2026); https://funag.gov.br/manual/index.php?title=Top%C3%B4nimos_e_gent%C3%ADlicos (revision 684, checked 7 October 2026)",a Romênia,match,Deck-style transcription omits leading articles and pronunciation annotations.
183,RO,formal_name,<absent>,"https://www.gov.br/mre/pt-br/arquivos/manual-de-redacao (23 July 2026); https://funag.gov.br/manual/index.php?title=Top%C3%B4nimos_e_gent%C3%ADlicos (revision 684, checked 7 October 2026)",a Romênia,absence checked,No established locale value in the audited source/fallback record.
183,RO,name_label,<absent>,"https://www.gov.br/mre/pt-br/arquivos/manual-de-redacao (23 July 2026); https://funag.gov.br/manual/index.php?title=Top%C3%B4nimos_e_gent%C3%ADlicos (revision 684, checked 7 October 2026)",<absent>,absence checked,No established locale value in the audited source/fallback record.
183,RO,capitals[0].name,Bucareste,"https://www.gov.br/mre/pt-br/arquivos/manual-de-redacao (23 July 2026); https://funag.gov.br/manual/index.php?title=Top%C3%B4nimos_e_gent%C3%ADlicos (revision 684, checked 7 October 2026)",Bucareste,match,The source cell covers the complete capital list; spelling and shared role were checked separately.
183,RO,capitals[0].label,<absent>,"https://www.gov.br/mre/pt-br/arquivos/manual-de-redacao (23 July 2026); https://funag.gov.br/manual/index.php?title=Top%C3%B4nimos_e_gent%C3%ADlicos (revision 684, checked 7 October 2026)",<absent>,absence checked,No capital label is present in any locale for this location.
183,RO,wikipedia,https://pt.wikipedia.org/wiki/Romênia,"https://www.wikidata.org/ ptwiki sitelink cache, refreshed 7 October 2026",https://pt.wikipedia.org/wiki/Romênia,match,Article link only; never used as the naming authority.
184,RU,name,Rússia,"https://www.gov.br/mre/pt-br/arquivos/manual-de-redacao (23 July 2026); https://funag.gov.br/manual/index.php?title=Top%C3%B4nimos_e_gent%C3%ADlicos (revision 684, checked 7 October 2026)",a Rússia,match,Deck-style transcription omits leading articles and pronunciation annotations.
184,RU,formal_name,Federação da Rússia,"https://www.gov.br/mre/pt-br/arquivos/manual-de-redacao (23 July 2026); https://funag.gov.br/manual/index.php?title=Top%C3%B4nimos_e_gent%C3%ADlicos (revision 684, checked 7 October 2026)",a Federação da Rússia,match,Deck-style transcription omits leading articles and pronunciation annotations.
184,RU,name_label,<absent>,"https://www.gov.br/mre/pt-br/arquivos/manual-de-redacao (23 July 2026); https://funag.gov.br/manual/index.php?title=Top%C3%B4nimos_e_gent%C3%ADlicos (revision 684, checked 7 October 2026)",<absent>,absence checked,No established locale value in the audited source/fallback record.
184,RU,capitals[0].name,Moscou,"https://www.gov.br/mre/pt-br/arquivos/manual-de-redacao (23 July 2026); https://funag.gov.br/manual/index.php?title=Top%C3%B4nimos_e_gent%C3%ADlicos (revision 684, checked 7 October 2026)",Moscou,match,The source cell covers the complete capital list; spelling and shared role were checked separately.
184,RU,capitals[0].label,<absent>,"https://www.gov.br/mre/pt-br/arquivos/manual-de-redacao (23 July 2026); https://funag.gov.br/manual/index.php?title=Top%C3%B4nimos_e_gent%C3%ADlicos (revision 684, checked 7 October 2026)",<absent>,absence checked,No capital label is present in any locale for this location.
184,RU,wikipedia,https://pt.wikipedia.org/wiki/Rússia,"https://www.wikidata.org/ ptwiki sitelink cache, refreshed 7 October 2026",https://pt.wikipedia.org/wiki/Rússia,match,Article link only; never used as the naming authority.
185,RW,name,Ruanda,"https://www.gov.br/mre/pt-br/arquivos/manual-de-redacao (23 July 2026); https://funag.gov.br/manual/index.php?title=Top%C3%B4nimos_e_gent%C3%ADlicos (revision 684, checked 7 October 2026)",Ruanda,match,Deck-style transcription omits leading articles and pronunciation annotations.
185,RW,formal_name,República de Ruanda,"https://www.gov.br/mre/pt-br/arquivos/manual-de-redacao (23 July 2026); https://funag.gov.br/manual/index.php?title=Top%C3%B4nimos_e_gent%C3%ADlicos (revision 684, checked 7 October 2026)",a República de Ruanda,match,Deck-style transcription omits leading articles and pronunciation annotations.
185,RW,name_label,<absent>,"https://www.gov.br/mre/pt-br/arquivos/manual-de-redacao (23 July 2026); https://funag.gov.br/manual/index.php?title=Top%C3%B4nimos_e_gent%C3%ADlicos (revision 684, checked 7 October 2026)",<absent>,absence checked,No established locale value in the audited source/fallback record.
185,RW,capitals[0].name,Kigali,"https://www.gov.br/mre/pt-br/arquivos/manual-de-redacao (23 July 2026); https://funag.gov.br/manual/index.php?title=Top%C3%B4nimos_e_gent%C3%ADlicos (revision 684, checked 7 October 2026)",Kigali,match,The source cell covers the complete capital list; spelling and shared role were checked separately.
185,RW,capitals[0].label,<absent>,"https://www.gov.br/mre/pt-br/arquivos/manual-de-redacao (23 July 2026); https://funag.gov.br/manual/index.php?title=Top%C3%B4nimos_e_gent%C3%ADlicos (revision 684, checked 7 October 2026)",<absent>,absence checked,No capital label is present in any locale for this location.
185,RW,wikipedia,https://pt.wikipedia.org/wiki/Ruanda,"https://www.wikidata.org/ ptwiki sitelink cache, refreshed 7 October 2026",https://pt.wikipedia.org/wiki/Ruanda,match,Article link only; never used as the naming authority.
186,BL,name,São Bartolomeu,"https://funag.gov.br/manual/index.php?title=Top%C3%B4nimos_e_gent%C3%ADlicos (official FUNAG reproduction, revision 684; checked 8 October 2026); https://www.gov.br/sped/pt-br/assuntos/escrituracoes-digitais/e-financeira/manuais-e-documento-tecnicos/tabelas-de-codigos/paises/@@download/file (Receita Federal e-Financeira territory table, modified 29 May 2026; checked 8 October 2026); https://www.iso.org/obp/ui/#iso:code:3166:BL (ISO 3166 Online Browsing Platform, maintained online; checked 8 October 2026)",Receita Federal: São Bartolomeu; FUNAG: São Bartolomeu,match,
186,BL,formal_name,<absent>,"https://www.gov.br/sped/pt-br/assuntos/escrituracoes-digitais/e-financeira/manuais-e-documento-tecnicos/tabelas-de-codigos/paises/@@download/file (Receita Federal e-Financeira territory table, modified 29 May 2026; checked 8 October 2026); https://www.iso.org/obp/ui/#iso:code:3166:BL (ISO 3166 Online Browsing Platform, maintained online; checked 8 October 2026)",No distinct pt-BR formal form in the checked Brazilian/ISO records,absence checked,A formal-name key is deliberately omitted rather than translated without a source.
186,BL,name_label,<absent>,"https://www.gov.br/sped/pt-br/assuntos/escrituracoes-digitais/e-financeira/manuais-e-documento-tecnicos/tabelas-de-codigos/paises/@@download/file (Receita Federal e-Financeira territory table, modified 29 May 2026; checked 8 October 2026); https://www.iso.org/obp/ui/#iso:code:3166:BL (ISO 3166 Online Browsing Platform, maintained online; checked 8 October 2026)",No alternative-name label in the checked Brazilian/ISO records,absence checked,Deliberate absence checked against the concrete fallback records.
186,BL,capitals[0].name,Gustavia,"https://www.gov.br/sped/pt-br/assuntos/escrituracoes-digitais/e-financeira/manuais-e-documento-tecnicos/tabelas-de-codigos/paises/@@download/file (Receita Federal e-Financeira territory table, modified 29 May 2026; checked 8 October 2026); https://www.iso.org/obp/ui/#iso:code:3166:BL (ISO 3166 Online Browsing Platform, maintained online; checked 8 October 2026); https://geonames.nga.mil/geonames/GNSHome/ (NGA Geographic Names Server, online; checked 8 October 2026)",Approved/local geographic-name form: Gustavia,match,
186,BL,capitals[0].label,<absent>,"https://www.gov.br/sped/pt-br/assuntos/escrituracoes-digitais/e-financeira/manuais-e-documento-tecnicos/tabelas-de-codigos/paises/@@download/file (Receita Federal e-Financeira territory table, modified 29 May 2026; checked 8 October 2026); https://www.iso.org/obp/ui/#iso:code:3166:BL (ISO 3166 Online Browsing Platform, maintained online; checked 8 October 2026)",No role qualifier in the checked naming records; shared role is generic capital,absence checked,No capital label is present in any locale for this generic shared role.
186,BL,wikipedia,https://pt.wikipedia.org/wiki/São_Bartolomeu_(coletividade),"https://www.wikidata.org/ ptwiki sitelink cache, refreshed 7 October 2026",https://pt.wikipedia.org/wiki/São_Bartolomeu_(coletividade),match,Article link only; never used as the naming authority.
187,SH,name,Santa Helena,"https://www.gov.br/sped/pt-br/assuntos/escrituracoes-digitais/e-financeira/manuais-e-documento-tecnicos/tabelas-de-codigos/paises/@@download/file (Receita Federal e-Financeira territory table, modified 29 May 2026; checked 8 October 2026); https://www.iso.org/obp/ui/#iso:code:3166:SH (ISO 3166 Online Browsing Platform, maintained online; checked 8 October 2026)",Receita Federal: Santa Helena,match,Adopted the cited Brazilian fallback form exactly.
187,SH,formal_name,<absent>,"https://www.gov.br/sped/pt-br/assuntos/escrituracoes-digitais/e-financeira/manuais-e-documento-tecnicos/tabelas-de-codigos/paises/@@download/file (Receita Federal e-Financeira territory table, modified 29 May 2026; checked 8 October 2026); https://www.iso.org/obp/ui/#iso:code:3166:SH (ISO 3166 Online Browsing Platform, maintained online; checked 8 October 2026)",No distinct pt-BR formal form in the checked Brazilian/ISO records,absence checked,A formal-name key is deliberately omitted rather than translated without a source.
187,SH,name_label,<absent>,"https://www.gov.br/sped/pt-br/assuntos/escrituracoes-digitais/e-financeira/manuais-e-documento-tecnicos/tabelas-de-codigos/paises/@@download/file (Receita Federal e-Financeira territory table, modified 29 May 2026; checked 8 October 2026); https://www.iso.org/obp/ui/#iso:code:3166:SH (ISO 3166 Online Browsing Platform, maintained online; checked 8 October 2026)",No alternative-name label in the checked Brazilian/ISO records,absence checked,Deliberate absence checked against the concrete fallback records.
187,SH,capitals[0].name,Jamestown,"https://www.gov.br/sped/pt-br/assuntos/escrituracoes-digitais/e-financeira/manuais-e-documento-tecnicos/tabelas-de-codigos/paises/@@download/file (Receita Federal e-Financeira territory table, modified 29 May 2026; checked 8 October 2026); https://www.iso.org/obp/ui/#iso:code:3166:SH (ISO 3166 Online Browsing Platform, maintained online; checked 8 October 2026); https://geonames.nga.mil/geonames/GNSHome/ (NGA Geographic Names Server, online; checked 8 October 2026)",Approved/local geographic-name form: Jamestown,match,
187,SH,capitals[0].label,<absent>,"https://www.gov.br/sped/pt-br/assuntos/escrituracoes-digitais/e-financeira/manuais-e-documento-tecnicos/tabelas-de-codigos/paises/@@download/file (Receita Federal e-Financeira territory table, modified 29 May 2026; checked 8 October 2026); https://www.iso.org/obp/ui/#iso:code:3166:SH (ISO 3166 Online Browsing Platform, maintained online; checked 8 October 2026)",No role qualifier in the checked naming records; shared role is generic capital,absence checked,No capital label is present in any locale for this generic shared role.
187,SH,wikipedia,"https://pt.wikipedia.org/wiki/Santa_Helena,_Ascensão_e_Tristão_da_Cunha","https://www.wikidata.org/ ptwiki sitelink cache, refreshed 7 October 2026","https://pt.wikipedia.org/wiki/Santa_Helena,_Ascensão_e_Tristão_da_Cunha",match,Article link only; never used as the naming authority.
188,KN,name,São Cristóvão e Névis,"https://www.gov.br/mre/pt-br/arquivos/manual-de-redacao (23 July 2026); https://funag.gov.br/manual/index.php?title=Top%C3%B4nimos_e_gent%C3%ADlicos (revision 684, checked 7 October 2026)",São Cristóvão e Névis,match,Deck-style transcription omits leading articles and pronunciation annotations.
188,KN,formal_name,Federação de São Cristóvão e Névis,"https://www.gov.br/mre/pt-br/arquivos/manual-de-redacao (23 July 2026); https://funag.gov.br/manual/index.php?title=Top%C3%B4nimos_e_gent%C3%ADlicos (revision 684, checked 7 October 2026)",a Federação de São Cristóvão e Névis,match,Deck-style transcription omits leading articles and pronunciation annotations.
188,KN,name_label,<absent>,"https://www.gov.br/mre/pt-br/arquivos/manual-de-redacao (23 July 2026); https://funag.gov.br/manual/index.php?title=Top%C3%B4nimos_e_gent%C3%ADlicos (revision 684, checked 7 October 2026)",<absent>,absence checked,No established locale value in the audited source/fallback record.
188,KN,capitals[0].name,Basseterre,"https://www.gov.br/mre/pt-br/arquivos/manual-de-redacao (23 July 2026); https://funag.gov.br/manual/index.php?title=Top%C3%B4nimos_e_gent%C3%ADlicos (revision 684, checked 7 October 2026)",Basseterre,match,The source cell covers the complete capital list; spelling and shared role were checked separately.
188,KN,capitals[0].label,<absent>,"https://www.gov.br/mre/pt-br/arquivos/manual-de-redacao (23 July 2026); https://funag.gov.br/manual/index.php?title=Top%C3%B4nimos_e_gent%C3%ADlicos (revision 684, checked 7 October 2026)",<absent>,absence checked,No capital label is present in any locale for this location.
188,KN,wikipedia,https://pt.wikipedia.org/wiki/São_Cristóvão_e_Neves,"https://www.wikidata.org/ ptwiki sitelink cache, refreshed 7 October 2026",https://pt.wikipedia.org/wiki/São_Cristóvão_e_Neves,match,Article link only; never used as the naming authority.
189,LC,name,Santa Lúcia,"https://www.gov.br/mre/pt-br/arquivos/manual-de-redacao (23 July 2026); https://funag.gov.br/manual/index.php?title=Top%C3%B4nimos_e_gent%C3%ADlicos (revision 684, checked 7 October 2026)",Santa Lúcia,match,Deck-style transcription omits leading articles and pronunciation annotations.
189,LC,formal_name,<absent>,"https://www.gov.br/mre/pt-br/arquivos/manual-de-redacao (23 July 2026); https://funag.gov.br/manual/index.php?title=Top%C3%B4nimos_e_gent%C3%ADlicos (revision 684, checked 7 October 2026)",Santa Lúcia,absence checked,No established locale value in the audited source/fallback record.
189,LC,name_label,<absent>,"https://www.gov.br/mre/pt-br/arquivos/manual-de-redacao (23 July 2026); https://funag.gov.br/manual/index.php?title=Top%C3%B4nimos_e_gent%C3%ADlicos (revision 684, checked 7 October 2026)",<absent>,absence checked,No established locale value in the audited source/fallback record.
189,LC,capitals[0].name,Castries,"https://www.gov.br/mre/pt-br/arquivos/manual-de-redacao (23 July 2026); https://funag.gov.br/manual/index.php?title=Top%C3%B4nimos_e_gent%C3%ADlicos (revision 684, checked 7 October 2026)",Castries,match,The source cell covers the complete capital list; spelling and shared role were checked separately.
189,LC,capitals[0].label,<absent>,"https://www.gov.br/mre/pt-br/arquivos/manual-de-redacao (23 July 2026); https://funag.gov.br/manual/index.php?title=Top%C3%B4nimos_e_gent%C3%ADlicos (revision 684, checked 7 October 2026)",<absent>,absence checked,No capital label is present in any locale for this location.
189,LC,wikipedia,https://pt.wikipedia.org/wiki/Santa_Lúcia,"https://www.wikidata.org/ ptwiki sitelink cache, refreshed 7 October 2026",https://pt.wikipedia.org/wiki/Santa_Lúcia,match,Article link only; never used as the naming authority.
190,PM,name,Saint-Pierre e Miquelon,"https://funag.gov.br/manual/index.php?title=Top%C3%B4nimos_e_gent%C3%ADlicos (official FUNAG reproduction, revision 684; checked 8 October 2026); https://www.gov.br/sped/pt-br/assuntos/escrituracoes-digitais/e-financeira/manuais-e-documento-tecnicos/tabelas-de-codigos/paises/@@download/file (Receita Federal e-Financeira territory table, modified 29 May 2026; checked 8 October 2026); https://www.iso.org/obp/ui/#iso:code:3166:PM (ISO 3166 Online Browsing Platform, maintained online; checked 8 October 2026)",Receita Federal: St. Pierre and Miquelon; FUNAG: Saint-Pierre e Miquelon,deviation,"Receita records “St. Pierre and Miquelon”; COTW keeps the fully reviewed pt-BR display form, with the precise difference documented in docs/data-changes.md."
190,PM,formal_name,<absent>,"https://www.gov.br/sped/pt-br/assuntos/escrituracoes-digitais/e-financeira/manuais-e-documento-tecnicos/tabelas-de-codigos/paises/@@download/file (Receita Federal e-Financeira territory table, modified 29 May 2026; checked 8 October 2026); https://www.iso.org/obp/ui/#iso:code:3166:PM (ISO 3166 Online Browsing Platform, maintained online; checked 8 October 2026)",No distinct pt-BR formal form in the checked Brazilian/ISO records,absence checked,A formal-name key is deliberately omitted rather than translated without a source.
190,PM,name_label,<absent>,"https://www.gov.br/sped/pt-br/assuntos/escrituracoes-digitais/e-financeira/manuais-e-documento-tecnicos/tabelas-de-codigos/paises/@@download/file (Receita Federal e-Financeira territory table, modified 29 May 2026; checked 8 October 2026); https://www.iso.org/obp/ui/#iso:code:3166:PM (ISO 3166 Online Browsing Platform, maintained online; checked 8 October 2026)",No alternative-name label in the checked Brazilian/ISO records,absence checked,Deliberate absence checked against the concrete fallback records.
190,PM,capitals[0].name,Saint-Pierre,"https://funag.gov.br/manual/index.php?title=Top%C3%B4nimos_e_gent%C3%ADlicos (official FUNAG reproduction, revision 684; checked 8 October 2026); https://www.gov.br/sped/pt-br/assuntos/escrituracoes-digitais/e-financeira/manuais-e-documento-tecnicos/tabelas-de-codigos/paises/@@download/file (Receita Federal e-Financeira territory table, modified 29 May 2026; checked 8 October 2026); https://www.iso.org/obp/ui/#iso:code:3166:PM (ISO 3166 Online Browsing Platform, maintained online; checked 8 October 2026); https://geonames.nga.mil/geonames/GNSHome/ (NGA Geographic Names Server, online; checked 8 October 2026)",FUNAG: Saint-Pierre; geographic-name record: Saint-Pierre,match,
190,PM,capitals[0].label,<absent>,"https://www.gov.br/sped/pt-br/assuntos/escrituracoes-digitais/e-financeira/manuais-e-documento-tecnicos/tabelas-de-codigos/paises/@@download/file (Receita Federal e-Financeira territory table, modified 29 May 2026; checked 8 October 2026); https://www.iso.org/obp/ui/#iso:code:3166:PM (ISO 3166 Online Browsing Platform, maintained online; checked 8 October 2026)",No role qualifier in the checked naming records; shared role is generic capital,absence checked,No capital label is present in any locale for this generic shared role.
190,PM,wikipedia,https://pt.wikipedia.org/wiki/São_Pedro_e_Miquelão,"https://www.wikidata.org/ ptwiki sitelink cache, refreshed 7 October 2026",https://pt.wikipedia.org/wiki/São_Pedro_e_Miquelão,match,Article link only; never used as the naming authority.
191,VC,name,São Vicente e Granadinas,"https://www.gov.br/mre/pt-br/arquivos/manual-de-redacao (23 July 2026); https://funag.gov.br/manual/index.php?title=Top%C3%B4nimos_e_gent%C3%ADlicos (revision 684, checked 7 October 2026)",São Vicente e Granadinas,match,Deck-style transcription omits leading articles and pronunciation annotations.
191,VC,formal_name,<absent>,"https://www.gov.br/mre/pt-br/arquivos/manual-de-redacao (23 July 2026); https://funag.gov.br/manual/index.php?title=Top%C3%B4nimos_e_gent%C3%ADlicos (revision 684, checked 7 October 2026)",São Vicente e Granadinas,absence checked,No established locale value in the audited source/fallback record.
191,VC,name_label,<absent>,"https://www.gov.br/mre/pt-br/arquivos/manual-de-redacao (23 July 2026); https://funag.gov.br/manual/index.php?title=Top%C3%B4nimos_e_gent%C3%ADlicos (revision 684, checked 7 October 2026)",<absent>,absence checked,No established locale value in the audited source/fallback record.
191,VC,capitals[0].name,Kingstown,"https://www.gov.br/mre/pt-br/arquivos/manual-de-redacao (23 July 2026); https://funag.gov.br/manual/index.php?title=Top%C3%B4nimos_e_gent%C3%ADlicos (revision 684, checked 7 October 2026)",Kingstown,match,The source cell covers the complete capital list; spelling and shared role were checked separately.
191,VC,capitals[0].label,<absent>,"https://www.gov.br/mre/pt-br/arquivos/manual-de-redacao (23 July 2026); https://funag.gov.br/manual/index.php?title=Top%C3%B4nimos_e_gent%C3%ADlicos (revision 684, checked 7 October 2026)",<absent>,absence checked,No capital label is present in any locale for this location.
191,VC,wikipedia,https://pt.wikipedia.org/wiki/São_Vicente_e_Granadinas,"https://www.wikidata.org/ ptwiki sitelink cache, refreshed 7 October 2026",https://pt.wikipedia.org/wiki/São_Vicente_e_Granadinas,match,Article link only; never used as the naming authority.
192,MF,name,Saint-Martin,"https://funag.gov.br/manual/index.php?title=Top%C3%B4nimos_e_gent%C3%ADlicos (official FUNAG reproduction, revision 684; checked 8 October 2026); https://www.gov.br/sped/pt-br/assuntos/escrituracoes-digitais/e-financeira/manuais-e-documento-tecnicos/tabelas-de-codigos/paises/@@download/file (Receita Federal e-Financeira territory table, modified 29 May 2026; checked 8 October 2026); https://www.iso.org/obp/ui/#iso:code:3166:MF (ISO 3166 Online Browsing Platform, maintained online; checked 8 October 2026)",Receita Federal: São Martim; FUNAG: Saint-Martin,deviation,"Receita records “São Martim”; COTW keeps the fully reviewed pt-BR display form, with the precise difference documented in docs/data-changes.md."
192,MF,formal_name,<absent>,"https://www.gov.br/sped/pt-br/assuntos/escrituracoes-digitais/e-financeira/manuais-e-documento-tecnicos/tabelas-de-codigos/paises/@@download/file (Receita Federal e-Financeira territory table, modified 29 May 2026; checked 8 October 2026); https://www.iso.org/obp/ui/#iso:code:3166:MF (ISO 3166 Online Browsing Platform, maintained online; checked 8 October 2026)",No distinct pt-BR formal form in the checked Brazilian/ISO records,absence checked,A formal-name key is deliberately omitted rather than translated without a source.
192,MF,name_label,<absent>,"https://www.gov.br/sped/pt-br/assuntos/escrituracoes-digitais/e-financeira/manuais-e-documento-tecnicos/tabelas-de-codigos/paises/@@download/file (Receita Federal e-Financeira territory table, modified 29 May 2026; checked 8 October 2026); https://www.iso.org/obp/ui/#iso:code:3166:MF (ISO 3166 Online Browsing Platform, maintained online; checked 8 October 2026)",No alternative-name label in the checked Brazilian/ISO records,absence checked,Deliberate absence checked against the concrete fallback records.
192,MF,capitals[0].name,Marigot,"https://www.gov.br/sped/pt-br/assuntos/escrituracoes-digitais/e-financeira/manuais-e-documento-tecnicos/tabelas-de-codigos/paises/@@download/file (Receita Federal e-Financeira territory table, modified 29 May 2026; checked 8 October 2026); https://www.iso.org/obp/ui/#iso:code:3166:MF (ISO 3166 Online Browsing Platform, maintained online; checked 8 October 2026); https://geonames.nga.mil/geonames/GNSHome/ (NGA Geographic Names Server, online; checked 8 October 2026)",Approved/local geographic-name form: Marigot,match,
192,MF,capitals[0].label,<absent>,"https://www.gov.br/sped/pt-br/assuntos/escrituracoes-digitais/e-financeira/manuais-e-documento-tecnicos/tabelas-de-codigos/paises/@@download/file (Receita Federal e-Financeira territory table, modified 29 May 2026; checked 8 October 2026); https://www.iso.org/obp/ui/#iso:code:3166:MF (ISO 3166 Online Browsing Platform, maintained online; checked 8 October 2026)",No role qualifier in the checked naming records; shared role is generic capital,absence checked,No capital label is present in any locale for this generic shared role.
192,MF,wikipedia,https://pt.wikipedia.org/wiki/São_Martinho_(França),"https://www.wikidata.org/ ptwiki sitelink cache, refreshed 7 October 2026",https://pt.wikipedia.org/wiki/São_Martinho_(França),match,Article link only; never used as the naming authority.
193,WS,name,Samoa,"https://www.gov.br/mre/pt-br/arquivos/manual-de-redacao (23 July 2026); https://funag.gov.br/manual/index.php?title=Top%C3%B4nimos_e_gent%C3%ADlicos (revision 684, checked 7 October 2026)",a Samoa,match,Deck-style transcription omits leading articles and pronunciation annotations.
193,WS,formal_name,Estado Independente da Samoa,"https://www.gov.br/mre/pt-br/arquivos/manual-de-redacao (23 July 2026); https://funag.gov.br/manual/index.php?title=Top%C3%B4nimos_e_gent%C3%ADlicos (revision 684, checked 7 October 2026)",o Estado Independente da Samoa,match,Deck-style transcription omits leading articles and pronunciation annotations.
193,WS,name_label,<absent>,"https://www.gov.br/mre/pt-br/arquivos/manual-de-redacao (23 July 2026); https://funag.gov.br/manual/index.php?title=Top%C3%B4nimos_e_gent%C3%ADlicos (revision 684, checked 7 October 2026)",<absent>,absence checked,No established locale value in the audited source/fallback record.
193,WS,capitals[0].name,Apia,"https://www.gov.br/mre/pt-br/arquivos/manual-de-redacao (23 July 2026); https://funag.gov.br/manual/index.php?title=Top%C3%B4nimos_e_gent%C3%ADlicos (revision 684, checked 7 October 2026)",Apia,match,The source cell covers the complete capital list; spelling and shared role were checked separately.
193,WS,capitals[0].label,<absent>,"https://www.gov.br/mre/pt-br/arquivos/manual-de-redacao (23 July 2026); https://funag.gov.br/manual/index.php?title=Top%C3%B4nimos_e_gent%C3%ADlicos (revision 684, checked 7 October 2026)",<absent>,absence checked,No capital label is present in any locale for this location.
193,WS,wikipedia,https://pt.wikipedia.org/wiki/Samoa,"https://www.wikidata.org/ ptwiki sitelink cache, refreshed 7 October 2026",https://pt.wikipedia.org/wiki/Samoa,match,Article link only; never used as the naming authority.
194,SM,name,San Marino,"https://www.gov.br/mre/pt-br/arquivos/manual-de-redacao (23 July 2026); https://funag.gov.br/manual/index.php?title=Top%C3%B4nimos_e_gent%C3%ADlicos (revision 684, checked 7 October 2026)",San Marino,match,Deck-style transcription omits leading articles and pronunciation annotations.
194,SM,formal_name,República de San Marino,"https://www.gov.br/mre/pt-br/arquivos/manual-de-redacao (23 July 2026); https://funag.gov.br/manual/index.php?title=Top%C3%B4nimos_e_gent%C3%ADlicos (revision 684, checked 7 October 2026)",a República de San Marino,match,Deck-style transcription omits leading articles and pronunciation annotations.
194,SM,name_label,<absent>,"https://www.gov.br/mre/pt-br/arquivos/manual-de-redacao (23 July 2026); https://funag.gov.br/manual/index.php?title=Top%C3%B4nimos_e_gent%C3%ADlicos (revision 684, checked 7 October 2026)",<absent>,absence checked,No established locale value in the audited source/fallback record.
194,SM,capitals[0].name,San Marino,"https://www.gov.br/mre/pt-br/arquivos/manual-de-redacao (23 July 2026); https://funag.gov.br/manual/index.php?title=Top%C3%B4nimos_e_gent%C3%ADlicos (revision 684, checked 7 October 2026)",San Marino,match,The source cell covers the complete capital list; spelling and shared role were checked separately.
194,SM,capitals[0].label,<absent>,"https://www.gov.br/mre/pt-br/arquivos/manual-de-redacao (23 July 2026); https://funag.gov.br/manual/index.php?title=Top%C3%B4nimos_e_gent%C3%ADlicos (revision 684, checked 7 October 2026)",<absent>,absence checked,No capital label is present in any locale for this location.
194,SM,wikipedia,https://pt.wikipedia.org/wiki/San_Marino,"https://www.wikidata.org/ ptwiki sitelink cache, refreshed 7 October 2026",https://pt.wikipedia.org/wiki/San_Marino,match,Article link only; never used as the naming authority.
195,ST,name,São Tomé e Príncipe,"https://www.gov.br/mre/pt-br/arquivos/manual-de-redacao (23 July 2026); https://funag.gov.br/manual/index.php?title=Top%C3%B4nimos_e_gent%C3%ADlicos (revision 684, checked 7 October 2026)",São Tomé e Príncipe,match,Deck-style transcription omits leading articles and pronunciation annotations.
195,ST,formal_name,República Democrática de São Tomé e Príncipe,"https://www.gov.br/mre/pt-br/arquivos/manual-de-redacao (23 July 2026); https://funag.gov.br/manual/index.php?title=Top%C3%B4nimos_e_gent%C3%ADlicos (revision 684, checked 7 October 2026)",a República Democrática de São Tomé e Príncipe,match,Deck-style transcription omits leading articles and pronunciation annotations.
195,ST,name_label,<absent>,"https://www.gov.br/mre/pt-br/arquivos/manual-de-redacao (23 July 2026); https://funag.gov.br/manual/index.php?title=Top%C3%B4nimos_e_gent%C3%ADlicos (revision 684, checked 7 October 2026)",<absent>,absence checked,No established locale value in the audited source/fallback record.
195,ST,capitals[0].name,São Tomé,"https://www.gov.br/mre/pt-br/arquivos/manual-de-redacao (23 July 2026); https://funag.gov.br/manual/index.php?title=Top%C3%B4nimos_e_gent%C3%ADlicos (revision 684, checked 7 October 2026)",São Tomé,match,The source cell covers the complete capital list; spelling and shared role were checked separately.
195,ST,capitals[0].label,<absent>,"https://www.gov.br/mre/pt-br/arquivos/manual-de-redacao (23 July 2026); https://funag.gov.br/manual/index.php?title=Top%C3%B4nimos_e_gent%C3%ADlicos (revision 684, checked 7 October 2026)",<absent>,absence checked,No capital label is present in any locale for this location.
195,ST,wikipedia,https://pt.wikipedia.org/wiki/São_Tomé_e_Príncipe,"https://www.wikidata.org/ ptwiki sitelink cache, refreshed 7 October 2026",https://pt.wikipedia.org/wiki/São_Tomé_e_Príncipe,match,Article link only; never used as the naming authority.
196,SA,name,Arábia Saudita,"https://www.gov.br/mre/pt-br/arquivos/manual-de-redacao (23 July 2026); https://funag.gov.br/manual/index.php?title=Top%C3%B4nimos_e_gent%C3%ADlicos (revision 684, checked 7 October 2026)",a Arábia Saudita,match,Deck-style transcription omits leading articles and pronunciation annotations.
196,SA,formal_name,Reino da Arábia Saudita,"https://www.gov.br/mre/pt-br/arquivos/manual-de-redacao (23 July 2026); https://funag.gov.br/manual/index.php?title=Top%C3%B4nimos_e_gent%C3%ADlicos (revision 684, checked 7 October 2026)",o Reino da Arábia Saudita,match,Deck-style transcription omits leading articles and pronunciation annotations.
196,SA,name_label,<absent>,"https://www.gov.br/mre/pt-br/arquivos/manual-de-redacao (23 July 2026); https://funag.gov.br/manual/index.php?title=Top%C3%B4nimos_e_gent%C3%ADlicos (revision 684, checked 7 October 2026)",<absent>,absence checked,No established locale value in the audited source/fallback record.
196,SA,capitals[0].name,Riade,"https://www.gov.br/mre/pt-br/arquivos/manual-de-redacao (23 July 2026); https://funag.gov.br/manual/index.php?title=Top%C3%B4nimos_e_gent%C3%ADlicos (revision 684, checked 7 October 2026)",Riade,match,The source cell covers the complete capital list; spelling and shared role were checked separately.
196,SA,capitals[0].label,<absent>,"https://www.gov.br/mre/pt-br/arquivos/manual-de-redacao (23 July 2026); https://funag.gov.br/manual/index.php?title=Top%C3%B4nimos_e_gent%C3%ADlicos (revision 684, checked 7 October 2026)",<absent>,absence checked,No capital label is present in any locale for this location.
196,SA,wikipedia,https://pt.wikipedia.org/wiki/Arábia_Saudita,"https://www.wikidata.org/ ptwiki sitelink cache, refreshed 7 October 2026",https://pt.wikipedia.org/wiki/Arábia_Saudita,match,Article link only; never used as the naming authority.
197,SN,name,Senegal,"https://www.gov.br/mre/pt-br/arquivos/manual-de-redacao (23 July 2026); https://funag.gov.br/manual/index.php?title=Top%C3%B4nimos_e_gent%C3%ADlicos (revision 684, checked 7 October 2026)",o Senegal,match,Deck-style transcription omits leading articles and pronunciation annotations.
197,SN,formal_name,República do Senegal,"https://www.gov.br/mre/pt-br/arquivos/manual-de-redacao (23 July 2026); https://funag.gov.br/manual/index.php?title=Top%C3%B4nimos_e_gent%C3%ADlicos (revision 684, checked 7 October 2026)",a República do Senegal,match,Deck-style transcription omits leading articles and pronunciation annotations.
197,SN,name_label,<absent>,"https://www.gov.br/mre/pt-br/arquivos/manual-de-redacao (23 July 2026); https://funag.gov.br/manual/index.php?title=Top%C3%B4nimos_e_gent%C3%ADlicos (revision 684, checked 7 October 2026)",<absent>,absence checked,No established locale value in the audited source/fallback record.
197,SN,capitals[0].name,Dacar,"https://www.gov.br/mre/pt-br/arquivos/manual-de-redacao (23 July 2026); https://funag.gov.br/manual/index.php?title=Top%C3%B4nimos_e_gent%C3%ADlicos (revision 684, checked 7 October 2026)",Dacar,match,The source cell covers the complete capital list; spelling and shared role were checked separately.
197,SN,capitals[0].label,<absent>,"https://www.gov.br/mre/pt-br/arquivos/manual-de-redacao (23 July 2026); https://funag.gov.br/manual/index.php?title=Top%C3%B4nimos_e_gent%C3%ADlicos (revision 684, checked 7 October 2026)",<absent>,absence checked,No capital label is present in any locale for this location.
197,SN,wikipedia,https://pt.wikipedia.org/wiki/Senegal,"https://www.wikidata.org/ ptwiki sitelink cache, refreshed 7 October 2026",https://pt.wikipedia.org/wiki/Senegal,match,Article link only; never used as the naming authority.
198,RS,name,Sérvia,"https://www.gov.br/mre/pt-br/arquivos/manual-de-redacao (23 July 2026); https://funag.gov.br/manual/index.php?title=Top%C3%B4nimos_e_gent%C3%ADlicos (revision 684, checked 7 October 2026)",a Sérvia,match,Deck-style transcription omits leading articles and pronunciation annotations.
198,RS,formal_name,República da Sérvia,"https://www.gov.br/mre/pt-br/arquivos/manual-de-redacao (23 July 2026); https://funag.gov.br/manual/index.php?title=Top%C3%B4nimos_e_gent%C3%ADlicos (revision 684, checked 7 October 2026)",a República da Sérvia,match,Deck-style transcription omits leading articles and pronunciation annotations.
198,RS,name_label,<absent>,"https://www.gov.br/mre/pt-br/arquivos/manual-de-redacao (23 July 2026); https://funag.gov.br/manual/index.php?title=Top%C3%B4nimos_e_gent%C3%ADlicos (revision 684, checked 7 October 2026)",<absent>,absence checked,No established locale value in the audited source/fallback record.
198,RS,capitals[0].name,Belgrado,"https://www.gov.br/mre/pt-br/arquivos/manual-de-redacao (23 July 2026); https://funag.gov.br/manual/index.php?title=Top%C3%B4nimos_e_gent%C3%ADlicos (revision 684, checked 7 October 2026)",Belgrado,match,The source cell covers the complete capital list; spelling and shared role were checked separately.
198,RS,capitals[0].label,<absent>,"https://www.gov.br/mre/pt-br/arquivos/manual-de-redacao (23 July 2026); https://funag.gov.br/manual/index.php?title=Top%C3%B4nimos_e_gent%C3%ADlicos (revision 684, checked 7 October 2026)",<absent>,absence checked,No capital label is present in any locale for this location.
198,RS,wikipedia,https://pt.wikipedia.org/wiki/Sérvia,"https://www.wikidata.org/ ptwiki sitelink cache, refreshed 7 October 2026",https://pt.wikipedia.org/wiki/Sérvia,match,Article link only; never used as the naming authority.
199,SC,name,Seicheles,"https://www.gov.br/mre/pt-br/arquivos/manual-de-redacao (23 July 2026); https://funag.gov.br/manual/index.php?title=Top%C3%B4nimos_e_gent%C3%ADlicos (revision 684, checked 7 October 2026)",Seicheles,match,Deck-style transcription omits leading articles and pronunciation annotations.
199,SC,formal_name,República das Seicheles,"https://www.gov.br/mre/pt-br/arquivos/manual-de-redacao (23 July 2026); https://funag.gov.br/manual/index.php?title=Top%C3%B4nimos_e_gent%C3%ADlicos (revision 684, checked 7 October 2026)",a República de Seicheles,match,Deck-style transcription omits leading articles and pronunciation annotations.
199,SC,name_label,<absent>,"https://www.gov.br/mre/pt-br/arquivos/manual-de-redacao (23 July 2026); https://funag.gov.br/manual/index.php?title=Top%C3%B4nimos_e_gent%C3%ADlicos (revision 684, checked 7 October 2026)",<absent>,absence checked,No established locale value in the audited source/fallback record.
199,SC,capitals[0].name,Victoria,"https://www.gov.br/mre/pt-br/arquivos/manual-de-redacao (23 July 2026); https://funag.gov.br/manual/index.php?title=Top%C3%B4nimos_e_gent%C3%ADlicos (revision 684, checked 7 October 2026)",Victoria,match,The source cell covers the complete capital list; spelling and shared role were checked separately.
199,SC,capitals[0].label,<absent>,"https://www.gov.br/mre/pt-br/arquivos/manual-de-redacao (23 July 2026); https://funag.gov.br/manual/index.php?title=Top%C3%B4nimos_e_gent%C3%ADlicos (revision 684, checked 7 October 2026)",<absent>,absence checked,No capital label is present in any locale for this location.
199,SC,wikipedia,https://pt.wikipedia.org/wiki/Seicheles,"https://www.wikidata.org/ ptwiki sitelink cache, refreshed 7 October 2026",https://pt.wikipedia.org/wiki/Seicheles,match,Article link only; never used as the naming authority.
200,SL,name,Serra Leoa,"https://www.gov.br/mre/pt-br/arquivos/manual-de-redacao (Itamaraty Manual, updated 23 July 2026); https://www.gov.br/sped/pt-br/assuntos/escrituracoes-digitais/e-financeira/manuais-e-documento-tecnicos/tabelas-de-codigos/paises/@@download/file (Receita Federal e-Financeira territory table, modified 29 May 2026; checked 8 October 2026); https://www.iso.org/obp/ui/#iso:code:3166:SL (ISO 3166 Online Browsing Platform, maintained online; checked 8 October 2026)",Receita Federal: Serra Leoa,match,
200,SL,formal_name,<absent>,"https://www.gov.br/mre/pt-br/arquivos/manual-de-redacao (Itamaraty Manual, updated 23 July 2026); https://www.gov.br/sped/pt-br/assuntos/escrituracoes-digitais/e-financeira/manuais-e-documento-tecnicos/tabelas-de-codigos/paises/@@download/file (Receita Federal e-Financeira territory table, modified 29 May 2026; checked 8 October 2026); https://www.iso.org/obp/ui/#iso:code:3166:SL (ISO 3166 Online Browsing Platform, maintained online; checked 8 October 2026)",No established pt-BR formal form in the checked Brazilian/constitutional records,absence checked,The unsourced translation is deliberately omitted; another locale’s formal name is never used as fallback.
200,SL,name_label,<absent>,"https://www.gov.br/mre/pt-br/arquivos/manual-de-redacao (Itamaraty Manual, updated 23 July 2026); https://www.gov.br/sped/pt-br/assuntos/escrituracoes-digitais/e-financeira/manuais-e-documento-tecnicos/tabelas-de-codigos/paises/@@download/file (Receita Federal e-Financeira territory table, modified 29 May 2026; checked 8 October 2026); https://www.iso.org/obp/ui/#iso:code:3166:SL (ISO 3166 Online Browsing Platform, maintained online; checked 8 October 2026)",No alternative-name label in the checked Brazilian/ISO records,absence checked,Deliberate absence checked against the concrete fallback records.
200,SL,capitals[0].name,Freetown,"https://www.gov.br/mre/pt-br/arquivos/manual-de-redacao (Itamaraty Manual, updated 23 July 2026); https://www.gov.br/sped/pt-br/assuntos/escrituracoes-digitais/e-financeira/manuais-e-documento-tecnicos/tabelas-de-codigos/paises/@@download/file (Receita Federal e-Financeira territory table, modified 29 May 2026; checked 8 October 2026); https://www.iso.org/obp/ui/#iso:code:3166:SL (ISO 3166 Online Browsing Platform, maintained online; checked 8 October 2026); https://geonames.nga.mil/geonames/GNSHome/ (NGA Geographic Names Server, online; checked 8 October 2026)",Approved/local geographic-name form: Freetown,match,
200,SL,capitals[0].label,<absent>,"https://www.gov.br/mre/pt-br/arquivos/manual-de-redacao (Itamaraty Manual, updated 23 July 2026); https://www.gov.br/sped/pt-br/assuntos/escrituracoes-digitais/e-financeira/manuais-e-documento-tecnicos/tabelas-de-codigos/paises/@@download/file (Receita Federal e-Financeira territory table, modified 29 May 2026; checked 8 October 2026); https://www.iso.org/obp/ui/#iso:code:3166:SL (ISO 3166 Online Browsing Platform, maintained online; checked 8 October 2026)",No role qualifier in the checked naming records; shared role is generic capital,absence checked,No capital label is present in any locale for this generic shared role.
200,SL,wikipedia,https://pt.wikipedia.org/wiki/Serra_Leoa,"https://www.wikidata.org/ ptwiki sitelink cache, refreshed 7 October 2026",https://pt.wikipedia.org/wiki/Serra_Leoa,match,Article link only; never used as the naming authority.
201,SG,name,Singapura,"https://www.gov.br/mre/pt-br/arquivos/manual-de-redacao (23 July 2026); https://funag.gov.br/manual/index.php?title=Top%C3%B4nimos_e_gent%C3%ADlicos (revision 684, checked 7 October 2026)",Singapura,match,Deck-style transcription omits leading articles and pronunciation annotations.
201,SG,formal_name,República de Singapura,"https://www.gov.br/mre/pt-br/arquivos/manual-de-redacao (23 July 2026); https://funag.gov.br/manual/index.php?title=Top%C3%B4nimos_e_gent%C3%ADlicos (revision 684, checked 7 October 2026)",a República de Singapura,match,Deck-style transcription omits leading articles and pronunciation annotations.
201,SG,name_label,<absent>,"https://www.gov.br/mre/pt-br/arquivos/manual-de-redacao (23 July 2026); https://funag.gov.br/manual/index.php?title=Top%C3%B4nimos_e_gent%C3%ADlicos (revision 684, checked 7 October 2026)",<absent>,absence checked,No established locale value in the audited source/fallback record.
201,SG,capitals[0].name,Singapura,"https://www.gov.br/mre/pt-br/arquivos/manual-de-redacao (23 July 2026); https://funag.gov.br/manual/index.php?title=Top%C3%B4nimos_e_gent%C3%ADlicos (revision 684, checked 7 October 2026)",Singapura,match,The source cell covers the complete capital list; spelling and shared role were checked separately.
201,SG,capitals[0].label,<absent>,"https://www.gov.br/mre/pt-br/arquivos/manual-de-redacao (23 July 2026); https://funag.gov.br/manual/index.php?title=Top%C3%B4nimos_e_gent%C3%ADlicos (revision 684, checked 7 October 2026)",<absent>,absence checked,No capital label is present in any locale for this location.
201,SG,wikipedia,https://pt.wikipedia.org/wiki/Singapura,"https://www.wikidata.org/ ptwiki sitelink cache, refreshed 7 October 2026",https://pt.wikipedia.org/wiki/Singapura,match,Article link only; never used as the naming authority.
202,SX,name,Sint Maarten,"https://funag.gov.br/manual/index.php?title=Top%C3%B4nimos_e_gent%C3%ADlicos (official FUNAG reproduction, revision 684; checked 8 October 2026); https://www.gov.br/sped/pt-br/assuntos/escrituracoes-digitais/e-financeira/manuais-e-documento-tecnicos/tabelas-de-codigos/paises/@@download/file (Receita Federal e-Financeira territory table, modified 29 May 2026; checked 8 October 2026); https://www.iso.org/obp/ui/#iso:code:3166:SX (ISO 3166 Online Browsing Platform, maintained online; checked 8 October 2026)",Receita Federal: São Martinho (Parte Holandesa); FUNAG: Sint Maarten,deviation,"Receita records “São Martinho (Parte Holandesa)”; COTW keeps the fully reviewed pt-BR display form, with the precise difference documented in docs/data-changes.md."
202,SX,formal_name,<absent>,"https://www.gov.br/sped/pt-br/assuntos/escrituracoes-digitais/e-financeira/manuais-e-documento-tecnicos/tabelas-de-codigos/paises/@@download/file (Receita Federal e-Financeira territory table, modified 29 May 2026; checked 8 October 2026); https://www.iso.org/obp/ui/#iso:code:3166:SX (ISO 3166 Online Browsing Platform, maintained online; checked 8 October 2026)",No distinct pt-BR formal form in the checked Brazilian/ISO records,absence checked,A formal-name key is deliberately omitted rather than translated without a source.
202,SX,name_label,<absent>,"https://www.gov.br/sped/pt-br/assuntos/escrituracoes-digitais/e-financeira/manuais-e-documento-tecnicos/tabelas-de-codigos/paises/@@download/file (Receita Federal e-Financeira territory table, modified 29 May 2026; checked 8 October 2026); https://www.iso.org/obp/ui/#iso:code:3166:SX (ISO 3166 Online Browsing Platform, maintained online; checked 8 October 2026)",No alternative-name label in the checked Brazilian/ISO records,absence checked,Deliberate absence checked against the concrete fallback records.
202,SX,capitals[0].name,Philipsburg,"https://www.gov.br/sped/pt-br/assuntos/escrituracoes-digitais/e-financeira/manuais-e-documento-tecnicos/tabelas-de-codigos/paises/@@download/file (Receita Federal e-Financeira territory table, modified 29 May 2026; checked 8 October 2026); https://www.iso.org/obp/ui/#iso:code:3166:SX (ISO 3166 Online Browsing Platform, maintained online; checked 8 October 2026); https://geonames.nga.mil/geonames/GNSHome/ (NGA Geographic Names Server, online; checked 8 October 2026)",Approved/local geographic-name form: Philipsburg,match,
202,SX,capitals[0].label,<absent>,"https://www.gov.br/sped/pt-br/assuntos/escrituracoes-digitais/e-financeira/manuais-e-documento-tecnicos/tabelas-de-codigos/paises/@@download/file (Receita Federal e-Financeira territory table, modified 29 May 2026; checked 8 October 2026); https://www.iso.org/obp/ui/#iso:code:3166:SX (ISO 3166 Online Browsing Platform, maintained online; checked 8 October 2026)",No role qualifier in the checked naming records; shared role is generic capital,absence checked,No capital label is present in any locale for this generic shared role.
202,SX,wikipedia,https://pt.wikipedia.org/wiki/São_Martinho_(Países_Baixos),"https://www.wikidata.org/ ptwiki sitelink cache, refreshed 7 October 2026",https://pt.wikipedia.org/wiki/São_Martinho_(Países_Baixos),match,Article link only; never used as the naming authority.
203,SK,name,Eslováquia,"https://www.gov.br/mre/pt-br/arquivos/manual-de-redacao (23 July 2026); https://funag.gov.br/manual/index.php?title=Top%C3%B4nimos_e_gent%C3%ADlicos (revision 684, checked 7 October 2026)",a Eslováquia,match,Deck-style transcription omits leading articles and pronunciation annotations.
203,SK,formal_name,República Eslovaca,"https://www.gov.br/mre/pt-br/arquivos/manual-de-redacao (23 July 2026); https://funag.gov.br/manual/index.php?title=Top%C3%B4nimos_e_gent%C3%ADlicos (revision 684, checked 7 October 2026)",a República Eslovaca,match,Deck-style transcription omits leading articles and pronunciation annotations.
203,SK,name_label,<absent>,"https://www.gov.br/mre/pt-br/arquivos/manual-de-redacao (23 July 2026); https://funag.gov.br/manual/index.php?title=Top%C3%B4nimos_e_gent%C3%ADlicos (revision 684, checked 7 October 2026)",<absent>,absence checked,No established locale value in the audited source/fallback record.
203,SK,capitals[0].name,Bratislava,"https://www.gov.br/mre/pt-br/arquivos/manual-de-redacao (23 July 2026); https://funag.gov.br/manual/index.php?title=Top%C3%B4nimos_e_gent%C3%ADlicos (revision 684, checked 7 October 2026)",Bratislava,match,The source cell covers the complete capital list; spelling and shared role were checked separately.
203,SK,capitals[0].label,<absent>,"https://www.gov.br/mre/pt-br/arquivos/manual-de-redacao (23 July 2026); https://funag.gov.br/manual/index.php?title=Top%C3%B4nimos_e_gent%C3%ADlicos (revision 684, checked 7 October 2026)",<absent>,absence checked,No capital label is present in any locale for this location.
203,SK,wikipedia,https://pt.wikipedia.org/wiki/Eslováquia,"https://www.wikidata.org/ ptwiki sitelink cache, refreshed 7 October 2026",https://pt.wikipedia.org/wiki/Eslováquia,match,Article link only; never used as the naming authority.
204,SI,name,Eslovênia,"https://www.gov.br/mre/pt-br/arquivos/manual-de-redacao (23 July 2026); https://funag.gov.br/manual/index.php?title=Top%C3%B4nimos_e_gent%C3%ADlicos (revision 684, checked 7 October 2026)",a Eslovênia,match,Deck-style transcription omits leading articles and pronunciation annotations.
204,SI,formal_name,República da Eslovênia,"https://www.gov.br/mre/pt-br/arquivos/manual-de-redacao (23 July 2026); https://funag.gov.br/manual/index.php?title=Top%C3%B4nimos_e_gent%C3%ADlicos (revision 684, checked 7 October 2026)",a República da Eslovênia,match,Deck-style transcription omits leading articles and pronunciation annotations.
204,SI,name_label,<absent>,"https://www.gov.br/mre/pt-br/arquivos/manual-de-redacao (23 July 2026); https://funag.gov.br/manual/index.php?title=Top%C3%B4nimos_e_gent%C3%ADlicos (revision 684, checked 7 October 2026)",<absent>,absence checked,No established locale value in the audited source/fallback record.
204,SI,capitals[0].name,Liubliana,"https://www.gov.br/mre/pt-br/arquivos/manual-de-redacao (23 July 2026); https://funag.gov.br/manual/index.php?title=Top%C3%B4nimos_e_gent%C3%ADlicos (revision 684, checked 7 October 2026)",Liubliana,match,The source cell covers the complete capital list; spelling and shared role were checked separately.
204,SI,capitals[0].label,<absent>,"https://www.gov.br/mre/pt-br/arquivos/manual-de-redacao (23 July 2026); https://funag.gov.br/manual/index.php?title=Top%C3%B4nimos_e_gent%C3%ADlicos (revision 684, checked 7 October 2026)",<absent>,absence checked,No capital label is present in any locale for this location.
204,SI,wikipedia,https://pt.wikipedia.org/wiki/Eslovénia,"https://www.wikidata.org/ ptwiki sitelink cache, refreshed 7 October 2026",https://pt.wikipedia.org/wiki/Eslovénia,match,Article link only; never used as the naming authority.
205,SB,name,Ilhas Salomão,"https://www.gov.br/mre/pt-br/arquivos/manual-de-redacao (23 July 2026); https://funag.gov.br/manual/index.php?title=Top%C3%B4nimos_e_gent%C3%ADlicos (revision 684, checked 7 October 2026)",as Ilhas Salomão,match,Deck-style transcription omits leading articles and pronunciation annotations.
205,SB,formal_name,Ilhas Salomão,"https://www.gov.br/mre/pt-br/arquivos/manual-de-redacao (23 July 2026); https://funag.gov.br/manual/index.php?title=Top%C3%B4nimos_e_gent%C3%ADlicos (revision 684, checked 7 October 2026)",as Ilhas Salomão,match,Deck-style transcription omits leading articles and pronunciation annotations.
205,SB,name_label,<absent>,"https://www.gov.br/mre/pt-br/arquivos/manual-de-redacao (23 July 2026); https://funag.gov.br/manual/index.php?title=Top%C3%B4nimos_e_gent%C3%ADlicos (revision 684, checked 7 October 2026)",<absent>,absence checked,No established locale value in the audited source/fallback record.
205,SB,capitals[0].name,Honiara,"https://www.gov.br/mre/pt-br/arquivos/manual-de-redacao (23 July 2026); https://funag.gov.br/manual/index.php?title=Top%C3%B4nimos_e_gent%C3%ADlicos (revision 684, checked 7 October 2026)",Honiara,match,The source cell covers the complete capital list; spelling and shared role were checked separately.
205,SB,capitals[0].label,<absent>,"https://www.gov.br/mre/pt-br/arquivos/manual-de-redacao (23 July 2026); https://funag.gov.br/manual/index.php?title=Top%C3%B4nimos_e_gent%C3%ADlicos (revision 684, checked 7 October 2026)",<absent>,absence checked,No capital label is present in any locale for this location.
205,SB,wikipedia,https://pt.wikipedia.org/wiki/Ilhas_Salomão,"https://www.wikidata.org/ ptwiki sitelink cache, refreshed 7 October 2026",https://pt.wikipedia.org/wiki/Ilhas_Salomão,match,Article link only; never used as the naming authority.
206,SO,name,Somália,"https://www.gov.br/mre/pt-br/arquivos/manual-de-redacao (23 July 2026); https://funag.gov.br/manual/index.php?title=Top%C3%B4nimos_e_gent%C3%ADlicos (revision 684, checked 7 October 2026)",a Somália,match,Deck-style transcription omits leading articles and pronunciation annotations.
206,SO,formal_name,República Federal da Somália,"https://www.gov.br/mre/pt-br/arquivos/manual-de-redacao (23 July 2026); https://funag.gov.br/manual/index.php?title=Top%C3%B4nimos_e_gent%C3%ADlicos (revision 684, checked 7 October 2026)",a República Federal da Somália,match,Deck-style transcription omits leading articles and pronunciation annotations.
206,SO,name_label,<absent>,"https://www.gov.br/mre/pt-br/arquivos/manual-de-redacao (23 July 2026); https://funag.gov.br/manual/index.php?title=Top%C3%B4nimos_e_gent%C3%ADlicos (revision 684, checked 7 October 2026)",<absent>,absence checked,No established locale value in the audited source/fallback record.
206,SO,capitals[0].name,Mogadíscio,"https://www.gov.br/mre/pt-br/arquivos/manual-de-redacao (23 July 2026); https://funag.gov.br/manual/index.php?title=Top%C3%B4nimos_e_gent%C3%ADlicos (revision 684, checked 7 October 2026)",Mogadíscio,match,The source cell covers the complete capital list; spelling and shared role were checked separately.
206,SO,capitals[0].label,<absent>,"https://www.gov.br/mre/pt-br/arquivos/manual-de-redacao (23 July 2026); https://funag.gov.br/manual/index.php?title=Top%C3%B4nimos_e_gent%C3%ADlicos (revision 684, checked 7 October 2026)",<absent>,absence checked,No capital label is present in any locale for this location.
206,SO,wikipedia,https://pt.wikipedia.org/wiki/Somália,"https://www.wikidata.org/ ptwiki sitelink cache, refreshed 7 October 2026",https://pt.wikipedia.org/wiki/Somália,match,Article link only; never used as the naming authority.
207,ZA,name,África do Sul,"https://www.gov.br/mre/pt-br/arquivos/manual-de-redacao (23 July 2026); https://funag.gov.br/manual/index.php?title=Top%C3%B4nimos_e_gent%C3%ADlicos (revision 684, checked 7 October 2026)",a África do Sul,match,Deck-style transcription omits leading articles and pronunciation annotations.
207,ZA,formal_name,República da África do Sul,"https://www.gov.br/mre/pt-br/arquivos/manual-de-redacao (23 July 2026); https://funag.gov.br/manual/index.php?title=Top%C3%B4nimos_e_gent%C3%ADlicos (revision 684, checked 7 October 2026)",a República da África do Sul,match,Deck-style transcription omits leading articles and pronunciation annotations.
207,ZA,name_label,<absent>,"https://www.gov.br/mre/pt-br/arquivos/manual-de-redacao (23 July 2026); https://funag.gov.br/manual/index.php?title=Top%C3%B4nimos_e_gent%C3%ADlicos (revision 684, checked 7 October 2026)",<absent>,absence checked,No established locale value in the audited source/fallback record.
207,ZA,capitals[0].name,Pretória,"https://www.gov.br/mre/pt-br/arquivos/manual-de-redacao (23 July 2026); https://funag.gov.br/manual/index.php?title=Top%C3%B4nimos_e_gent%C3%ADlicos (revision 684, checked 7 October 2026)","Pretória (executiva), Cidade do Cabo (legislativa), Bloemfontein (judiciária)",match,The source cell covers the complete capital list; spelling and shared role were checked separately.
207,ZA,capitals[0].label,executiva,"https://www.gov.br/mre/pt-br/arquivos/manual-de-redacao (23 July 2026); https://funag.gov.br/manual/index.php?title=Top%C3%B4nimos_e_gent%C3%ADlicos (revision 684, checked 7 October 2026)","Pretória (executiva), Cidade do Cabo (legislativa), Bloemfontein (judiciária)",match,The source cell covers the complete capital list; spelling and shared role were checked separately.
207,ZA,capitals[1].name,Cidade do Cabo,"https://www.gov.br/mre/pt-br/arquivos/manual-de-redacao (23 July 2026); https://funag.gov.br/manual/index.php?title=Top%C3%B4nimos_e_gent%C3%ADlicos (revision 684, checked 7 October 2026)","Pretória (executiva), Cidade do Cabo (legislativa), Bloemfontein (judiciária)",match,The source cell covers the complete capital list; spelling and shared role were checked separately.
207,ZA,capitals[1].label,legislativa,"https://www.gov.br/mre/pt-br/arquivos/manual-de-redacao (23 July 2026); https://funag.gov.br/manual/index.php?title=Top%C3%B4nimos_e_gent%C3%ADlicos (revision 684, checked 7 October 2026)","Pretória (executiva), Cidade do Cabo (legislativa), Bloemfontein (judiciária)",match,The source cell covers the complete capital list; spelling and shared role were checked separately.
207,ZA,capitals[2].name,Bloemfontein,"https://www.gov.br/mre/pt-br/arquivos/manual-de-redacao (23 July 2026); https://funag.gov.br/manual/index.php?title=Top%C3%B4nimos_e_gent%C3%ADlicos (revision 684, checked 7 October 2026)","Pretória (executiva), Cidade do Cabo (legislativa), Bloemfontein (judiciária)",match,The source cell covers the complete capital list; spelling and shared role were checked separately.
207,ZA,capitals[2].label,judiciária,"https://www.gov.br/mre/pt-br/arquivos/manual-de-redacao (23 July 2026); https://funag.gov.br/manual/index.php?title=Top%C3%B4nimos_e_gent%C3%ADlicos (revision 684, checked 7 October 2026)","Pretória (executiva), Cidade do Cabo (legislativa), Bloemfontein (judiciária)",match,The source cell covers the complete capital list; spelling and shared role were checked separately.
207,ZA,wikipedia,https://pt.wikipedia.org/wiki/África_do_Sul,"https://www.wikidata.org/ ptwiki sitelink cache, refreshed 7 October 2026",https://pt.wikipedia.org/wiki/África_do_Sul,match,Article link only; never used as the naming authority.
208,GS,name,Ilhas Geórgia do Sul e Sandwich do Sul,"https://www.gov.br/sped/pt-br/assuntos/escrituracoes-digitais/e-financeira/manuais-e-documento-tecnicos/tabelas-de-codigos/paises/@@download/file (Receita Federal e-Financeira territory table, modified 29 May 2026; checked 8 October 2026); https://www.iso.org/obp/ui/#iso:code:3166:GS (ISO 3166 Online Browsing Platform, maintained online; checked 8 October 2026)",Receita Federal: Ilhas Geórgia do Sul e Sandwich do Sul,match,Adopted the cited Brazilian fallback form exactly.
208,GS,formal_name,<absent>,"https://www.gov.br/sped/pt-br/assuntos/escrituracoes-digitais/e-financeira/manuais-e-documento-tecnicos/tabelas-de-codigos/paises/@@download/file (Receita Federal e-Financeira territory table, modified 29 May 2026; checked 8 October 2026); https://www.iso.org/obp/ui/#iso:code:3166:GS (ISO 3166 Online Browsing Platform, maintained online; checked 8 October 2026)",No distinct pt-BR formal form in the checked Brazilian/ISO records,absence checked,A formal-name key is deliberately omitted rather than translated without a source.
208,GS,name_label,<absent>,"https://www.gov.br/sped/pt-br/assuntos/escrituracoes-digitais/e-financeira/manuais-e-documento-tecnicos/tabelas-de-codigos/paises/@@download/file (Receita Federal e-Financeira territory table, modified 29 May 2026; checked 8 October 2026); https://www.iso.org/obp/ui/#iso:code:3166:GS (ISO 3166 Online Browsing Platform, maintained online; checked 8 October 2026)",No alternative-name label in the checked Brazilian/ISO records,absence checked,Deliberate absence checked against the concrete fallback records.
208,GS,capitals[0].name,King Edward Point,"https://www.gov.br/sped/pt-br/assuntos/escrituracoes-digitais/e-financeira/manuais-e-documento-tecnicos/tabelas-de-codigos/paises/@@download/file (Receita Federal e-Financeira territory table, modified 29 May 2026; checked 8 October 2026); https://www.iso.org/obp/ui/#iso:code:3166:GS (ISO 3166 Online Browsing Platform, maintained online; checked 8 October 2026); https://geonames.nga.mil/geonames/GNSHome/ (NGA Geographic Names Server, online; checked 8 October 2026)",Approved/local geographic-name form: King Edward Point,match,
208,GS,capitals[0].label,<absent>,"https://www.gov.br/sped/pt-br/assuntos/escrituracoes-digitais/e-financeira/manuais-e-documento-tecnicos/tabelas-de-codigos/paises/@@download/file (Receita Federal e-Financeira territory table, modified 29 May 2026; checked 8 October 2026); https://www.iso.org/obp/ui/#iso:code:3166:GS (ISO 3166 Online Browsing Platform, maintained online; checked 8 October 2026)",No role qualifier in the checked naming records; shared role is generic capital,absence checked,No capital label is present in any locale for this generic shared role.
208,GS,wikipedia,https://pt.wikipedia.org/wiki/Ilhas_Geórgia_do_Sul_e_Sandwich_do_Sul,"https://www.wikidata.org/ ptwiki sitelink cache, refreshed 7 October 2026",https://pt.wikipedia.org/wiki/Ilhas_Geórgia_do_Sul_e_Sandwich_do_Sul,match,Article link only; never used as the naming authority.
209,KR,name,Coreia do Sul,"https://www.gov.br/mre/pt-br/arquivos/manual-de-redacao (23 July 2026); https://funag.gov.br/manual/index.php?title=Top%C3%B4nimos_e_gent%C3%ADlicos (revision 684, checked 7 October 2026)",a Coreia do Sul,match,Deck-style transcription omits leading articles and pronunciation annotations.
209,KR,formal_name,República da Coreia,"https://www.gov.br/mre/pt-br/arquivos/manual-de-redacao (23 July 2026); https://funag.gov.br/manual/index.php?title=Top%C3%B4nimos_e_gent%C3%ADlicos (revision 684, checked 7 October 2026)",a República da Coreia,match,Deck-style transcription omits leading articles and pronunciation annotations.
209,KR,name_label,<absent>,"https://www.gov.br/mre/pt-br/arquivos/manual-de-redacao (23 July 2026); https://funag.gov.br/manual/index.php?title=Top%C3%B4nimos_e_gent%C3%ADlicos (revision 684, checked 7 October 2026)",<absent>,absence checked,No established locale value in the audited source/fallback record.
209,KR,capitals[0].name,Seul,"https://www.gov.br/mre/pt-br/arquivos/manual-de-redacao (23 July 2026); https://funag.gov.br/manual/index.php?title=Top%C3%B4nimos_e_gent%C3%ADlicos (revision 684, checked 7 October 2026)",Seul,match,The source cell covers the complete capital list; spelling and shared role were checked separately.
209,KR,capitals[0].label,<absent>,"https://www.gov.br/mre/pt-br/arquivos/manual-de-redacao (23 July 2026); https://funag.gov.br/manual/index.php?title=Top%C3%B4nimos_e_gent%C3%ADlicos (revision 684, checked 7 October 2026)",<absent>,absence checked,No capital label is present in any locale for this location.
209,KR,wikipedia,https://pt.wikipedia.org/wiki/Coreia_do_Sul,"https://www.wikidata.org/ ptwiki sitelink cache, refreshed 7 October 2026",https://pt.wikipedia.org/wiki/Coreia_do_Sul,match,Article link only; never used as the naming authority.
210,SS,name,Sudão do Sul,"https://www.gov.br/mre/pt-br/arquivos/manual-de-redacao (23 July 2026); https://funag.gov.br/manual/index.php?title=Top%C3%B4nimos_e_gent%C3%ADlicos (revision 684, checked 7 October 2026)",o Sudão do Sul,match,Deck-style transcription omits leading articles and pronunciation annotations.
210,SS,formal_name,República do Sudão do Sul,"https://www.gov.br/mre/pt-br/arquivos/manual-de-redacao (23 July 2026); https://funag.gov.br/manual/index.php?title=Top%C3%B4nimos_e_gent%C3%ADlicos (revision 684, checked 7 October 2026)",a República do Sudão do Sul,match,Deck-style transcription omits leading articles and pronunciation annotations.
210,SS,name_label,<absent>,"https://www.gov.br/mre/pt-br/arquivos/manual-de-redacao (23 July 2026); https://funag.gov.br/manual/index.php?title=Top%C3%B4nimos_e_gent%C3%ADlicos (revision 684, checked 7 October 2026)",<absent>,absence checked,No established locale value in the audited source/fallback record.
210,SS,capitals[0].name,Juba,"https://www.gov.br/mre/pt-br/arquivos/manual-de-redacao (23 July 2026); https://funag.gov.br/manual/index.php?title=Top%C3%B4nimos_e_gent%C3%ADlicos (revision 684, checked 7 October 2026)",Juba,match,The source cell covers the complete capital list; spelling and shared role were checked separately.
210,SS,capitals[0].label,<absent>,"https://www.gov.br/mre/pt-br/arquivos/manual-de-redacao (23 July 2026); https://funag.gov.br/manual/index.php?title=Top%C3%B4nimos_e_gent%C3%ADlicos (revision 684, checked 7 October 2026)",<absent>,absence checked,No capital label is present in any locale for this location.
210,SS,wikipedia,https://pt.wikipedia.org/wiki/Sudão_do_Sul,"https://www.wikidata.org/ ptwiki sitelink cache, refreshed 7 October 2026",https://pt.wikipedia.org/wiki/Sudão_do_Sul,match,Article link only; never used as the naming authority.
211,ES,name,Espanha,"https://www.gov.br/mre/pt-br/arquivos/manual-de-redacao (23 July 2026); https://funag.gov.br/manual/index.php?title=Top%C3%B4nimos_e_gent%C3%ADlicos (revision 684, checked 7 October 2026)",a Espanha,match,Deck-style transcription omits leading articles and pronunciation annotations.
211,ES,formal_name,Reino da Espanha,"https://www.gov.br/mre/pt-br/arquivos/manual-de-redacao (23 July 2026); https://funag.gov.br/manual/index.php?title=Top%C3%B4nimos_e_gent%C3%ADlicos (revision 684, checked 7 October 2026)",o Reino da Espanha,match,Deck-style transcription omits leading articles and pronunciation annotations.
211,ES,name_label,<absent>,"https://www.gov.br/mre/pt-br/arquivos/manual-de-redacao (23 July 2026); https://funag.gov.br/manual/index.php?title=Top%C3%B4nimos_e_gent%C3%ADlicos (revision 684, checked 7 October 2026)",<absent>,absence checked,No established locale value in the audited source/fallback record.
211,ES,capitals[0].name,Madri,"https://www.gov.br/mre/pt-br/arquivos/manual-de-redacao (23 July 2026); https://funag.gov.br/manual/index.php?title=Top%C3%B4nimos_e_gent%C3%ADlicos (revision 684, checked 7 October 2026)",Madri,match,The source cell covers the complete capital list; spelling and shared role were checked separately.
211,ES,capitals[0].label,<absent>,"https://www.gov.br/mre/pt-br/arquivos/manual-de-redacao (23 July 2026); https://funag.gov.br/manual/index.php?title=Top%C3%B4nimos_e_gent%C3%ADlicos (revision 684, checked 7 October 2026)",<absent>,absence checked,No capital label is present in any locale for this location.
211,ES,wikipedia,https://pt.wikipedia.org/wiki/Espanha,"https://www.wikidata.org/ ptwiki sitelink cache, refreshed 7 October 2026",https://pt.wikipedia.org/wiki/Espanha,match,Article link only; never used as the naming authority.
212,LK,name,Sri Lanka,"https://www.gov.br/mre/pt-br/arquivos/manual-de-redacao (23 July 2026); https://funag.gov.br/manual/index.php?title=Top%C3%B4nimos_e_gent%C3%ADlicos (revision 684, checked 7 October 2026)",o Sri Lanka,match,Deck-style transcription omits leading articles and pronunciation annotations.
212,LK,formal_name,República Socialista Democrática do Sri Lanka,"https://www.gov.br/mre/pt-br/arquivos/manual-de-redacao (23 July 2026); https://funag.gov.br/manual/index.php?title=Top%C3%B4nimos_e_gent%C3%ADlicos (revision 684, checked 7 October 2026)",a República Democrática Socialista do Sri Lanka,match,Deck-style transcription omits leading articles and pronunciation annotations.
212,LK,name_label,<absent>,"https://www.gov.br/mre/pt-br/arquivos/manual-de-redacao (23 July 2026); https://funag.gov.br/manual/index.php?title=Top%C3%B4nimos_e_gent%C3%ADlicos (revision 684, checked 7 October 2026)",<absent>,absence checked,No established locale value in the audited source/fallback record.
212,LK,capitals[0].name,Sri Jayawardenepura Kotte,"https://www.gov.br/mre/pt-br/arquivos/manual-de-redacao (23 July 2026); https://funag.gov.br/manual/index.php?title=Top%C3%B4nimos_e_gent%C3%ADlicos (revision 684, checked 7 October 2026)",Colombo,match,The source cell covers the complete capital list; spelling and shared role were checked separately.
212,LK,capitals[0].label,capital,"https://www.gov.br/mre/pt-br/arquivos/manual-de-redacao (23 July 2026); https://funag.gov.br/manual/index.php?title=Top%C3%B4nimos_e_gent%C3%ADlicos (revision 684, checked 7 October 2026)",sede do poder legislativo,deviation,Translated from the post-correction shared capital role/detail on main; contributor-only role detail was not restored.
212,LK,capitals[1].name,Colombo,"https://www.gov.br/mre/pt-br/arquivos/manual-de-redacao (23 July 2026); https://funag.gov.br/manual/index.php?title=Top%C3%B4nimos_e_gent%C3%ADlicos (revision 684, checked 7 October 2026)",Colombo,match,The source cell covers the complete capital list; spelling and shared role were checked separately.
212,LK,capitals[1].label,sede do governo,"https://www.gov.br/mre/pt-br/arquivos/manual-de-redacao (23 July 2026); https://funag.gov.br/manual/index.php?title=Top%C3%B4nimos_e_gent%C3%ADlicos (revision 684, checked 7 October 2026)",sede dos poderes executivo e judiciário,deviation,Translated from the post-correction shared capital role/detail on main; contributor-only role detail was not restored.
212,LK,wikipedia,https://pt.wikipedia.org/wiki/Sri_Lanka,"https://www.wikidata.org/ ptwiki sitelink cache, refreshed 7 October 2026",https://pt.wikipedia.org/wiki/Sri_Lanka,match,Article link only; never used as the naming authority.
213,SD,name,Sudão,"https://www.gov.br/mre/pt-br/arquivos/manual-de-redacao (23 July 2026); https://funag.gov.br/manual/index.php?title=Top%C3%B4nimos_e_gent%C3%ADlicos (revision 684, checked 7 October 2026)",o Sudão,match,Deck-style transcription omits leading articles and pronunciation annotations.
213,SD,formal_name,República do Sudão,"https://www.gov.br/mre/pt-br/arquivos/manual-de-redacao (23 July 2026); https://funag.gov.br/manual/index.php?title=Top%C3%B4nimos_e_gent%C3%ADlicos (revision 684, checked 7 October 2026)",a República do Sudão,match,Deck-style transcription omits leading articles and pronunciation annotations.
213,SD,name_label,<absent>,"https://www.gov.br/mre/pt-br/arquivos/manual-de-redacao (23 July 2026); https://funag.gov.br/manual/index.php?title=Top%C3%B4nimos_e_gent%C3%ADlicos (revision 684, checked 7 October 2026)",<absent>,absence checked,No established locale value in the audited source/fallback record.
213,SD,capitals[0].name,Cartum,"https://www.gov.br/mre/pt-br/arquivos/manual-de-redacao (23 July 2026); https://funag.gov.br/manual/index.php?title=Top%C3%B4nimos_e_gent%C3%ADlicos (revision 684, checked 7 October 2026)",Cartum,match,The source cell covers the complete capital list; spelling and shared role were checked separately.
213,SD,capitals[0].label,<absent>,"https://www.gov.br/mre/pt-br/arquivos/manual-de-redacao (23 July 2026); https://funag.gov.br/manual/index.php?title=Top%C3%B4nimos_e_gent%C3%ADlicos (revision 684, checked 7 October 2026)",<absent>,absence checked,No capital label is present in any locale for this location.
213,SD,wikipedia,https://pt.wikipedia.org/wiki/Sudão,"https://www.wikidata.org/ ptwiki sitelink cache, refreshed 7 October 2026",https://pt.wikipedia.org/wiki/Sudão,match,Article link only; never used as the naming authority.
214,SR,name,Suriname,"https://www.gov.br/mre/pt-br/arquivos/manual-de-redacao (23 July 2026); https://funag.gov.br/manual/index.php?title=Top%C3%B4nimos_e_gent%C3%ADlicos (revision 684, checked 7 October 2026)",o Suriname,match,Deck-style transcription omits leading articles and pronunciation annotations.
214,SR,formal_name,República do Suriname,"https://www.gov.br/mre/pt-br/arquivos/manual-de-redacao (23 July 2026); https://funag.gov.br/manual/index.php?title=Top%C3%B4nimos_e_gent%C3%ADlicos (revision 684, checked 7 October 2026)",a República do Suriname,match,Deck-style transcription omits leading articles and pronunciation annotations.
214,SR,name_label,<absent>,"https://www.gov.br/mre/pt-br/arquivos/manual-de-redacao (23 July 2026); https://funag.gov.br/manual/index.php?title=Top%C3%B4nimos_e_gent%C3%ADlicos (revision 684, checked 7 October 2026)",<absent>,absence checked,No established locale value in the audited source/fallback record.
214,SR,capitals[0].name,Paramaribo,"https://www.gov.br/mre/pt-br/arquivos/manual-de-redacao (23 July 2026); https://funag.gov.br/manual/index.php?title=Top%C3%B4nimos_e_gent%C3%ADlicos (revision 684, checked 7 October 2026)",Paramaribo,match,The source cell covers the complete capital list; spelling and shared role were checked separately.
214,SR,capitals[0].label,<absent>,"https://www.gov.br/mre/pt-br/arquivos/manual-de-redacao (23 July 2026); https://funag.gov.br/manual/index.php?title=Top%C3%B4nimos_e_gent%C3%ADlicos (revision 684, checked 7 October 2026)",<absent>,absence checked,No capital label is present in any locale for this location.
214,SR,wikipedia,https://pt.wikipedia.org/wiki/Suriname,"https://www.wikidata.org/ ptwiki sitelink cache, refreshed 7 October 2026",https://pt.wikipedia.org/wiki/Suriname,match,Article link only; never used as the naming authority.
215,SJ,name,Ilhas Svalbard e Jan Mayen,"https://www.gov.br/sped/pt-br/assuntos/escrituracoes-digitais/e-financeira/manuais-e-documento-tecnicos/tabelas-de-codigos/paises/@@download/file (Receita Federal e-Financeira territory table, modified 29 May 2026; checked 8 October 2026); https://www.iso.org/obp/ui/#iso:code:3166:SJ (ISO 3166 Online Browsing Platform, maintained online; checked 8 October 2026)",Receita Federal: Ilhas Svalbard e Jan Mayen,match,Adopted the cited Brazilian fallback form exactly.
215,SJ,formal_name,<absent>,"https://www.gov.br/sped/pt-br/assuntos/escrituracoes-digitais/e-financeira/manuais-e-documento-tecnicos/tabelas-de-codigos/paises/@@download/file (Receita Federal e-Financeira territory table, modified 29 May 2026; checked 8 October 2026); https://www.iso.org/obp/ui/#iso:code:3166:SJ (ISO 3166 Online Browsing Platform, maintained online; checked 8 October 2026)",No distinct pt-BR formal form in the checked Brazilian/ISO records,absence checked,A formal-name key is deliberately omitted rather than translated without a source.
215,SJ,name_label,<absent>,"https://www.gov.br/sped/pt-br/assuntos/escrituracoes-digitais/e-financeira/manuais-e-documento-tecnicos/tabelas-de-codigos/paises/@@download/file (Receita Federal e-Financeira territory table, modified 29 May 2026; checked 8 October 2026); https://www.iso.org/obp/ui/#iso:code:3166:SJ (ISO 3166 Online Browsing Platform, maintained online; checked 8 October 2026)",No alternative-name label in the checked Brazilian/ISO records,absence checked,Deliberate absence checked against the concrete fallback records.
215,SJ,capitals[0].name,Longyearbyen,"https://www.gov.br/sped/pt-br/assuntos/escrituracoes-digitais/e-financeira/manuais-e-documento-tecnicos/tabelas-de-codigos/paises/@@download/file (Receita Federal e-Financeira territory table, modified 29 May 2026; checked 8 October 2026); https://www.iso.org/obp/ui/#iso:code:3166:SJ (ISO 3166 Online Browsing Platform, maintained online; checked 8 October 2026); https://geonames.nga.mil/geonames/GNSHome/ (NGA Geographic Names Server, online; checked 8 October 2026)",Approved/local geographic-name form: Longyearbyen,match,
215,SJ,capitals[0].label,<absent>,"https://www.gov.br/sped/pt-br/assuntos/escrituracoes-digitais/e-financeira/manuais-e-documento-tecnicos/tabelas-de-codigos/paises/@@download/file (Receita Federal e-Financeira territory table, modified 29 May 2026; checked 8 October 2026); https://www.iso.org/obp/ui/#iso:code:3166:SJ (ISO 3166 Online Browsing Platform, maintained online; checked 8 October 2026)",No role qualifier in the checked naming records; shared role is generic capital,absence checked,No capital label is present in any locale for this generic shared role.
215,SJ,wikipedia,https://pt.wikipedia.org/wiki/Svalbard_e_Jan_Mayen,"https://www.wikidata.org/ ptwiki sitelink cache, refreshed 7 October 2026",https://pt.wikipedia.org/wiki/Svalbard_e_Jan_Mayen,match,Article link only; never used as the naming authority.
216,SE,name,Suécia,"https://www.gov.br/mre/pt-br/arquivos/manual-de-redacao (23 July 2026); https://funag.gov.br/manual/index.php?title=Top%C3%B4nimos_e_gent%C3%ADlicos (revision 684, checked 7 October 2026)",a Suécia,match,Deck-style transcription omits leading articles and pronunciation annotations.
216,SE,formal_name,Reino da Suécia,"https://www.gov.br/mre/pt-br/arquivos/manual-de-redacao (23 July 2026); https://funag.gov.br/manual/index.php?title=Top%C3%B4nimos_e_gent%C3%ADlicos (revision 684, checked 7 October 2026)",o Reino da Suécia,match,Deck-style transcription omits leading articles and pronunciation annotations.
216,SE,name_label,<absent>,"https://www.gov.br/mre/pt-br/arquivos/manual-de-redacao (23 July 2026); https://funag.gov.br/manual/index.php?title=Top%C3%B4nimos_e_gent%C3%ADlicos (revision 684, checked 7 October 2026)",<absent>,absence checked,No established locale value in the audited source/fallback record.
216,SE,capitals[0].name,Estocolmo,"https://www.gov.br/mre/pt-br/arquivos/manual-de-redacao (23 July 2026); https://funag.gov.br/manual/index.php?title=Top%C3%B4nimos_e_gent%C3%ADlicos (revision 684, checked 7 October 2026)",Estocolmo,match,The source cell covers the complete capital list; spelling and shared role were checked separately.
216,SE,capitals[0].label,<absent>,"https://www.gov.br/mre/pt-br/arquivos/manual-de-redacao (23 July 2026); https://funag.gov.br/manual/index.php?title=Top%C3%B4nimos_e_gent%C3%ADlicos (revision 684, checked 7 October 2026)",<absent>,absence checked,No capital label is present in any locale for this location.
216,SE,wikipedia,https://pt.wikipedia.org/wiki/Suécia,"https://www.wikidata.org/ ptwiki sitelink cache, refreshed 7 October 2026",https://pt.wikipedia.org/wiki/Suécia,match,Article link only; never used as the naming authority.
217,CH,name,Suíça,"https://www.gov.br/mre/pt-br/arquivos/manual-de-redacao (23 July 2026); https://funag.gov.br/manual/index.php?title=Top%C3%B4nimos_e_gent%C3%ADlicos (revision 684, checked 7 October 2026)",a Suíça,match,Deck-style transcription omits leading articles and pronunciation annotations.
217,CH,formal_name,Confederação Suíça,"https://www.gov.br/mre/pt-br/arquivos/manual-de-redacao (23 July 2026); https://funag.gov.br/manual/index.php?title=Top%C3%B4nimos_e_gent%C3%ADlicos (revision 684, checked 7 October 2026)",a Confederação Suíça,match,Deck-style transcription omits leading articles and pronunciation annotations.
217,CH,name_label,<absent>,"https://www.gov.br/mre/pt-br/arquivos/manual-de-redacao (23 July 2026); https://funag.gov.br/manual/index.php?title=Top%C3%B4nimos_e_gent%C3%ADlicos (revision 684, checked 7 October 2026)",<absent>,absence checked,No established locale value in the audited source/fallback record.
217,CH,capitals[0].name,Berna,"https://www.gov.br/mre/pt-br/arquivos/manual-de-redacao (23 July 2026); https://funag.gov.br/manual/index.php?title=Top%C3%B4nimos_e_gent%C3%ADlicos (revision 684, checked 7 October 2026)",Berna,match,The source cell covers the complete capital list; spelling and shared role were checked separately.
217,CH,capitals[0].label,sede do governo,"https://www.gov.br/mre/pt-br/arquivos/manual-de-redacao (23 July 2026); https://funag.gov.br/manual/index.php?title=Top%C3%B4nimos_e_gent%C3%ADlicos (revision 684, checked 7 October 2026)",Berna,match,The source cell covers the complete capital list; spelling and shared role were checked separately.
217,CH,wikipedia,https://pt.wikipedia.org/wiki/Suíça,"https://www.wikidata.org/ ptwiki sitelink cache, refreshed 7 October 2026",https://pt.wikipedia.org/wiki/Suíça,match,Article link only; never used as the naming authority.
218,SY,name,Síria,"https://www.gov.br/mre/pt-br/arquivos/manual-de-redacao (23 July 2026); https://funag.gov.br/manual/index.php?title=Top%C3%B4nimos_e_gent%C3%ADlicos (revision 684, checked 7 October 2026)",a Síria,match,Deck-style transcription omits leading articles and pronunciation annotations.
218,SY,formal_name,República Árabe da Síria,"https://www.gov.br/mre/pt-br/arquivos/manual-de-redacao (23 July 2026); https://funag.gov.br/manual/index.php?title=Top%C3%B4nimos_e_gent%C3%ADlicos (revision 684, checked 7 October 2026)",a República Árabe da Síria,match,Deck-style transcription omits leading articles and pronunciation annotations.
218,SY,name_label,<absent>,"https://www.gov.br/mre/pt-br/arquivos/manual-de-redacao (23 July 2026); https://funag.gov.br/manual/index.php?title=Top%C3%B4nimos_e_gent%C3%ADlicos (revision 684, checked 7 October 2026)",<absent>,absence checked,No established locale value in the audited source/fallback record.
218,SY,capitals[0].name,Damasco,"https://www.gov.br/mre/pt-br/arquivos/manual-de-redacao (23 July 2026); https://funag.gov.br/manual/index.php?title=Top%C3%B4nimos_e_gent%C3%ADlicos (revision 684, checked 7 October 2026)",Damasco,match,The source cell covers the complete capital list; spelling and shared role were checked separately.
218,SY,capitals[0].label,<absent>,"https://www.gov.br/mre/pt-br/arquivos/manual-de-redacao (23 July 2026); https://funag.gov.br/manual/index.php?title=Top%C3%B4nimos_e_gent%C3%ADlicos (revision 684, checked 7 October 2026)",<absent>,absence checked,No capital label is present in any locale for this location.
218,SY,wikipedia,https://pt.wikipedia.org/wiki/Síria,"https://www.wikidata.org/ ptwiki sitelink cache, refreshed 7 October 2026",https://pt.wikipedia.org/wiki/Síria,match,Article link only; never used as the naming authority.
219,TJ,name,Tajiquistão,"https://www.gov.br/mre/pt-br/arquivos/manual-de-redacao (23 July 2026); https://funag.gov.br/manual/index.php?title=Top%C3%B4nimos_e_gent%C3%ADlicos (revision 684, checked 7 October 2026)",o Tajiquistão,match,Deck-style transcription omits leading articles and pronunciation annotations.
219,TJ,formal_name,República do Tajiquistão,"https://www.gov.br/mre/pt-br/arquivos/manual-de-redacao (23 July 2026); https://funag.gov.br/manual/index.php?title=Top%C3%B4nimos_e_gent%C3%ADlicos (revision 684, checked 7 October 2026)",a República do Tajiquistão,match,Deck-style transcription omits leading articles and pronunciation annotations.
219,TJ,name_label,<absent>,"https://www.gov.br/mre/pt-br/arquivos/manual-de-redacao (23 July 2026); https://funag.gov.br/manual/index.php?title=Top%C3%B4nimos_e_gent%C3%ADlicos (revision 684, checked 7 October 2026)",<absent>,absence checked,No established locale value in the audited source/fallback record.
219,TJ,capitals[0].name,Dushanbe,"https://www.gov.br/mre/pt-br/arquivos/manual-de-redacao (23 July 2026); https://funag.gov.br/manual/index.php?title=Top%C3%B4nimos_e_gent%C3%ADlicos (revision 684, checked 7 October 2026)",Dushanbe,match,The source cell covers the complete capital list; spelling and shared role were checked separately.
219,TJ,capitals[0].label,<absent>,"https://www.gov.br/mre/pt-br/arquivos/manual-de-redacao (23 July 2026); https://funag.gov.br/manual/index.php?title=Top%C3%B4nimos_e_gent%C3%ADlicos (revision 684, checked 7 October 2026)",<absent>,absence checked,No capital label is present in any locale for this location.
219,TJ,wikipedia,https://pt.wikipedia.org/wiki/Tajiquistão,"https://www.wikidata.org/ ptwiki sitelink cache, refreshed 7 October 2026",https://pt.wikipedia.org/wiki/Tajiquistão,match,Article link only; never used as the naming authority.
220,TZ,name,Tanzânia,"https://www.gov.br/mre/pt-br/arquivos/manual-de-redacao (23 July 2026); https://funag.gov.br/manual/index.php?title=Top%C3%B4nimos_e_gent%C3%ADlicos (revision 684, checked 7 October 2026)",a Tanzânia,match,Deck-style transcription omits leading articles and pronunciation annotations.
220,TZ,formal_name,República Unida da Tanzânia,"https://www.gov.br/mre/pt-br/arquivos/manual-de-redacao (23 July 2026); https://funag.gov.br/manual/index.php?title=Top%C3%B4nimos_e_gent%C3%ADlicos (revision 684, checked 7 October 2026)",a República Unida da Tanzânia,match,Deck-style transcription omits leading articles and pronunciation annotations.
220,TZ,name_label,<absent>,"https://www.gov.br/mre/pt-br/arquivos/manual-de-redacao (23 July 2026); https://funag.gov.br/manual/index.php?title=Top%C3%B4nimos_e_gent%C3%ADlicos (revision 684, checked 7 October 2026)",<absent>,absence checked,No established locale value in the audited source/fallback record.
220,TZ,capitals[0].name,Dodoma,"https://www.gov.br/mre/pt-br/arquivos/manual-de-redacao (23 July 2026); https://funag.gov.br/manual/index.php?title=Top%C3%B4nimos_e_gent%C3%ADlicos (revision 684, checked 7 October 2026)",Dodoma,match,The source cell covers the complete capital list; spelling and shared role were checked separately.
220,TZ,capitals[0].label,capital,"https://www.gov.br/mre/pt-br/arquivos/manual-de-redacao (23 July 2026); https://funag.gov.br/manual/index.php?title=Top%C3%B4nimos_e_gent%C3%ADlicos (revision 684, checked 7 October 2026)",Dodoma,match,The source cell covers the complete capital list; spelling and shared role were checked separately.
220,TZ,capitals[1].name,Dar es Salaam,"https://www.gov.br/mre/pt-br/arquivos/manual-de-redacao (23 July 2026); https://funag.gov.br/manual/index.php?title=Top%C3%B4nimos_e_gent%C3%ADlicos (revision 684, checked 7 October 2026)",—,deviation,Shared second government seat retained; absent from the primary table.
220,TZ,capitals[1].label,sede do governo,"https://www.gov.br/mre/pt-br/arquivos/manual-de-redacao (23 July 2026); https://funag.gov.br/manual/index.php?title=Top%C3%B4nimos_e_gent%C3%ADlicos (revision 684, checked 7 October 2026)",—,deviation,Shared second government seat retained; absent from the primary table.
220,TZ,wikipedia,https://pt.wikipedia.org/wiki/Tanzânia,"https://www.wikidata.org/ ptwiki sitelink cache, refreshed 7 October 2026",https://pt.wikipedia.org/wiki/Tanzânia,match,Article link only; never used as the naming authority.
221,TH,name,Tailândia,"https://www.gov.br/mre/pt-br/arquivos/manual-de-redacao (23 July 2026); https://funag.gov.br/manual/index.php?title=Top%C3%B4nimos_e_gent%C3%ADlicos (revision 684, checked 7 October 2026)",a Tailândia,match,Deck-style transcription omits leading articles and pronunciation annotations.
221,TH,formal_name,Reino da Tailândia,"https://www.gov.br/mre/pt-br/arquivos/manual-de-redacao (23 July 2026); https://funag.gov.br/manual/index.php?title=Top%C3%B4nimos_e_gent%C3%ADlicos (revision 684, checked 7 October 2026)",o Reino da Tailândia,match,Deck-style transcription omits leading articles and pronunciation annotations.
221,TH,name_label,<absent>,"https://www.gov.br/mre/pt-br/arquivos/manual-de-redacao (23 July 2026); https://funag.gov.br/manual/index.php?title=Top%C3%B4nimos_e_gent%C3%ADlicos (revision 684, checked 7 October 2026)",<absent>,absence checked,No established locale value in the audited source/fallback record.
221,TH,capitals[0].name,Bangkok,"https://www.gov.br/mre/pt-br/arquivos/manual-de-redacao (23 July 2026); https://funag.gov.br/manual/index.php?title=Top%C3%B4nimos_e_gent%C3%ADlicos (revision 684, checked 7 October 2026)",Bangkok,match,The source cell covers the complete capital list; spelling and shared role were checked separately.
221,TH,capitals[0].label,<absent>,"https://www.gov.br/mre/pt-br/arquivos/manual-de-redacao (23 July 2026); https://funag.gov.br/manual/index.php?title=Top%C3%B4nimos_e_gent%C3%ADlicos (revision 684, checked 7 October 2026)",<absent>,absence checked,No capital label is present in any locale for this location.
221,TH,wikipedia,https://pt.wikipedia.org/wiki/Tailândia,"https://www.wikidata.org/ ptwiki sitelink cache, refreshed 7 October 2026",https://pt.wikipedia.org/wiki/Tailândia,match,Article link only; never used as the naming authority.
222,TL,name,Timor-Leste,"https://www.gov.br/mre/pt-br/arquivos/manual-de-redacao (23 July 2026); https://funag.gov.br/manual/index.php?title=Top%C3%B4nimos_e_gent%C3%ADlicos (revision 684, checked 7 October 2026)",Timor-Leste,match,Deck-style transcription omits leading articles and pronunciation annotations.
222,TL,formal_name,República Democrática de Timor-Leste,"https://www.gov.br/mre/pt-br/arquivos/manual-de-redacao (23 July 2026); https://funag.gov.br/manual/index.php?title=Top%C3%B4nimos_e_gent%C3%ADlicos (revision 684, checked 7 October 2026)",a República Democrática de Timor-Leste,match,Deck-style transcription omits leading articles and pronunciation annotations.
222,TL,name_label,<absent>,"https://www.gov.br/mre/pt-br/arquivos/manual-de-redacao (23 July 2026); https://funag.gov.br/manual/index.php?title=Top%C3%B4nimos_e_gent%C3%ADlicos (revision 684, checked 7 October 2026)",<absent>,absence checked,No established locale value in the audited source/fallback record.
222,TL,capitals[0].name,Díli,"https://www.gov.br/mre/pt-br/arquivos/manual-de-redacao (23 July 2026); https://funag.gov.br/manual/index.php?title=Top%C3%B4nimos_e_gent%C3%ADlicos (revision 684, checked 7 October 2026)",Díli,match,The source cell covers the complete capital list; spelling and shared role were checked separately.
222,TL,capitals[0].label,<absent>,"https://www.gov.br/mre/pt-br/arquivos/manual-de-redacao (23 July 2026); https://funag.gov.br/manual/index.php?title=Top%C3%B4nimos_e_gent%C3%ADlicos (revision 684, checked 7 October 2026)",<absent>,absence checked,No capital label is present in any locale for this location.
222,TL,wikipedia,https://pt.wikipedia.org/wiki/Timor-Leste,"https://www.wikidata.org/ ptwiki sitelink cache, refreshed 7 October 2026",https://pt.wikipedia.org/wiki/Timor-Leste,match,Article link only; never used as the naming authority.
223,TG,name,Togo,"https://www.gov.br/mre/pt-br/arquivos/manual-de-redacao (23 July 2026); https://funag.gov.br/manual/index.php?title=Top%C3%B4nimos_e_gent%C3%ADlicos (revision 684, checked 7 October 2026)",o Togo,match,Deck-style transcription omits leading articles and pronunciation annotations.
223,TG,formal_name,República Togolesa,"https://www.gov.br/mre/pt-br/arquivos/manual-de-redacao (23 July 2026); https://funag.gov.br/manual/index.php?title=Top%C3%B4nimos_e_gent%C3%ADlicos (revision 684, checked 7 October 2026)",a República Togolesa,match,Deck-style transcription omits leading articles and pronunciation annotations.
223,TG,name_label,<absent>,"https://www.gov.br/mre/pt-br/arquivos/manual-de-redacao (23 July 2026); https://funag.gov.br/manual/index.php?title=Top%C3%B4nimos_e_gent%C3%ADlicos (revision 684, checked 7 October 2026)",<absent>,absence checked,No established locale value in the audited source/fallback record.
223,TG,capitals[0].name,Lomé,"https://www.gov.br/mre/pt-br/arquivos/manual-de-redacao (23 July 2026); https://funag.gov.br/manual/index.php?title=Top%C3%B4nimos_e_gent%C3%ADlicos (revision 684, checked 7 October 2026)",Lomé,match,The source cell covers the complete capital list; spelling and shared role were checked separately.
223,TG,capitals[0].label,<absent>,"https://www.gov.br/mre/pt-br/arquivos/manual-de-redacao (23 July 2026); https://funag.gov.br/manual/index.php?title=Top%C3%B4nimos_e_gent%C3%ADlicos (revision 684, checked 7 October 2026)",<absent>,absence checked,No capital label is present in any locale for this location.
223,TG,wikipedia,https://pt.wikipedia.org/wiki/Togo,"https://www.wikidata.org/ ptwiki sitelink cache, refreshed 7 October 2026",https://pt.wikipedia.org/wiki/Togo,match,Article link only; never used as the naming authority.
224,TK,name,Tokelau,"https://funag.gov.br/manual/index.php?title=Top%C3%B4nimos_e_gent%C3%ADlicos (official FUNAG reproduction, revision 684; checked 8 October 2026); https://www.gov.br/sped/pt-br/assuntos/escrituracoes-digitais/e-financeira/manuais-e-documento-tecnicos/tabelas-de-codigos/paises/@@download/file (Receita Federal e-Financeira territory table, modified 29 May 2026; checked 8 October 2026); https://www.iso.org/obp/ui/#iso:code:3166:TK (ISO 3166 Online Browsing Platform, maintained online; checked 8 October 2026)",Receita Federal: Ilhas Tokelau; FUNAG: Tokelau,deviation,"Receita records “Ilhas Tokelau”; COTW keeps the fully reviewed pt-BR display form, with the precise difference documented in docs/data-changes.md."
224,TK,formal_name,<absent>,"https://www.gov.br/sped/pt-br/assuntos/escrituracoes-digitais/e-financeira/manuais-e-documento-tecnicos/tabelas-de-codigos/paises/@@download/file (Receita Federal e-Financeira territory table, modified 29 May 2026; checked 8 October 2026); https://www.iso.org/obp/ui/#iso:code:3166:TK (ISO 3166 Online Browsing Platform, maintained online; checked 8 October 2026)",No distinct pt-BR formal form in the checked Brazilian/ISO records,absence checked,A formal-name key is deliberately omitted rather than translated without a source.
224,TK,name_label,<absent>,"https://www.gov.br/sped/pt-br/assuntos/escrituracoes-digitais/e-financeira/manuais-e-documento-tecnicos/tabelas-de-codigos/paises/@@download/file (Receita Federal e-Financeira territory table, modified 29 May 2026; checked 8 October 2026); https://www.iso.org/obp/ui/#iso:code:3166:TK (ISO 3166 Online Browsing Platform, maintained online; checked 8 October 2026)",No alternative-name label in the checked Brazilian/ISO records,absence checked,Deliberate absence checked against the concrete fallback records.
224,TK,capitals[0].name,Fakaofo,"https://www.gov.br/sped/pt-br/assuntos/escrituracoes-digitais/e-financeira/manuais-e-documento-tecnicos/tabelas-de-codigos/paises/@@download/file (Receita Federal e-Financeira territory table, modified 29 May 2026; checked 8 October 2026); https://www.iso.org/obp/ui/#iso:code:3166:TK (ISO 3166 Online Browsing Platform, maintained online; checked 8 October 2026); https://geonames.nga.mil/geonames/GNSHome/ (NGA Geographic Names Server, online; checked 8 October 2026)",Approved/local geographic-name form: Fakaofo,match,
224,TK,capitals[0].label,<absent>,"https://www.gov.br/sped/pt-br/assuntos/escrituracoes-digitais/e-financeira/manuais-e-documento-tecnicos/tabelas-de-codigos/paises/@@download/file (Receita Federal e-Financeira territory table, modified 29 May 2026; checked 8 October 2026); https://www.iso.org/obp/ui/#iso:code:3166:TK (ISO 3166 Online Browsing Platform, maintained online; checked 8 October 2026)",No role qualifier in the checked naming records; shared role is generic capital,absence checked,No capital label is present in any locale for this generic shared role.
224,TK,wikipedia,https://pt.wikipedia.org/wiki/Toquelau,"https://www.wikidata.org/ ptwiki sitelink cache, refreshed 7 October 2026",https://pt.wikipedia.org/wiki/Toquelau,match,Article link only; never used as the naming authority.
225,TO,name,Tonga,"https://www.gov.br/mre/pt-br/arquivos/manual-de-redacao (23 July 2026); https://funag.gov.br/manual/index.php?title=Top%C3%B4nimos_e_gent%C3%ADlicos (revision 684, checked 7 October 2026)",Tonga,match,Deck-style transcription omits leading articles and pronunciation annotations.
225,TO,formal_name,Reino de Tonga,"https://www.gov.br/mre/pt-br/arquivos/manual-de-redacao (23 July 2026); https://funag.gov.br/manual/index.php?title=Top%C3%B4nimos_e_gent%C3%ADlicos (revision 684, checked 7 October 2026)",o Reino de Tonga,match,Deck-style transcription omits leading articles and pronunciation annotations.
225,TO,name_label,<absent>,"https://www.gov.br/mre/pt-br/arquivos/manual-de-redacao (23 July 2026); https://funag.gov.br/manual/index.php?title=Top%C3%B4nimos_e_gent%C3%ADlicos (revision 684, checked 7 October 2026)",<absent>,absence checked,No established locale value in the audited source/fallback record.
225,TO,capitals[0].name,Nukuʻalofa,"https://www.gov.br/mre/pt-br/arquivos/manual-de-redacao (23 July 2026); https://funag.gov.br/manual/index.php?title=Top%C3%B4nimos_e_gent%C3%ADlicos (revision 684, checked 7 October 2026)",Nuku’alofa,deviation,COTW preserves ʻokina as a letter.
225,TO,capitals[0].label,<absent>,"https://www.gov.br/mre/pt-br/arquivos/manual-de-redacao (23 July 2026); https://funag.gov.br/manual/index.php?title=Top%C3%B4nimos_e_gent%C3%ADlicos (revision 684, checked 7 October 2026)",<absent>,absence checked,No capital label is present in any locale for this location.
225,TO,wikipedia,https://pt.wikipedia.org/wiki/Tonga,"https://www.wikidata.org/ ptwiki sitelink cache, refreshed 7 October 2026",https://pt.wikipedia.org/wiki/Tonga,match,Article link only; never used as the naming authority.
226,TT,name,Trinidad e Tobago,"https://www.gov.br/mre/pt-br/arquivos/manual-de-redacao (23 July 2026); https://funag.gov.br/manual/index.php?title=Top%C3%B4nimos_e_gent%C3%ADlicos (revision 684, checked 7 October 2026)",Trinidad e Tobago,match,Deck-style transcription omits leading articles and pronunciation annotations.
226,TT,formal_name,República de Trinidad e Tobago,"https://www.gov.br/mre/pt-br/arquivos/manual-de-redacao (23 July 2026); https://funag.gov.br/manual/index.php?title=Top%C3%B4nimos_e_gent%C3%ADlicos (revision 684, checked 7 October 2026)",a República de Trinidad e Tobago,match,Deck-style transcription omits leading articles and pronunciation annotations.
226,TT,name_label,<absent>,"https://www.gov.br/mre/pt-br/arquivos/manual-de-redacao (23 July 2026); https://funag.gov.br/manual/index.php?title=Top%C3%B4nimos_e_gent%C3%ADlicos (revision 684, checked 7 October 2026)",<absent>,absence checked,No established locale value in the audited source/fallback record.
226,TT,capitals[0].name,Port of Spain,"https://www.gov.br/mre/pt-br/arquivos/manual-de-redacao (23 July 2026); https://funag.gov.br/manual/index.php?title=Top%C3%B4nimos_e_gent%C3%ADlicos (revision 684, checked 7 October 2026)",Port of Spain,match,The source cell covers the complete capital list; spelling and shared role were checked separately.
226,TT,capitals[0].label,<absent>,"https://www.gov.br/mre/pt-br/arquivos/manual-de-redacao (23 July 2026); https://funag.gov.br/manual/index.php?title=Top%C3%B4nimos_e_gent%C3%ADlicos (revision 684, checked 7 October 2026)",<absent>,absence checked,No capital label is present in any locale for this location.
226,TT,wikipedia,https://pt.wikipedia.org/wiki/Trindade_e_Tobago,"https://www.wikidata.org/ ptwiki sitelink cache, refreshed 7 October 2026",https://pt.wikipedia.org/wiki/Trindade_e_Tobago,match,Article link only; never used as the naming authority.
227,TN,name,Tunísia,"https://www.gov.br/mre/pt-br/arquivos/manual-de-redacao (23 July 2026); https://funag.gov.br/manual/index.php?title=Top%C3%B4nimos_e_gent%C3%ADlicos (revision 684, checked 7 October 2026)",a Tunísia,match,Deck-style transcription omits leading articles and pronunciation annotations.
227,TN,formal_name,República da Tunísia,"https://www.gov.br/mre/pt-br/arquivos/manual-de-redacao (23 July 2026); https://funag.gov.br/manual/index.php?title=Top%C3%B4nimos_e_gent%C3%ADlicos (revision 684, checked 7 October 2026)",a República da Tunísia,match,Deck-style transcription omits leading articles and pronunciation annotations.
227,TN,name_label,<absent>,"https://www.gov.br/mre/pt-br/arquivos/manual-de-redacao (23 July 2026); https://funag.gov.br/manual/index.php?title=Top%C3%B4nimos_e_gent%C3%ADlicos (revision 684, checked 7 October 2026)",<absent>,absence checked,No established locale value in the audited source/fallback record.
227,TN,capitals[0].name,Túnis,"https://www.gov.br/mre/pt-br/arquivos/manual-de-redacao (23 July 2026); https://funag.gov.br/manual/index.php?title=Top%C3%B4nimos_e_gent%C3%ADlicos (revision 684, checked 7 October 2026)",Túnis,match,The source cell covers the complete capital list; spelling and shared role were checked separately.
227,TN,capitals[0].label,<absent>,"https://www.gov.br/mre/pt-br/arquivos/manual-de-redacao (23 July 2026); https://funag.gov.br/manual/index.php?title=Top%C3%B4nimos_e_gent%C3%ADlicos (revision 684, checked 7 October 2026)",<absent>,absence checked,No capital label is present in any locale for this location.
227,TN,wikipedia,https://pt.wikipedia.org/wiki/Tunísia,"https://www.wikidata.org/ ptwiki sitelink cache, refreshed 7 October 2026",https://pt.wikipedia.org/wiki/Tunísia,match,Article link only; never used as the naming authority.
228,TR,name,Turquia,"https://www.gov.br/mre/pt-br/arquivos/manual-de-redacao (23 July 2026); https://funag.gov.br/manual/index.php?title=Top%C3%B4nimos_e_gent%C3%ADlicos (revision 684, checked 7 October 2026)",a Turquia,match,Deck-style transcription omits leading articles and pronunciation annotations.
228,TR,formal_name,República da Turquia / República da Türkiye,"https://www.gov.br/mre/pt-br/arquivos/manual-de-redacao (23 July 2026); https://funag.gov.br/manual/index.php?title=Top%C3%B4nimos_e_gent%C3%ADlicos (revision 684, checked 7 October 2026)",a República da Turquia ou a República da Türkiye,match,Deck-style transcription omits leading articles and pronunciation annotations.
228,TR,name_label,<absent>,"https://www.gov.br/mre/pt-br/arquivos/manual-de-redacao (23 July 2026); https://funag.gov.br/manual/index.php?title=Top%C3%B4nimos_e_gent%C3%ADlicos (revision 684, checked 7 October 2026)",<absent>,absence checked,No established locale value in the audited source/fallback record.
228,TR,capitals[0].name,Ancara,"https://www.gov.br/mre/pt-br/arquivos/manual-de-redacao (23 July 2026); https://funag.gov.br/manual/index.php?title=Top%C3%B4nimos_e_gent%C3%ADlicos (revision 684, checked 7 October 2026)",Ancara,match,The source cell covers the complete capital list; spelling and shared role were checked separately.
228,TR,capitals[0].label,<absent>,"https://www.gov.br/mre/pt-br/arquivos/manual-de-redacao (23 July 2026); https://funag.gov.br/manual/index.php?title=Top%C3%B4nimos_e_gent%C3%ADlicos (revision 684, checked 7 October 2026)",<absent>,absence checked,No capital label is present in any locale for this location.
228,TR,wikipedia,https://pt.wikipedia.org/wiki/Turquia,"https://www.wikidata.org/ ptwiki sitelink cache, refreshed 7 October 2026",https://pt.wikipedia.org/wiki/Turquia,match,Article link only; never used as the naming authority.
229,TM,name,Turcomenistão,"https://www.gov.br/mre/pt-br/arquivos/manual-de-redacao (23 July 2026); https://funag.gov.br/manual/index.php?title=Top%C3%B4nimos_e_gent%C3%ADlicos (revision 684, checked 7 October 2026)",o Turcomenistão,match,Deck-style transcription omits leading articles and pronunciation annotations.
229,TM,formal_name,<absent>,"https://www.gov.br/mre/pt-br/arquivos/manual-de-redacao (23 July 2026); https://funag.gov.br/manual/index.php?title=Top%C3%B4nimos_e_gent%C3%ADlicos (revision 684, checked 7 October 2026)",o Turcomenistão,absence checked,No established locale value in the audited source/fallback record.
229,TM,name_label,<absent>,"https://www.gov.br/mre/pt-br/arquivos/manual-de-redacao (23 July 2026); https://funag.gov.br/manual/index.php?title=Top%C3%B4nimos_e_gent%C3%ADlicos (revision 684, checked 7 October 2026)",<absent>,absence checked,No established locale value in the audited source/fallback record.
229,TM,capitals[0].name,Ashgabat,"https://www.gov.br/mre/pt-br/arquivos/manual-de-redacao (23 July 2026); https://funag.gov.br/manual/index.php?title=Top%C3%B4nimos_e_gent%C3%ADlicos (revision 684, checked 7 October 2026)",Ashgabat,match,The source cell covers the complete capital list; spelling and shared role were checked separately.
229,TM,capitals[0].label,<absent>,"https://www.gov.br/mre/pt-br/arquivos/manual-de-redacao (23 July 2026); https://funag.gov.br/manual/index.php?title=Top%C3%B4nimos_e_gent%C3%ADlicos (revision 684, checked 7 October 2026)",<absent>,absence checked,No capital label is present in any locale for this location.
229,TM,wikipedia,https://pt.wikipedia.org/wiki/Turquemenistão,"https://www.wikidata.org/ ptwiki sitelink cache, refreshed 7 October 2026",https://pt.wikipedia.org/wiki/Turquemenistão,match,Article link only; never used as the naming authority.
230,TC,name,Ilhas Turks e Caicos,"https://www.gov.br/sped/pt-br/assuntos/escrituracoes-digitais/e-financeira/manuais-e-documento-tecnicos/tabelas-de-codigos/paises/@@download/file (Receita Federal e-Financeira territory table, modified 29 May 2026; checked 8 October 2026); https://www.iso.org/obp/ui/#iso:code:3166:TC (ISO 3166 Online Browsing Platform, maintained online; checked 8 October 2026)",Receita Federal: Ilhas Turks e Caicos,match,
230,TC,formal_name,<absent>,"https://www.gov.br/sped/pt-br/assuntos/escrituracoes-digitais/e-financeira/manuais-e-documento-tecnicos/tabelas-de-codigos/paises/@@download/file (Receita Federal e-Financeira territory table, modified 29 May 2026; checked 8 October 2026); https://www.iso.org/obp/ui/#iso:code:3166:TC (ISO 3166 Online Browsing Platform, maintained online; checked 8 October 2026)",No distinct pt-BR formal form in the checked Brazilian/ISO records,absence checked,A formal-name key is deliberately omitted rather than translated without a source.
230,TC,name_label,<absent>,"https://www.gov.br/sped/pt-br/assuntos/escrituracoes-digitais/e-financeira/manuais-e-documento-tecnicos/tabelas-de-codigos/paises/@@download/file (Receita Federal e-Financeira territory table, modified 29 May 2026; checked 8 October 2026); https://www.iso.org/obp/ui/#iso:code:3166:TC (ISO 3166 Online Browsing Platform, maintained online; checked 8 October 2026)",No alternative-name label in the checked Brazilian/ISO records,absence checked,Deliberate absence checked against the concrete fallback records.
230,TC,capitals[0].name,Cockburn Town,"https://www.gov.br/sped/pt-br/assuntos/escrituracoes-digitais/e-financeira/manuais-e-documento-tecnicos/tabelas-de-codigos/paises/@@download/file (Receita Federal e-Financeira territory table, modified 29 May 2026; checked 8 October 2026); https://www.iso.org/obp/ui/#iso:code:3166:TC (ISO 3166 Online Browsing Platform, maintained online; checked 8 October 2026); https://geonames.nga.mil/geonames/GNSHome/ (NGA Geographic Names Server, online; checked 8 October 2026)",Approved/local geographic-name form: Cockburn Town,match,
230,TC,capitals[0].label,<absent>,"https://www.gov.br/sped/pt-br/assuntos/escrituracoes-digitais/e-financeira/manuais-e-documento-tecnicos/tabelas-de-codigos/paises/@@download/file (Receita Federal e-Financeira territory table, modified 29 May 2026; checked 8 October 2026); https://www.iso.org/obp/ui/#iso:code:3166:TC (ISO 3166 Online Browsing Platform, maintained online; checked 8 October 2026)",No role qualifier in the checked naming records; shared role is generic capital,absence checked,No capital label is present in any locale for this generic shared role.
230,TC,wikipedia,https://pt.wikipedia.org/wiki/Ilhas_Turcas_e_Caicos,"https://www.wikidata.org/ ptwiki sitelink cache, refreshed 7 October 2026",https://pt.wikipedia.org/wiki/Ilhas_Turcas_e_Caicos,match,Article link only; never used as the naming authority.
231,TV,name,Tuvalu,"https://www.gov.br/mre/pt-br/arquivos/manual-de-redacao (23 July 2026); https://funag.gov.br/manual/index.php?title=Top%C3%B4nimos_e_gent%C3%ADlicos (revision 684, checked 7 October 2026)",Tuvalu,match,Deck-style transcription omits leading articles and pronunciation annotations.
231,TV,formal_name,<absent>,"https://www.gov.br/mre/pt-br/arquivos/manual-de-redacao (23 July 2026); https://funag.gov.br/manual/index.php?title=Top%C3%B4nimos_e_gent%C3%ADlicos (revision 684, checked 7 October 2026)",Tuvalu,absence checked,No established locale value in the audited source/fallback record.
231,TV,name_label,<absent>,"https://www.gov.br/mre/pt-br/arquivos/manual-de-redacao (23 July 2026); https://funag.gov.br/manual/index.php?title=Top%C3%B4nimos_e_gent%C3%ADlicos (revision 684, checked 7 October 2026)",<absent>,absence checked,No established locale value in the audited source/fallback record.
231,TV,capitals[0].name,Funafuti,"https://www.gov.br/mre/pt-br/arquivos/manual-de-redacao (23 July 2026); https://funag.gov.br/manual/index.php?title=Top%C3%B4nimos_e_gent%C3%ADlicos (revision 684, checked 7 October 2026)",Funafuti,match,The source cell covers the complete capital list; spelling and shared role were checked separately.
231,TV,capitals[0].label,<absent>,"https://www.gov.br/mre/pt-br/arquivos/manual-de-redacao (23 July 2026); https://funag.gov.br/manual/index.php?title=Top%C3%B4nimos_e_gent%C3%ADlicos (revision 684, checked 7 October 2026)",<absent>,absence checked,No capital label is present in any locale for this location.
231,TV,wikipedia,https://pt.wikipedia.org/wiki/Tuvalu,"https://www.wikidata.org/ ptwiki sitelink cache, refreshed 7 October 2026",https://pt.wikipedia.org/wiki/Tuvalu,match,Article link only; never used as the naming authority.
232,UG,name,Uganda,"https://www.gov.br/mre/pt-br/arquivos/manual-de-redacao (23 July 2026); https://funag.gov.br/manual/index.php?title=Top%C3%B4nimos_e_gent%C3%ADlicos (revision 684, checked 7 October 2026)",Uganda,match,Deck-style transcription omits leading articles and pronunciation annotations.
232,UG,formal_name,República de Uganda,"https://www.gov.br/mre/pt-br/arquivos/manual-de-redacao (23 July 2026); https://funag.gov.br/manual/index.php?title=Top%C3%B4nimos_e_gent%C3%ADlicos (revision 684, checked 7 October 2026)",a República de Uganda,match,Deck-style transcription omits leading articles and pronunciation annotations.
232,UG,name_label,<absent>,"https://www.gov.br/mre/pt-br/arquivos/manual-de-redacao (23 July 2026); https://funag.gov.br/manual/index.php?title=Top%C3%B4nimos_e_gent%C3%ADlicos (revision 684, checked 7 October 2026)",<absent>,absence checked,No established locale value in the audited source/fallback record.
232,UG,capitals[0].name,Kampala,"https://www.gov.br/mre/pt-br/arquivos/manual-de-redacao (23 July 2026); https://funag.gov.br/manual/index.php?title=Top%C3%B4nimos_e_gent%C3%ADlicos (revision 684, checked 7 October 2026)",Kampala,match,The source cell covers the complete capital list; spelling and shared role were checked separately.
232,UG,capitals[0].label,<absent>,"https://www.gov.br/mre/pt-br/arquivos/manual-de-redacao (23 July 2026); https://funag.gov.br/manual/index.php?title=Top%C3%B4nimos_e_gent%C3%ADlicos (revision 684, checked 7 October 2026)",<absent>,absence checked,No capital label is present in any locale for this location.
232,UG,wikipedia,https://pt.wikipedia.org/wiki/Uganda,"https://www.wikidata.org/ ptwiki sitelink cache, refreshed 7 October 2026",https://pt.wikipedia.org/wiki/Uganda,match,Article link only; never used as the naming authority.
233,UA,name,Ucrânia,"https://www.gov.br/mre/pt-br/arquivos/manual-de-redacao (23 July 2026); https://funag.gov.br/manual/index.php?title=Top%C3%B4nimos_e_gent%C3%ADlicos (revision 684, checked 7 October 2026)",a Ucrânia,match,Deck-style transcription omits leading articles and pronunciation annotations.
233,UA,formal_name,<absent>,"https://www.gov.br/mre/pt-br/arquivos/manual-de-redacao (23 July 2026); https://funag.gov.br/manual/index.php?title=Top%C3%B4nimos_e_gent%C3%ADlicos (revision 684, checked 7 October 2026)",a Ucrânia,absence checked,No established locale value in the audited source/fallback record.
233,UA,name_label,<absent>,"https://www.gov.br/mre/pt-br/arquivos/manual-de-redacao (23 July 2026); https://funag.gov.br/manual/index.php?title=Top%C3%B4nimos_e_gent%C3%ADlicos (revision 684, checked 7 October 2026)",<absent>,absence checked,No established locale value in the audited source/fallback record.
233,UA,capitals[0].name,Kiev / Kyiv,"https://www.gov.br/mre/pt-br/arquivos/manual-de-redacao (23 July 2026); https://funag.gov.br/manual/index.php?title=Top%C3%B4nimos_e_gent%C3%ADlicos (revision 684, checked 7 October 2026)",Kiev (Kyiv),deviation,COTW uses slash notation for alternatives.
233,UA,capitals[0].label,<absent>,"https://www.gov.br/mre/pt-br/arquivos/manual-de-redacao (23 July 2026); https://funag.gov.br/manual/index.php?title=Top%C3%B4nimos_e_gent%C3%ADlicos (revision 684, checked 7 October 2026)",<absent>,absence checked,No capital label is present in any locale for this location.
233,UA,wikipedia,https://pt.wikipedia.org/wiki/Ucrânia,"https://www.wikidata.org/ ptwiki sitelink cache, refreshed 7 October 2026",https://pt.wikipedia.org/wiki/Ucrânia,match,Article link only; never used as the naming authority.
234,AE,name,Emirados Árabes,"https://www.gov.br/mre/pt-br/arquivos/manual-de-redacao (23 July 2026); https://funag.gov.br/manual/index.php?title=Top%C3%B4nimos_e_gent%C3%ADlicos (revision 684, checked 7 October 2026)",os Emirados Árabes,match,Deck-style transcription omits leading articles and pronunciation annotations.
234,AE,formal_name,<absent>,"https://www.gov.br/mre/pt-br/arquivos/manual-de-redacao (23 July 2026); https://funag.gov.br/manual/index.php?title=Top%C3%B4nimos_e_gent%C3%ADlicos (revision 684, checked 7 October 2026)",os Emirados Árabes Unidos,absence checked,No established locale value in the audited source/fallback record.
234,AE,name_label,<absent>,"https://www.gov.br/mre/pt-br/arquivos/manual-de-redacao (23 July 2026); https://funag.gov.br/manual/index.php?title=Top%C3%B4nimos_e_gent%C3%ADlicos (revision 684, checked 7 October 2026)",<absent>,absence checked,No established locale value in the audited source/fallback record.
234,AE,capitals[0].name,Abu Dhabi,"https://www.gov.br/mre/pt-br/arquivos/manual-de-redacao (23 July 2026); https://funag.gov.br/manual/index.php?title=Top%C3%B4nimos_e_gent%C3%ADlicos (revision 684, checked 7 October 2026)",Abu Dhabi,match,The source cell covers the complete capital list; spelling and shared role were checked separately.
234,AE,capitals[0].label,<absent>,"https://www.gov.br/mre/pt-br/arquivos/manual-de-redacao (23 July 2026); https://funag.gov.br/manual/index.php?title=Top%C3%B4nimos_e_gent%C3%ADlicos (revision 684, checked 7 October 2026)",<absent>,absence checked,No capital label is present in any locale for this location.
234,AE,wikipedia,https://pt.wikipedia.org/wiki/Emirados_Árabes_Unidos,"https://www.wikidata.org/ ptwiki sitelink cache, refreshed 7 October 2026",https://pt.wikipedia.org/wiki/Emirados_Árabes_Unidos,match,Article link only; never used as the naming authority.
235,GB,name,Reino Unido,"https://www.gov.br/mre/pt-br/arquivos/manual-de-redacao (23 July 2026); https://funag.gov.br/manual/index.php?title=Top%C3%B4nimos_e_gent%C3%ADlicos (revision 684, checked 7 October 2026)",o Reino Unido,match,Deck-style transcription omits leading articles and pronunciation annotations.
235,GB,formal_name,Reino Unido da Grã-Bretanha e Irlanda do Norte,"https://www.gov.br/mre/pt-br/arquivos/manual-de-redacao (23 July 2026); https://funag.gov.br/manual/index.php?title=Top%C3%B4nimos_e_gent%C3%ADlicos (revision 684, checked 7 October 2026)",o Reino Unido da Grã-Bretanha e Irlanda do Norte,match,Deck-style transcription omits leading articles and pronunciation annotations.
235,GB,name_label,<absent>,"https://www.gov.br/mre/pt-br/arquivos/manual-de-redacao (23 July 2026); https://funag.gov.br/manual/index.php?title=Top%C3%B4nimos_e_gent%C3%ADlicos (revision 684, checked 7 October 2026)",<absent>,absence checked,No established locale value in the audited source/fallback record.
235,GB,capitals[0].name,Londres,"https://www.gov.br/mre/pt-br/arquivos/manual-de-redacao (23 July 2026); https://funag.gov.br/manual/index.php?title=Top%C3%B4nimos_e_gent%C3%ADlicos (revision 684, checked 7 October 2026)",Londres,match,The source cell covers the complete capital list; spelling and shared role were checked separately.
235,GB,capitals[0].label,<absent>,"https://www.gov.br/mre/pt-br/arquivos/manual-de-redacao (23 July 2026); https://funag.gov.br/manual/index.php?title=Top%C3%B4nimos_e_gent%C3%ADlicos (revision 684, checked 7 October 2026)",<absent>,absence checked,No capital label is present in any locale for this location.
235,GB,wikipedia,https://pt.wikipedia.org/wiki/Reino_Unido,"https://www.wikidata.org/ ptwiki sitelink cache, refreshed 7 October 2026",https://pt.wikipedia.org/wiki/Reino_Unido,match,Article link only; never used as the naming authority.
236,VI,name,Ilhas Virgens (Estados Unidos),"https://www.gov.br/sped/pt-br/assuntos/escrituracoes-digitais/e-financeira/manuais-e-documento-tecnicos/tabelas-de-codigos/paises/@@download/file (Receita Federal e-Financeira territory table, modified 29 May 2026; checked 8 October 2026); https://www.iso.org/obp/ui/#iso:code:3166:VI (ISO 3166 Online Browsing Platform, maintained online; checked 8 October 2026)",Receita Federal: Ilhas Virgens (Estados Unidos),match,Adopted the cited Brazilian fallback form exactly.
236,VI,formal_name,<absent>,"https://www.gov.br/sped/pt-br/assuntos/escrituracoes-digitais/e-financeira/manuais-e-documento-tecnicos/tabelas-de-codigos/paises/@@download/file (Receita Federal e-Financeira territory table, modified 29 May 2026; checked 8 October 2026); https://www.iso.org/obp/ui/#iso:code:3166:VI (ISO 3166 Online Browsing Platform, maintained online; checked 8 October 2026)",No distinct pt-BR formal form in the checked Brazilian/ISO records,absence checked,A formal-name key is deliberately omitted rather than translated without a source.
236,VI,name_label,<absent>,"https://www.gov.br/sped/pt-br/assuntos/escrituracoes-digitais/e-financeira/manuais-e-documento-tecnicos/tabelas-de-codigos/paises/@@download/file (Receita Federal e-Financeira territory table, modified 29 May 2026; checked 8 October 2026); https://www.iso.org/obp/ui/#iso:code:3166:VI (ISO 3166 Online Browsing Platform, maintained online; checked 8 October 2026)",No alternative-name label in the checked Brazilian/ISO records,absence checked,Deliberate absence checked against the concrete fallback records.
236,VI,capitals[0].name,Charlotte Amalie,"https://www.gov.br/sped/pt-br/assuntos/escrituracoes-digitais/e-financeira/manuais-e-documento-tecnicos/tabelas-de-codigos/paises/@@download/file (Receita Federal e-Financeira territory table, modified 29 May 2026; checked 8 October 2026); https://www.iso.org/obp/ui/#iso:code:3166:VI (ISO 3166 Online Browsing Platform, maintained online; checked 8 October 2026); https://edits.nationalmap.gov/apps/gaz-domestic/public/search/names (USGS GNIS, online; checked 8 October 2026)",Approved/local geographic-name form: Charlotte Amalie,match,
236,VI,capitals[0].label,<absent>,"https://www.gov.br/sped/pt-br/assuntos/escrituracoes-digitais/e-financeira/manuais-e-documento-tecnicos/tabelas-de-codigos/paises/@@download/file (Receita Federal e-Financeira territory table, modified 29 May 2026; checked 8 October 2026); https://www.iso.org/obp/ui/#iso:code:3166:VI (ISO 3166 Online Browsing Platform, maintained online; checked 8 October 2026)",No role qualifier in the checked naming records; shared role is generic capital,absence checked,No capital label is present in any locale for this generic shared role.
236,VI,wikipedia,https://pt.wikipedia.org/wiki/Ilhas_Virgens_Americanas,"https://www.wikidata.org/ ptwiki sitelink cache, refreshed 7 October 2026",https://pt.wikipedia.org/wiki/Ilhas_Virgens_Americanas,match,Article link only; never used as the naming authority.
237,US,name,Estados Unidos / EUA,"https://www.gov.br/mre/pt-br/arquivos/manual-de-redacao (23 July 2026); https://funag.gov.br/manual/index.php?title=Top%C3%B4nimos_e_gent%C3%ADlicos (revision 684, checked 7 October 2026)",os Estados Unidos ou os EUA,match,Deck-style transcription omits leading articles and pronunciation annotations.
237,US,formal_name,Estados Unidos da América,"https://www.gov.br/mre/pt-br/arquivos/manual-de-redacao (23 July 2026); https://funag.gov.br/manual/index.php?title=Top%C3%B4nimos_e_gent%C3%ADlicos (revision 684, checked 7 October 2026)",os Estados Unidos da América,match,Deck-style transcription omits leading articles and pronunciation annotations.
237,US,name_label,<absent>,"https://www.gov.br/mre/pt-br/arquivos/manual-de-redacao (23 July 2026); https://funag.gov.br/manual/index.php?title=Top%C3%B4nimos_e_gent%C3%ADlicos (revision 684, checked 7 October 2026)",<absent>,absence checked,No established locale value in the audited source/fallback record.
237,US,capitals[0].name,Washington,"https://www.gov.br/mre/pt-br/arquivos/manual-de-redacao (23 July 2026); https://funag.gov.br/manual/index.php?title=Top%C3%B4nimos_e_gent%C3%ADlicos (revision 684, checked 7 October 2026)",Washington,match,The source cell covers the complete capital list; spelling and shared role were checked separately.
237,US,capitals[0].label,<absent>,"https://www.gov.br/mre/pt-br/arquivos/manual-de-redacao (23 July 2026); https://funag.gov.br/manual/index.php?title=Top%C3%B4nimos_e_gent%C3%ADlicos (revision 684, checked 7 October 2026)",<absent>,absence checked,No capital label is present in any locale for this location.
237,US,wikipedia,https://pt.wikipedia.org/wiki/Estados_Unidos,"https://www.wikidata.org/ ptwiki sitelink cache, refreshed 7 October 2026",https://pt.wikipedia.org/wiki/Estados_Unidos,match,Article link only; never used as the naming authority.
238,UY,name,Uruguai,"https://www.gov.br/mre/pt-br/arquivos/manual-de-redacao (23 July 2026); https://funag.gov.br/manual/index.php?title=Top%C3%B4nimos_e_gent%C3%ADlicos (revision 684, checked 7 October 2026)",o Uruguai,match,Deck-style transcription omits leading articles and pronunciation annotations.
238,UY,formal_name,República Oriental do Uruguai,"https://www.gov.br/mre/pt-br/arquivos/manual-de-redacao (23 July 2026); https://funag.gov.br/manual/index.php?title=Top%C3%B4nimos_e_gent%C3%ADlicos (revision 684, checked 7 October 2026)",a República Oriental do Uruguai,match,Deck-style transcription omits leading articles and pronunciation annotations.
238,UY,name_label,<absent>,"https://www.gov.br/mre/pt-br/arquivos/manual-de-redacao (23 July 2026); https://funag.gov.br/manual/index.php?title=Top%C3%B4nimos_e_gent%C3%ADlicos (revision 684, checked 7 October 2026)",<absent>,absence checked,No established locale value in the audited source/fallback record.
238,UY,capitals[0].name,Montevidéu,"https://www.gov.br/mre/pt-br/arquivos/manual-de-redacao (23 July 2026); https://funag.gov.br/manual/index.php?title=Top%C3%B4nimos_e_gent%C3%ADlicos (revision 684, checked 7 October 2026)",Montevidéu,match,The source cell covers the complete capital list; spelling and shared role were checked separately.
238,UY,capitals[0].label,<absent>,"https://www.gov.br/mre/pt-br/arquivos/manual-de-redacao (23 July 2026); https://funag.gov.br/manual/index.php?title=Top%C3%B4nimos_e_gent%C3%ADlicos (revision 684, checked 7 October 2026)",<absent>,absence checked,No capital label is present in any locale for this location.
238,UY,wikipedia,https://pt.wikipedia.org/wiki/Uruguai,"https://www.wikidata.org/ ptwiki sitelink cache, refreshed 7 October 2026",https://pt.wikipedia.org/wiki/Uruguai,match,Article link only; never used as the naming authority.
239,UZ,name,Uzbequistão,"https://www.gov.br/mre/pt-br/arquivos/manual-de-redacao (23 July 2026); https://funag.gov.br/manual/index.php?title=Top%C3%B4nimos_e_gent%C3%ADlicos (revision 684, checked 7 October 2026)",o Uzbequistão,match,Deck-style transcription omits leading articles and pronunciation annotations.
239,UZ,formal_name,República do Uzbequistão,"https://www.gov.br/mre/pt-br/arquivos/manual-de-redacao (23 July 2026); https://funag.gov.br/manual/index.php?title=Top%C3%B4nimos_e_gent%C3%ADlicos (revision 684, checked 7 October 2026)",a República do Uzbequistão,match,Deck-style transcription omits leading articles and pronunciation annotations.
239,UZ,name_label,<absent>,"https://www.gov.br/mre/pt-br/arquivos/manual-de-redacao (23 July 2026); https://funag.gov.br/manual/index.php?title=Top%C3%B4nimos_e_gent%C3%ADlicos (revision 684, checked 7 October 2026)",<absent>,absence checked,No established locale value in the audited source/fallback record.
239,UZ,capitals[0].name,Tashkent,"https://www.gov.br/mre/pt-br/arquivos/manual-de-redacao (23 July 2026); https://funag.gov.br/manual/index.php?title=Top%C3%B4nimos_e_gent%C3%ADlicos (revision 684, checked 7 October 2026)",Tashkent,match,The source cell covers the complete capital list; spelling and shared role were checked separately.
239,UZ,capitals[0].label,<absent>,"https://www.gov.br/mre/pt-br/arquivos/manual-de-redacao (23 July 2026); https://funag.gov.br/manual/index.php?title=Top%C3%B4nimos_e_gent%C3%ADlicos (revision 684, checked 7 October 2026)",<absent>,absence checked,No capital label is present in any locale for this location.
239,UZ,wikipedia,https://pt.wikipedia.org/wiki/Usbequistão,"https://www.wikidata.org/ ptwiki sitelink cache, refreshed 7 October 2026",https://pt.wikipedia.org/wiki/Usbequistão,match,Article link only; never used as the naming authority.
240,VU,name,Vanuatu,"https://www.gov.br/mre/pt-br/arquivos/manual-de-redacao (23 July 2026); https://funag.gov.br/manual/index.php?title=Top%C3%B4nimos_e_gent%C3%ADlicos (revision 684, checked 7 October 2026)",Vanuatu,match,Deck-style transcription omits leading articles and pronunciation annotations.
240,VU,formal_name,República de Vanuatu,"https://www.gov.br/mre/pt-br/arquivos/manual-de-redacao (23 July 2026); https://funag.gov.br/manual/index.php?title=Top%C3%B4nimos_e_gent%C3%ADlicos (revision 684, checked 7 October 2026)",a República de Vanuatu,match,Deck-style transcription omits leading articles and pronunciation annotations.
240,VU,name_label,<absent>,"https://www.gov.br/mre/pt-br/arquivos/manual-de-redacao (23 July 2026); https://funag.gov.br/manual/index.php?title=Top%C3%B4nimos_e_gent%C3%ADlicos (revision 684, checked 7 October 2026)",<absent>,absence checked,No established locale value in the audited source/fallback record.
240,VU,capitals[0].name,Port Vila,"https://www.gov.br/mre/pt-br/arquivos/manual-de-redacao (23 July 2026); https://funag.gov.br/manual/index.php?title=Top%C3%B4nimos_e_gent%C3%ADlicos (revision 684, checked 7 October 2026)",Port Vila,match,The source cell covers the complete capital list; spelling and shared role were checked separately.
240,VU,capitals[0].label,<absent>,"https://www.gov.br/mre/pt-br/arquivos/manual-de-redacao (23 July 2026); https://funag.gov.br/manual/index.php?title=Top%C3%B4nimos_e_gent%C3%ADlicos (revision 684, checked 7 October 2026)",<absent>,absence checked,No capital label is present in any locale for this location.
240,VU,wikipedia,https://pt.wikipedia.org/wiki/Vanuatu,"https://www.wikidata.org/ ptwiki sitelink cache, refreshed 7 October 2026",https://pt.wikipedia.org/wiki/Vanuatu,match,Article link only; never used as the naming authority.
241,VE,name,Venezuela,"https://www.gov.br/mre/pt-br/arquivos/manual-de-redacao (23 July 2026); https://funag.gov.br/manual/index.php?title=Top%C3%B4nimos_e_gent%C3%ADlicos (revision 684, checked 7 October 2026)",a Venezuela,match,Deck-style transcription omits leading articles and pronunciation annotations.
241,VE,formal_name,República Bolivariana da Venezuela,"https://www.gov.br/mre/pt-br/arquivos/manual-de-redacao (23 July 2026); https://funag.gov.br/manual/index.php?title=Top%C3%B4nimos_e_gent%C3%ADlicos (revision 684, checked 7 October 2026)",a República Bolivariana da Venezuela,match,Deck-style transcription omits leading articles and pronunciation annotations.
241,VE,name_label,<absent>,"https://www.gov.br/mre/pt-br/arquivos/manual-de-redacao (23 July 2026); https://funag.gov.br/manual/index.php?title=Top%C3%B4nimos_e_gent%C3%ADlicos (revision 684, checked 7 October 2026)",<absent>,absence checked,No established locale value in the audited source/fallback record.
241,VE,capitals[0].name,Caracas,"https://www.gov.br/mre/pt-br/arquivos/manual-de-redacao (23 July 2026); https://funag.gov.br/manual/index.php?title=Top%C3%B4nimos_e_gent%C3%ADlicos (revision 684, checked 7 October 2026)",Caracas,match,The source cell covers the complete capital list; spelling and shared role were checked separately.
241,VE,capitals[0].label,<absent>,"https://www.gov.br/mre/pt-br/arquivos/manual-de-redacao (23 July 2026); https://funag.gov.br/manual/index.php?title=Top%C3%B4nimos_e_gent%C3%ADlicos (revision 684, checked 7 October 2026)",<absent>,absence checked,No capital label is present in any locale for this location.
241,VE,wikipedia,https://pt.wikipedia.org/wiki/Venezuela,"https://www.wikidata.org/ ptwiki sitelink cache, refreshed 7 October 2026",https://pt.wikipedia.org/wiki/Venezuela,match,Article link only; never used as the naming authority.
242,VN,name,Vietnã,"https://www.gov.br/mre/pt-br/arquivos/manual-de-redacao (23 July 2026); https://funag.gov.br/manual/index.php?title=Top%C3%B4nimos_e_gent%C3%ADlicos (revision 684, checked 7 October 2026)",o Vietnã,match,Deck-style transcription omits leading articles and pronunciation annotations.
242,VN,formal_name,República Socialista do Vietnã,"https://www.gov.br/mre/pt-br/arquivos/manual-de-redacao (23 July 2026); https://funag.gov.br/manual/index.php?title=Top%C3%B4nimos_e_gent%C3%ADlicos (revision 684, checked 7 October 2026)",a República Socialista do Vietnã,match,Deck-style transcription omits leading articles and pronunciation annotations.
242,VN,name_label,<absent>,"https://www.gov.br/mre/pt-br/arquivos/manual-de-redacao (23 July 2026); https://funag.gov.br/manual/index.php?title=Top%C3%B4nimos_e_gent%C3%ADlicos (revision 684, checked 7 October 2026)",<absent>,absence checked,No established locale value in the audited source/fallback record.
242,VN,capitals[0].name,Hanói,"https://www.gov.br/mre/pt-br/arquivos/manual-de-redacao (23 July 2026); https://funag.gov.br/manual/index.php?title=Top%C3%B4nimos_e_gent%C3%ADlicos (revision 684, checked 7 October 2026)",Hanói,match,The source cell covers the complete capital list; spelling and shared role were checked separately.
242,VN,capitals[0].label,<absent>,"https://www.gov.br/mre/pt-br/arquivos/manual-de-redacao (23 July 2026); https://funag.gov.br/manual/index.php?title=Top%C3%B4nimos_e_gent%C3%ADlicos (revision 684, checked 7 October 2026)",<absent>,absence checked,No capital label is present in any locale for this location.
242,VN,wikipedia,https://pt.wikipedia.org/wiki/Vietnã,"https://www.wikidata.org/ ptwiki sitelink cache, refreshed 7 October 2026",https://pt.wikipedia.org/wiki/Vietnã,match,Article link only; never used as the naming authority.
243,VG,name,Ilhas Virgens (Inglaterra),"https://www.gov.br/sped/pt-br/assuntos/escrituracoes-digitais/e-financeira/manuais-e-documento-tecnicos/tabelas-de-codigos/paises/@@download/file (Receita Federal e-Financeira territory table, modified 29 May 2026; checked 8 October 2026); https://www.iso.org/obp/ui/#iso:code:3166:VG (ISO 3166 Online Browsing Platform, maintained online; checked 8 October 2026)",Receita Federal: Ilhas Virgens (Inglaterra),match,Adopted the cited Brazilian fallback form exactly.
243,VG,formal_name,<absent>,"https://www.gov.br/sped/pt-br/assuntos/escrituracoes-digitais/e-financeira/manuais-e-documento-tecnicos/tabelas-de-codigos/paises/@@download/file (Receita Federal e-Financeira territory table, modified 29 May 2026; checked 8 October 2026); https://www.iso.org/obp/ui/#iso:code:3166:VG (ISO 3166 Online Browsing Platform, maintained online; checked 8 October 2026)",No distinct pt-BR formal form in the checked Brazilian/ISO records,absence checked,A formal-name key is deliberately omitted rather than translated without a source.
243,VG,name_label,<absent>,"https://www.gov.br/sped/pt-br/assuntos/escrituracoes-digitais/e-financeira/manuais-e-documento-tecnicos/tabelas-de-codigos/paises/@@download/file (Receita Federal e-Financeira territory table, modified 29 May 2026; checked 8 October 2026); https://www.iso.org/obp/ui/#iso:code:3166:VG (ISO 3166 Online Browsing Platform, maintained online; checked 8 October 2026)",No alternative-name label in the checked Brazilian/ISO records,absence checked,Deliberate absence checked against the concrete fallback records.
243,VG,capitals[0].name,Road Town,"https://www.gov.br/sped/pt-br/assuntos/escrituracoes-digitais/e-financeira/manuais-e-documento-tecnicos/tabelas-de-codigos/paises/@@download/file (Receita Federal e-Financeira territory table, modified 29 May 2026; checked 8 October 2026); https://www.iso.org/obp/ui/#iso:code:3166:VG (ISO 3166 Online Browsing Platform, maintained online; checked 8 October 2026); https://geonames.nga.mil/geonames/GNSHome/ (NGA Geographic Names Server, online; checked 8 October 2026)",Approved/local geographic-name form: Road Town,match,
243,VG,capitals[0].label,<absent>,"https://www.gov.br/sped/pt-br/assuntos/escrituracoes-digitais/e-financeira/manuais-e-documento-tecnicos/tabelas-de-codigos/paises/@@download/file (Receita Federal e-Financeira territory table, modified 29 May 2026; checked 8 October 2026); https://www.iso.org/obp/ui/#iso:code:3166:VG (ISO 3166 Online Browsing Platform, maintained online; checked 8 October 2026)",No role qualifier in the checked naming records; shared role is generic capital,absence checked,No capital label is present in any locale for this generic shared role.
243,VG,wikipedia,https://pt.wikipedia.org/wiki/Ilhas_Virgens_Britânicas,"https://www.wikidata.org/ ptwiki sitelink cache, refreshed 7 October 2026",https://pt.wikipedia.org/wiki/Ilhas_Virgens_Britânicas,match,Article link only; never used as the naming authority.
244,WF,name,Wallis e Futuna,"https://funag.gov.br/manual/index.php?title=Top%C3%B4nimos_e_gent%C3%ADlicos (official FUNAG reproduction, revision 684; checked 8 October 2026); https://www.gov.br/sped/pt-br/assuntos/escrituracoes-digitais/e-financeira/manuais-e-documento-tecnicos/tabelas-de-codigos/paises/@@download/file (Receita Federal e-Financeira territory table, modified 29 May 2026; checked 8 October 2026); https://www.iso.org/obp/ui/#iso:code:3166:WF (ISO 3166 Online Browsing Platform, maintained online; checked 8 October 2026)",Receita Federal: Ilhas Wallis e Futuna; FUNAG: Wallis e Futuna,deviation,"Receita records “Ilhas Wallis e Futuna”; COTW keeps the fully reviewed pt-BR display form, with the precise difference documented in docs/data-changes.md."
244,WF,formal_name,<absent>,"https://www.gov.br/sped/pt-br/assuntos/escrituracoes-digitais/e-financeira/manuais-e-documento-tecnicos/tabelas-de-codigos/paises/@@download/file (Receita Federal e-Financeira territory table, modified 29 May 2026; checked 8 October 2026); https://www.iso.org/obp/ui/#iso:code:3166:WF (ISO 3166 Online Browsing Platform, maintained online; checked 8 October 2026)",No established pt-BR formal form in the checked Brazilian/constitutional records,absence checked,The unsourced translation is deliberately omitted; another locale’s formal name is never used as fallback.
244,WF,name_label,<absent>,"https://www.gov.br/sped/pt-br/assuntos/escrituracoes-digitais/e-financeira/manuais-e-documento-tecnicos/tabelas-de-codigos/paises/@@download/file (Receita Federal e-Financeira territory table, modified 29 May 2026; checked 8 October 2026); https://www.iso.org/obp/ui/#iso:code:3166:WF (ISO 3166 Online Browsing Platform, maintained online; checked 8 October 2026)",No alternative-name label in the checked Brazilian/ISO records,absence checked,Deliberate absence checked against the concrete fallback records.
244,WF,capitals[0].name,Mata-Utu,"https://www.gov.br/sped/pt-br/assuntos/escrituracoes-digitais/e-financeira/manuais-e-documento-tecnicos/tabelas-de-codigos/paises/@@download/file (Receita Federal e-Financeira territory table, modified 29 May 2026; checked 8 October 2026); https://www.iso.org/obp/ui/#iso:code:3166:WF (ISO 3166 Online Browsing Platform, maintained online; checked 8 October 2026); https://geonames.nga.mil/geonames/GNSHome/ (NGA Geographic Names Server, online; checked 8 October 2026)",Approved/local geographic-name form: Mata-Utu,match,
244,WF,capitals[0].label,<absent>,"https://www.gov.br/sped/pt-br/assuntos/escrituracoes-digitais/e-financeira/manuais-e-documento-tecnicos/tabelas-de-codigos/paises/@@download/file (Receita Federal e-Financeira territory table, modified 29 May 2026; checked 8 October 2026); https://www.iso.org/obp/ui/#iso:code:3166:WF (ISO 3166 Online Browsing Platform, maintained online; checked 8 October 2026)",No role qualifier in the checked naming records; shared role is generic capital,absence checked,No capital label is present in any locale for this generic shared role.
244,WF,wikipedia,https://pt.wikipedia.org/wiki/Wallis_e_Futuna,"https://www.wikidata.org/ ptwiki sitelink cache, refreshed 7 October 2026",https://pt.wikipedia.org/wiki/Wallis_e_Futuna,match,Article link only; never used as the naming authority.
245,EH,name,Saara Ocidental / República Saaraui,"https://www.gov.br/sped/pt-br/assuntos/escrituracoes-digitais/e-financeira/manuais-e-documento-tecnicos/tabelas-de-codigos/paises/@@download/file (Receita Federal e-Financeira territory table, modified 29 May 2026; checked 8 October 2026); https://www.iso.org/obp/ui/#iso:code:3166:EH (ISO 3166 Online Browsing Platform, maintained online; checked 8 October 2026); https://imagem.camara.gov.br/Imagem/d/pdf/DCD24MAI1985.pdf (Brazilian Chamber record of República Árabe Saaraui Democrática); https://www.arso.org/03-const.99.htm (Sahrawi constitution, article 4; checked 8 October 2026)",Receita Federal: Saara Ocidental (Ex-Spanish Sahara); Brazilian Chamber: República Árabe Saaraui Democrática,match,The two concrete records support the combined short and alternative display forms.
245,EH,formal_name,República Árabe Saaraui Democrática,"https://www.gov.br/sped/pt-br/assuntos/escrituracoes-digitais/e-financeira/manuais-e-documento-tecnicos/tabelas-de-codigos/paises/@@download/file (Receita Federal e-Financeira territory table, modified 29 May 2026; checked 8 October 2026); https://www.iso.org/obp/ui/#iso:code:3166:EH (ISO 3166 Online Browsing Platform, maintained online; checked 8 October 2026); https://imagem.camara.gov.br/Imagem/d/pdf/DCD24MAI1985.pdf (Brazilian Chamber record of República Árabe Saaraui Democrática); https://www.arso.org/03-const.99.htm (Sahrawi constitution, article 4; checked 8 October 2026)",Brazilian Chamber: República Árabe Saaraui Democrática,match,The Brazilian parliamentary record supplies the exact pt-BR formal name.
245,EH,name_label,<absent>,"https://www.gov.br/sped/pt-br/assuntos/escrituracoes-digitais/e-financeira/manuais-e-documento-tecnicos/tabelas-de-codigos/paises/@@download/file (Receita Federal e-Financeira territory table, modified 29 May 2026; checked 8 October 2026); https://www.iso.org/obp/ui/#iso:code:3166:EH (ISO 3166 Online Browsing Platform, maintained online; checked 8 October 2026); https://imagem.camara.gov.br/Imagem/d/pdf/DCD24MAI1985.pdf (Brazilian Chamber record of República Árabe Saaraui Democrática); https://www.arso.org/03-const.99.htm (Sahrawi constitution, article 4; checked 8 October 2026)",No alternative-name label in the checked Brazilian/ISO records,absence checked,Deliberate absence checked against the concrete fallback records.
245,EH,capitals[0].name,El Aaiún,"https://www.gov.br/sped/pt-br/assuntos/escrituracoes-digitais/e-financeira/manuais-e-documento-tecnicos/tabelas-de-codigos/paises/@@download/file (Receita Federal e-Financeira territory table, modified 29 May 2026; checked 8 October 2026); https://www.iso.org/obp/ui/#iso:code:3166:EH (ISO 3166 Online Browsing Platform, maintained online; checked 8 October 2026); https://imagem.camara.gov.br/Imagem/d/pdf/DCD24MAI1985.pdf (Brazilian Chamber record of República Árabe Saaraui Democrática); https://www.arso.org/03-const.99.htm (Sahrawi constitution, article 4; checked 8 October 2026); https://geonames.nga.mil/geonames/GNSHome/ (NGA Geographic Names Server, online; checked 8 October 2026)",Sahrawi constitution: El Aaiun; approved geographic-name form: El Aaiún,match,The constitutional and geographic-name records support the adopted place name.
245,EH,capitals[0].label,segundo a Constituição,"https://www.gov.br/sped/pt-br/assuntos/escrituracoes-digitais/e-financeira/manuais-e-documento-tecnicos/tabelas-de-codigos/paises/@@download/file (Receita Federal e-Financeira territory table, modified 29 May 2026; checked 8 October 2026); https://www.iso.org/obp/ui/#iso:code:3166:EH (ISO 3166 Online Browsing Platform, maintained online; checked 8 October 2026); https://imagem.camara.gov.br/Imagem/d/pdf/DCD24MAI1985.pdf (Brazilian Chamber record of República Árabe Saaraui Democrática); https://www.arso.org/03-const.99.htm (Sahrawi constitution, article 4; checked 8 October 2026)",Verified shared role; pt-BR label: segundo a Constituição,match,The source establishes the shared fact; the label is its pt-BR translation.
245,EH,wikipedia,https://pt.wikipedia.org/wiki/Saara_Ocidental,"https://www.wikidata.org/ ptwiki sitelink cache, refreshed 7 October 2026",https://pt.wikipedia.org/wiki/Saara_Ocidental,match,Article link only; never used as the naming authority.
246,YE,name,Iêmen,"https://www.gov.br/mre/pt-br/arquivos/manual-de-redacao (23 July 2026); https://funag.gov.br/manual/index.php?title=Top%C3%B4nimos_e_gent%C3%ADlicos (revision 684, checked 7 October 2026)",o Iêmen,match,Deck-style transcription omits leading articles and pronunciation annotations.
246,YE,formal_name,República do Iêmen,"https://www.gov.br/mre/pt-br/arquivos/manual-de-redacao (23 July 2026); https://funag.gov.br/manual/index.php?title=Top%C3%B4nimos_e_gent%C3%ADlicos (revision 684, checked 7 October 2026)",a República do Iêmen,match,Deck-style transcription omits leading articles and pronunciation annotations.
246,YE,name_label,<absent>,"https://www.gov.br/mre/pt-br/arquivos/manual-de-redacao (23 July 2026); https://funag.gov.br/manual/index.php?title=Top%C3%B4nimos_e_gent%C3%ADlicos (revision 684, checked 7 October 2026)",<absent>,absence checked,No established locale value in the audited source/fallback record.
246,YE,capitals[0].name,Sanaa,"https://www.gov.br/mre/pt-br/arquivos/manual-de-redacao (23 July 2026); https://funag.gov.br/manual/index.php?title=Top%C3%B4nimos_e_gent%C3%ADlicos (revision 684, checked 7 October 2026)",Sanaa,match,The source cell covers the complete capital list; spelling and shared role were checked separately.
246,YE,capitals[0].label,capital,"https://www.gov.br/mre/pt-br/arquivos/manual-de-redacao (23 July 2026); https://funag.gov.br/manual/index.php?title=Top%C3%B4nimos_e_gent%C3%ADlicos (revision 684, checked 7 October 2026)",Sanaa,match,The source cell covers the complete capital list; spelling and shared role were checked separately.
246,YE,capitals[1].name,Áden,"https://www.gov.br/mre/pt-br/arquivos/manual-de-redacao (23 July 2026); https://funag.gov.br/manual/index.php?title=Top%C3%B4nimos_e_gent%C3%ADlicos (revision 684, checked 7 October 2026)",—,deviation,Shared second government seat retained; absent from the primary table.
246,YE,capitals[1].label,sede do governo,"https://www.gov.br/mre/pt-br/arquivos/manual-de-redacao (23 July 2026); https://funag.gov.br/manual/index.php?title=Top%C3%B4nimos_e_gent%C3%ADlicos (revision 684, checked 7 October 2026)",—,deviation,Shared second government seat retained; absent from the primary table.
246,YE,wikipedia,https://pt.wikipedia.org/wiki/Iémen,"https://www.wikidata.org/ ptwiki sitelink cache, refreshed 7 October 2026",https://pt.wikipedia.org/wiki/Iémen,match,Article link only; never used as the naming authority.
247,ZM,name,Zâmbia,"https://www.gov.br/mre/pt-br/arquivos/manual-de-redacao (23 July 2026); https://funag.gov.br/manual/index.php?title=Top%C3%B4nimos_e_gent%C3%ADlicos (revision 684, checked 7 October 2026)",a Zâmbia,match,Deck-style transcription omits leading articles and pronunciation annotations.
247,ZM,formal_name,República da Zâmbia,"https://www.gov.br/mre/pt-br/arquivos/manual-de-redacao (23 July 2026); https://funag.gov.br/manual/index.php?title=Top%C3%B4nimos_e_gent%C3%ADlicos (revision 684, checked 7 October 2026)",a República da Zâmbia,match,Deck-style transcription omits leading articles and pronunciation annotations.
247,ZM,name_label,<absent>,"https://www.gov.br/mre/pt-br/arquivos/manual-de-redacao (23 July 2026); https://funag.gov.br/manual/index.php?title=Top%C3%B4nimos_e_gent%C3%ADlicos (revision 684, checked 7 October 2026)",<absent>,absence checked,No established locale value in the audited source/fallback record.
247,ZM,capitals[0].name,Lusaca,"https://www.gov.br/mre/pt-br/arquivos/manual-de-redacao (23 July 2026); https://funag.gov.br/manual/index.php?title=Top%C3%B4nimos_e_gent%C3%ADlicos (revision 684, checked 7 October 2026)",Lusaca,match,The source cell covers the complete capital list; spelling and shared role were checked separately.
247,ZM,capitals[0].label,<absent>,"https://www.gov.br/mre/pt-br/arquivos/manual-de-redacao (23 July 2026); https://funag.gov.br/manual/index.php?title=Top%C3%B4nimos_e_gent%C3%ADlicos (revision 684, checked 7 October 2026)",<absent>,absence checked,No capital label is present in any locale for this location.
247,ZM,wikipedia,https://pt.wikipedia.org/wiki/Zâmbia,"https://www.wikidata.org/ ptwiki sitelink cache, refreshed 7 October 2026",https://pt.wikipedia.org/wiki/Zâmbia,match,Article link only; never used as the naming authority.
248,ZW,name,Zimbábue,"https://www.gov.br/mre/pt-br/arquivos/manual-de-redacao (23 July 2026); https://funag.gov.br/manual/index.php?title=Top%C3%B4nimos_e_gent%C3%ADlicos (revision 684, checked 7 October 2026)",o Zimbábue,match,Deck-style transcription omits leading articles and pronunciation annotations.
248,ZW,formal_name,República do Zimbábue,"https://www.gov.br/mre/pt-br/arquivos/manual-de-redacao (23 July 2026); https://funag.gov.br/manual/index.php?title=Top%C3%B4nimos_e_gent%C3%ADlicos (revision 684, checked 7 October 2026)",a República do Zimbábue,match,Deck-style transcription omits leading articles and pronunciation annotations.
248,ZW,name_label,<absent>,"https://www.gov.br/mre/pt-br/arquivos/manual-de-redacao (23 July 2026); https://funag.gov.br/manual/index.php?title=Top%C3%B4nimos_e_gent%C3%ADlicos (revision 684, checked 7 October 2026)",<absent>,absence checked,No established locale value in the audited source/fallback record.
248,ZW,capitals[0].name,Harare,"https://www.gov.br/mre/pt-br/arquivos/manual-de-redacao (23 July 2026); https://funag.gov.br/manual/index.php?title=Top%C3%B4nimos_e_gent%C3%ADlicos (revision 684, checked 7 October 2026)",Harare,match,The source cell covers the complete capital list; spelling and shared role were checked separately.
248,ZW,capitals[0].label,<absent>,"https://www.gov.br/mre/pt-br/arquivos/manual-de-redacao (23 July 2026); https://funag.gov.br/manual/index.php?title=Top%C3%B4nimos_e_gent%C3%ADlicos (revision 684, checked 7 October 2026)",<absent>,absence checked,No capital label is present in any locale for this location.
248,ZW,wikipedia,https://pt.wikipedia.org/wiki/Zimbabwe,"https://www.wikidata.org/ ptwiki sitelink cache, refreshed 7 October 2026",https://pt.wikipedia.org/wiki/Zimbabwe,match,Article link only; never used as the naming authority.
locale,pt-BR,code,pt-BR,https://github.com/Parapoxvirus/cotw/pull/2 @ 79370e7; locale migration approved by the maintainer,pt-BR,match,Adopted pt-BR locale identity/model value.
locale,pt-BR,identity,pt-BR,https://github.com/Parapoxvirus/cotw/pull/2 @ 79370e7; locale migration approved by the maintainer,pt-BR,match,Adopted pt-BR locale identity/model value.
locale,pt-BR,notetype_id,1906050354,https://github.com/Parapoxvirus/cotw/pull/2 @ 79370e7; locale migration approved by the maintainer,1906050354,match,Adopted pt-BR locale identity/model value.
locale,pt-BR,deck_id,2081751341,https://github.com/Parapoxvirus/cotw/pull/2 @ 79370e7; locale migration approved by the maintainer,2081751341,match,Adopted pt-BR locale identity/model value.
locale,pt-BR,extras_deck_id,1425183924,https://github.com/Parapoxvirus/cotw/pull/2 @ 79370e7; locale migration approved by the maintainer,1425183924,match,Adopted pt-BR locale identity/model value.
locale,pt-BR,id_offset,150000,https://github.com/Parapoxvirus/cotw/pull/2 @ 79370e7; locale migration approved by the maintainer,150000,match,Adopted pt-BR locale identity/model value.
locale,pt-BR,notetype,COTW (PT-BR),https://github.com/Parapoxvirus/cotw/pull/2 @ 79370e7; locale migration approved by the maintainer,COTW (PT-BR),match,Adopted pt-BR locale identity/model value.
locale,pt-BR,deck,Países do Mundo,https://github.com/Parapoxvirus/cotw/pull/2 @ 79370e7; locale migration approved by the maintainer,Países do Mundo,match,Portuguese translation checked in full.
locale,pt-BR,extras,Países do Mundo::Extras,https://github.com/Parapoxvirus/cotw/pull/2 @ 79370e7; locale migration approved by the maintainer,Países do Mundo::Extras,match,Portuguese translation checked in full.
locale,pt-BR,tag_root,COTW-PT-BR,https://github.com/Parapoxvirus/cotw/pull/2 @ 79370e7; locale migration approved by the maintainer,COTW-PT-BR,match,Adopted pt-BR locale identity/model value.
locale,pt-BR,dependency_of,território dependente {},https://github.com/Parapoxvirus/cotw/pull/2 @ 79370e7; locale migration approved by the maintainer,território dependente {},match,Portuguese translation checked in full.
locale,pt-BR,status_disputed,status disputado,https://github.com/Parapoxvirus/cotw/pull/2 @ 79370e7; locale migration approved by the maintainer,status disputado,match,Portuguese translation checked in full.
locale,pt-BR,help,"
<p>Olá! Espero que você goste deste baralho.</p>
<p>Cada cartão mostra o país e pergunta alguma coisa sobre ele, ou mostra alguma coisa e pergunta
qual é o país, por exemplo PAÍS → BANDEIRA ou BANDEIRA → PAÍS.</p>
<p>
{infographic}
</p>
<p><b>Tipos de cartão:</b> Cinco tipos de cartão são recomendados e ficam no baralho principal:
capital, bandeira e mapa → país, além de país → capital e bandeira. Os outros cinco (país → mapa,
códigos ISO e países vizinhos nos dois sentidos) ficam no sub-baralho <i>Extras</i>. Se não quiser
estudá-los, abra o <i>Painel</i>, clique no baralho <i>Extras</i>, selecione todos os cartões e
escolha <i>Suspender</i>. Faça o mesmo para reativá-los depois.</p>
<p>
{infographic_filtered}
</p>
<p><b>Mapas e globo:</b> O mapa 1 mostra onde fica o país, o mapa 2, onde fica a capital. O globo
gira quando você o arrasta, o zoom é feito com dois dedos ou com a roda do mouse, e um toque duplo
o faz voltar à posição inicial. No verso, toque em um país para ver o nome dele.</p>
<p><b>Mar territorial e zonas econômicas:</b> A área azul-clara no mar é a zona econômica exclusiva
do país: até 200 milhas náuticas a partir da costa, onde a pesca e os recursos naturais pertencem a
ele. A linha clara dentro dela marca o mar territorial, em geral com 12 milhas náuticas de largura,
que juridicamente faz parte do país. O globo mostra apenas a zona econômica.</p>
<p><b>Ilhas pequenas:</b> Algumas ilhas muito pequenas não aparecem nos mapas nem no globo, mas as
zonas econômicas e os mares territoriais estão completos. Algumas ilhas disputadas também não
aparecem, ou aparecem como terra neutra, sem pertencer a nenhum país. O objetivo do baralho é
ensinar os países do mundo, não cada detalhe. Se quiser saber mais, o link da Wikipédia no verso
leva você adiante.</p>
<p><b>Fronteiras:</b> Os mapas e o globo usam as fronteiras fornecidas pelo
<a href=""https://www.naturalearthdata.com"">Natural Earth</a>, que representa fronteiras de fato:
quem realmente controla uma área. Por isso, as áreas disputadas seguem as linhas de controle
efetivo. O baralho não faz nenhuma declaração política; segue estritamente os dados fornecidos.
Não comente nem relate problemas relacionados a áreas disputadas.</p>
<p><b>Ajuda e contato:</b> Para saber mais sobre o COTW ou entrar em contato, acesse o
<a href=""{repository}"">repositório no GitHub</a>. Relate erros ou cartões desatualizados na
<a href=""{issues}"">página de problemas no GitHub</a>.</p>
",https://github.com/Parapoxvirus/cotw/pull/2 @ 79370e7; locale migration approved by the maintainer,"
<p>Olá! Espero que você goste deste baralho.</p>
<p>Cada cartão mostra o país e pergunta alguma coisa sobre ele, ou mostra alguma coisa e pergunta
qual é o país, por exemplo PAÍS → BANDEIRA ou BANDEIRA → PAÍS.</p>
<p>
{infographic}
</p>
<p><b>Tipos de cartão:</b> Cinco tipos de cartão são recomendados e ficam no baralho principal:
capital, bandeira e mapa → país, além de país → capital e bandeira. Os outros cinco (país → mapa,
códigos ISO e países vizinhos nos dois sentidos) ficam no sub-baralho <i>Extras</i>. Se não quiser
estudá-los, abra o <i>Painel</i>, clique no baralho <i>Extras</i>, selecione todos os cartões e
escolha <i>Suspender</i>. Faça o mesmo para reativá-los depois.</p>
<p>
{infographic_filtered}
</p>
<p><b>Mapas e globo:</b> O mapa 1 mostra onde fica o país, o mapa 2, onde fica a capital. O globo
gira quando você o arrasta, o zoom é feito com dois dedos ou com a roda do mouse, e um toque duplo
o faz voltar à posição inicial. No verso, toque em um país para ver o nome dele.</p>
<p><b>Mar territorial e zonas econômicas:</b> A área azul-clara no mar é a zona econômica exclusiva
do país: até 200 milhas náuticas a partir da costa, onde a pesca e os recursos naturais pertencem a
ele. A linha clara dentro dela marca o mar territorial, em geral com 12 milhas náuticas de largura,
que juridicamente faz parte do país. O globo mostra apenas a zona econômica.</p>
<p><b>Ilhas pequenas:</b> Algumas ilhas muito pequenas não aparecem nos mapas nem no globo, mas as
zonas econômicas e os mares territoriais estão completos. Algumas ilhas disputadas também não
aparecem, ou aparecem como terra neutra, sem pertencer a nenhum país. O objetivo do baralho é
ensinar os países do mundo, não cada detalhe. Se quiser saber mais, o link da Wikipédia no verso
leva você adiante.</p>
<p><b>Fronteiras:</b> Os mapas e o globo usam as fronteiras fornecidas pelo
<a href=""https://www.naturalearthdata.com"">Natural Earth</a>, que representa fronteiras de fato:
quem realmente controla uma área. Por isso, as áreas disputadas seguem as linhas de controle
efetivo. O baralho não faz nenhuma declaração política; segue estritamente os dados fornecidos.
Não comente nem relate problemas relacionados a áreas disputadas.</p>
<p><b>Ajuda e contato:</b> Para saber mais sobre o COTW ou entrar em contato, acesse o
<a href=""{repository}"">repositório no GitHub</a>. Relate erros ou cartões desatualizados na
<a href=""{issues}"">página de problemas no GitHub</a>.</p>
",match,Portuguese translation checked in full.
locale,pt-BR,description,"<p><b>Países do Mundo (COTW)</b>: {count} países e territórios, cada um com capital,
bandeira, dois mapas, um globo interativo, códigos ISO e países vizinhos.</p>
<p>Dez tipos de cartão: os cinco recomendados ficam neste baralho, os cinco extras no sub-baralho
<i>Extras</i>. Se não quiser estudar os extras, abra o <i>Painel</i>, clique no baralho
<i>Extras</i>, selecione todos os cartões e escolha <i>Suspender</i> (faça o mesmo para
reativá-los).</p>
<p><b>Fronteiras.</b> Os mapas e o globo desenham as fronteiras como a fonte,
<a href=""https://www.naturalearthdata.com"">Natural Earth</a>, as fornece, e o Natural Earth
representa fronteiras de fato: quem realmente controla uma área. A Crimeia, por exemplo, aparece
como russa, não como ucraniana, e as áreas disputadas no Himalaia seguem as linhas de controle
efetivo. O baralho não faz nenhuma declaração política; ele segue estritamente os dados
fornecidos.</p>
<p>Relate erros na <a href=""{issues}"">página de problemas no GitHub</a>. Para saber mais sobre o
COTW ou entrar em contato, acesse o <a href=""{repository}"">repositório no GitHub</a>.</p>
<p><b>Fontes e licenças.</b> Baralho, dados e código: domínio público
(<a href=""https://creativecommons.org/publicdomain/zero/1.0/deed.pt-br"">CC0 1.0</a>), Parapoxvirus.
Dados: <a href=""https://www.wikidata.org"">Wikidata</a> (CC0). Terra nos mapas e no globo:
<a href=""https://www.naturalearthdata.com"">Natural Earth</a> (domínio público). Zonas marítimas:
Marine Regions, Flanders Marine Institute (VLIZ),
<a href=""https://creativecommons.org/licenses/by/4.0/deed.pt-br"">CC BY 4.0</a>: {citation} Bandeiras:
<a href=""https://commons.wikimedia.org"">Wikimedia Commons</a>, apenas domínio público ou CC0; a
licença de cada arquivo está listada em {manifest}. Fonte tipográfica: IBM Plex Sans,
<a href=""https://openfontlicense.org"">SIL Open Font License 1.1</a> (incluída como {font_license}). Ícones:
<a href=""https://phosphoricons.com"">Phosphor Icons</a>, Copyright (c) 2023 Phosphor Icons, Licença MIT
(aviso completo incluído como {icons_license}).</p>",https://github.com/Parapoxvirus/cotw/pull/2 @ 79370e7; locale migration approved by the maintainer,"<p><b>Países do Mundo (COTW)</b>: {count} países e territórios, cada um com capital,
bandeira, dois mapas, um globo interativo, códigos ISO e países vizinhos.</p>
<p>Dez tipos de cartão: os cinco recomendados ficam neste baralho, os cinco extras no sub-baralho
<i>Extras</i>. Se não quiser estudar os extras, abra o <i>Painel</i>, clique no baralho
<i>Extras</i>, selecione todos os cartões e escolha <i>Suspender</i> (faça o mesmo para
reativá-los).</p>
<p><b>Fronteiras.</b> Os mapas e o globo desenham as fronteiras como a fonte,
<a href=""https://www.naturalearthdata.com"">Natural Earth</a>, as fornece, e o Natural Earth
representa fronteiras de fato: quem realmente controla uma área. A Crimeia, por exemplo, aparece
como russa, não como ucraniana, e as áreas disputadas no Himalaia seguem as linhas de controle
efetivo. O baralho não faz nenhuma declaração política; ele segue estritamente os dados
fornecidos.</p>
<p>Relate erros na <a href=""{issues}"">página de problemas no GitHub</a>. Para saber mais sobre o
COTW ou entrar em contato, acesse o <a href=""{repository}"">repositório no GitHub</a>.</p>
<p><b>Fontes e licenças.</b> Baralho, dados e código: domínio público
(<a href=""https://creativecommons.org/publicdomain/zero/1.0/deed.pt-br"">CC0 1.0</a>), Parapoxvirus.
Dados: <a href=""https://www.wikidata.org"">Wikidata</a> (CC0). Terra nos mapas e no globo:
<a href=""https://www.naturalearthdata.com"">Natural Earth</a> (domínio público). Zonas marítimas:
Marine Regions, Flanders Marine Institute (VLIZ),
<a href=""https://creativecommons.org/licenses/by/4.0/deed.pt-br"">CC BY 4.0</a>: {citation} Bandeiras:
<a href=""https://commons.wikimedia.org"">Wikimedia Commons</a>, apenas domínio público ou CC0; a
licença de cada arquivo está listada em {manifest}. Fonte tipográfica: IBM Plex Sans,
<a href=""https://openfontlicense.org"">SIL Open Font License 1.1</a> (incluída como {font_license}). Ícones:
<a href=""https://phosphoricons.com"">Phosphor Icons</a>, Copyright (c) 2023 Phosphor Icons, Licença MIT
(aviso completo incluído como {icons_license}).</p>",match,Portuguese translation checked in full.
locale,pt-BR,extras_description,"<p>Os cinco tipos de cartão extras: país → mapa, código ISO nos dois sentidos, países vizinhos nos dois sentidos. Se não quiser estudá-los, suspenda todos os cartões deste sub-baralho no <i>Painel</i>.</p>",https://github.com/Parapoxvirus/cotw/pull/2 @ 79370e7; locale migration approved by the maintainer,"<p>Os cinco tipos de cartão extras: país → mapa, código ISO nos dois sentidos, países vizinhos nos dois sentidos. Se não quiser estudá-los, suspenda todos os cartões deste sub-baralho no <i>Painel</i>.</p>",match,Portuguese translation checked in full.
locale,pt-BR,status_tags.sovereign,Soberano,https://github.com/Parapoxvirus/cotw/pull/2 @ 79370e7; locale migration approved by the maintainer,Soberano,match,Portuguese translation checked in full.
locale,pt-BR,status_tags.dependency,Território-Dependente,https://github.com/Parapoxvirus/cotw/pull/2 @ 79370e7; locale migration approved by the maintainer,Território-Dependente,match,Portuguese translation checked in full.
locale,pt-BR,status_tags.disputed,Disputado,https://github.com/Parapoxvirus/cotw/pull/2 @ 79370e7; locale migration approved by the maintainer,Disputado,match,Portuguese translation checked in full.
locale,pt-BR,fields.country,País,https://github.com/Parapoxvirus/cotw/pull/2 @ 79370e7; locale migration approved by the maintainer,País,match,Portuguese translation checked in full.
locale,pt-BR,fields.country_label,País Observação,https://github.com/Parapoxvirus/cotw/pull/2 @ 79370e7; locale migration approved by the maintainer,País Observação,match,Portuguese translation checked in full.
locale,pt-BR,fields.formal_name,Nome Oficial,https://github.com/Parapoxvirus/cotw/pull/2 @ 79370e7; locale migration approved by the maintainer,Nome Oficial,match,Portuguese translation checked in full.
locale,pt-BR,fields.capital_1,Capital 1,https://github.com/Parapoxvirus/cotw/pull/2 @ 79370e7; locale migration approved by the maintainer,Capital 1,match,Portuguese translation checked in full.
locale,pt-BR,fields.capital_1_label,Capital 1 Observação,https://github.com/Parapoxvirus/cotw/pull/2 @ 79370e7; locale migration approved by the maintainer,Capital 1 Observação,match,Portuguese translation checked in full.
locale,pt-BR,fields.capital_2,Capital 2,https://github.com/Parapoxvirus/cotw/pull/2 @ 79370e7; locale migration approved by the maintainer,Capital 2,match,Portuguese translation checked in full.
locale,pt-BR,fields.capital_2_label,Capital 2 Observação,https://github.com/Parapoxvirus/cotw/pull/2 @ 79370e7; locale migration approved by the maintainer,Capital 2 Observação,match,Portuguese translation checked in full.
locale,pt-BR,fields.capital_3,Capital 3,https://github.com/Parapoxvirus/cotw/pull/2 @ 79370e7; locale migration approved by the maintainer,Capital 3,match,Portuguese translation checked in full.
locale,pt-BR,fields.capital_3_label,Capital 3 Observação,https://github.com/Parapoxvirus/cotw/pull/2 @ 79370e7; locale migration approved by the maintainer,Capital 3 Observação,match,Portuguese translation checked in full.
locale,pt-BR,fields.iso2,ISO-2,https://github.com/Parapoxvirus/cotw/pull/2 @ 79370e7; locale migration approved by the maintainer,ISO-2,match,Portuguese translation checked in full.
locale,pt-BR,fields.iso3,ISO-3,https://github.com/Parapoxvirus/cotw/pull/2 @ 79370e7; locale migration approved by the maintainer,ISO-3,match,Portuguese translation checked in full.
locale,pt-BR,fields.flag,Bandeira,https://github.com/Parapoxvirus/cotw/pull/2 @ 79370e7; locale migration approved by the maintainer,Bandeira,match,Portuguese translation checked in full.
locale,pt-BR,fields.map_1,Mapa 1,https://github.com/Parapoxvirus/cotw/pull/2 @ 79370e7; locale migration approved by the maintainer,Mapa 1,match,Portuguese translation checked in full.
locale,pt-BR,fields.map_2,Mapa 2,https://github.com/Parapoxvirus/cotw/pull/2 @ 79370e7; locale migration approved by the maintainer,Mapa 2,match,Portuguese translation checked in full.
locale,pt-BR,fields.locator,Localizador,https://github.com/Parapoxvirus/cotw/pull/2 @ 79370e7; locale migration approved by the maintainer,Localizador,match,Portuguese translation checked in full.
locale,pt-BR,fields.borders,Países Vizinhos,https://github.com/Parapoxvirus/cotw/pull/2 @ 79370e7; locale migration approved by the maintainer,Países Vizinhos,match,Portuguese translation checked in full.
locale,pt-BR,fields.wikipedia,Wikipedia,https://github.com/Parapoxvirus/cotw/pull/2 @ 79370e7; locale migration approved by the maintainer,Wikipedia,match,Portuguese translation checked in full.
locale,pt-BR,fields.dependency_of,Dependente De,https://github.com/Parapoxvirus/cotw/pull/2 @ 79370e7; locale migration approved by the maintainer,Dependente De,match,Portuguese translation checked in full.
locale,pt-BR,fields.status,Status,https://github.com/Parapoxvirus/cotw/pull/2 @ 79370e7; locale migration approved by the maintainer,Status,match,Portuguese translation checked in full.
locale,pt-BR,templates.country-capital,01 País → Capital,https://github.com/Parapoxvirus/cotw/pull/2 @ 79370e7; locale migration approved by the maintainer,01 País → Capital,match,Portuguese translation checked in full.
locale,pt-BR,templates.country-flag,02 País → Bandeira,https://github.com/Parapoxvirus/cotw/pull/2 @ 79370e7; locale migration approved by the maintainer,02 País → Bandeira,match,Portuguese translation checked in full.
locale,pt-BR,templates.capital-country,03 Capital → País,https://github.com/Parapoxvirus/cotw/pull/2 @ 79370e7; locale migration approved by the maintainer,03 Capital → País,match,Portuguese translation checked in full.
locale,pt-BR,templates.flag-country,04 Bandeira → País,https://github.com/Parapoxvirus/cotw/pull/2 @ 79370e7; locale migration approved by the maintainer,04 Bandeira → País,match,Portuguese translation checked in full.
locale,pt-BR,templates.map-country,05 Mapa → País,https://github.com/Parapoxvirus/cotw/pull/2 @ 79370e7; locale migration approved by the maintainer,05 Mapa → País,match,Portuguese translation checked in full.
locale,pt-BR,templates.code-country,06 Código ISO → País,https://github.com/Parapoxvirus/cotw/pull/2 @ 79370e7; locale migration approved by the maintainer,06 Código ISO → País,match,Portuguese translation checked in full.
locale,pt-BR,templates.country-code,07 País → Código ISO,https://github.com/Parapoxvirus/cotw/pull/2 @ 79370e7; locale migration approved by the maintainer,07 País → Código ISO,match,Portuguese translation checked in full.
locale,pt-BR,templates.country-borders,08 País → Países Vizinhos,https://github.com/Parapoxvirus/cotw/pull/2 @ 79370e7; locale migration approved by the maintainer,08 País → Países Vizinhos,match,Portuguese translation checked in full.
locale,pt-BR,templates.borders-country,09 Países Vizinhos → País,https://github.com/Parapoxvirus/cotw/pull/2 @ 79370e7; locale migration approved by the maintainer,09 Países Vizinhos → País,match,Portuguese translation checked in full.
locale,pt-BR,templates.country-map,10 País → Mapa,https://github.com/Parapoxvirus/cotw/pull/2 @ 79370e7; locale migration approved by the maintainer,10 País → Mapa,match,Portuguese translation checked in full.
locale,pt-BR,comments.question,Pergunta,https://github.com/Parapoxvirus/cotw/pull/2 @ 79370e7; locale migration approved by the maintainer,Pergunta,match,Portuguese translation checked in full.
locale,pt-BR,comments.answer,Resposta,https://github.com/Parapoxvirus/cotw/pull/2 @ 79370e7; locale migration approved by the maintainer,Resposta,match,Portuguese translation checked in full.
locale,pt-BR,comments.info_button,Botão: mostrar todas as informações,https://github.com/Parapoxvirus/cotw/pull/2 @ 79370e7; locale migration approved by the maintainer,Botão: mostrar todas as informações,match,Portuguese translation checked in full.
locale,pt-BR,comments.info,"Todas as informações, exibidas pelo botão acima",https://github.com/Parapoxvirus/cotw/pull/2 @ 79370e7; locale migration approved by the maintainer,"Todas as informações, exibidas pelo botão acima",match,Portuguese translation checked in full.
locale,pt-BR,comments.buttons,Botões,https://github.com/Parapoxvirus/cotw/pull/2 @ 79370e7; locale migration approved by the maintainer,Botões,match,Portuguese translation checked in full.
locale,pt-BR,comments.help,"Ajuda, exibida pelo botão Ajuda",https://github.com/Parapoxvirus/cotw/pull/2 @ 79370e7; locale migration approved by the maintainer,"Ajuda, exibida pelo botão Ajuda",match,Portuguese translation checked in full.
locale,pt-BR,comments.globe,Globo,https://github.com/Parapoxvirus/cotw/pull/2 @ 79370e7; locale migration approved by the maintainer,Globo,match,Portuguese translation checked in full.
locale,pt-BR,ui.show_info,Mostrar todas as informações,https://github.com/Parapoxvirus/cotw/pull/2 @ 79370e7; locale migration approved by the maintainer,Mostrar todas as informações,match,Portuguese translation checked in full.
locale,pt-BR,ui.info_title,Todas as informações,https://github.com/Parapoxvirus/cotw/pull/2 @ 79370e7; locale migration approved by the maintainer,Todas as informações,match,Portuguese translation checked in full.
locale,pt-BR,ui.help,Ajuda,https://github.com/Parapoxvirus/cotw/pull/2 @ 79370e7; locale migration approved by the maintainer,Ajuda,match,Portuguese translation checked in full.
locale,pt-BR,ui.symbols,Símbolos,https://github.com/Parapoxvirus/cotw/pull/2 @ 79370e7; locale migration approved by the maintainer,Símbolos,match,Portuguese translation checked in full.
locale,pt-BR,ui.general,Sobre este baralho,https://github.com/Parapoxvirus/cotw/pull/2 @ 79370e7; locale migration approved by the maintainer,Sobre este baralho,match,Portuguese translation checked in full.
locale,pt-BR,ui.sym_country,País ou território,https://github.com/Parapoxvirus/cotw/pull/2 @ 79370e7; locale migration approved by the maintainer,País ou território,match,Portuguese translation checked in full.
locale,pt-BR,ui.sym_formal,Nome oficial,https://github.com/Parapoxvirus/cotw/pull/2 @ 79370e7; locale migration approved by the maintainer,Nome oficial,match,Portuguese translation checked in full.
locale,pt-BR,ui.sym_capital,"Capital (se houver várias: numeradas, com a função de cada uma)",https://github.com/Parapoxvirus/cotw/pull/2 @ 79370e7; locale migration approved by the maintainer,"Capital (se houver várias: numeradas, com a função de cada uma)",match,Portuguese translation checked in full.
locale,pt-BR,ui.sym_iso,Códigos ISO 3166-1 (alfa-2 · alfa-3),https://github.com/Parapoxvirus/cotw/pull/2 @ 79370e7; locale migration approved by the maintainer,Códigos ISO 3166-1 (alfa-2 · alfa-3),match,Portuguese translation checked in full.
locale,pt-BR,ui.sym_flag,Bandeira,https://github.com/Parapoxvirus/cotw/pull/2 @ 79370e7; locale migration approved by the maintainer,Bandeira,match,Portuguese translation checked in full.
locale,pt-BR,ui.sym_borders,Países vizinhos (apenas fronteiras terrestres),https://github.com/Parapoxvirus/cotw/pull/2 @ 79370e7; locale migration approved by the maintainer,Países vizinhos (apenas fronteiras terrestres),match,Portuguese translation checked in full.
locale,pt-BR,ui.sym_map,Mapas e globo,https://github.com/Parapoxvirus/cotw/pull/2 @ 79370e7; locale migration approved by the maintainer,Mapas e globo,match,Portuguese translation checked in full.
locale,pt-BR,regions.Africa,África,https://github.com/Parapoxvirus/cotw/pull/2 @ 79370e7; locale migration approved by the maintainer,África,match,Portuguese translation checked in full.
locale,pt-BR,regions.Northern Africa,África Setentrional,https://github.com/Parapoxvirus/cotw/pull/2 @ 79370e7; locale migration approved by the maintainer,África Setentrional,match,Portuguese translation checked in full.
locale,pt-BR,regions.Sub-Saharan Africa,África Subsaariana,https://github.com/Parapoxvirus/cotw/pull/2 @ 79370e7; locale migration approved by the maintainer,África Subsaariana,match,Portuguese translation checked in full.
locale,pt-BR,regions.Eastern Africa,África Oriental,https://github.com/Parapoxvirus/cotw/pull/2 @ 79370e7; locale migration approved by the maintainer,África Oriental,match,Portuguese translation checked in full.
locale,pt-BR,regions.Middle Africa,África Central,https://github.com/Parapoxvirus/cotw/pull/2 @ 79370e7; locale migration approved by the maintainer,África Central,match,Portuguese translation checked in full.
locale,pt-BR,regions.Southern Africa,África Meridional,https://github.com/Parapoxvirus/cotw/pull/2 @ 79370e7; locale migration approved by the maintainer,África Meridional,match,Portuguese translation checked in full.
locale,pt-BR,regions.Western Africa,África Ocidental,https://github.com/Parapoxvirus/cotw/pull/2 @ 79370e7; locale migration approved by the maintainer,África Ocidental,match,Portuguese translation checked in full.
locale,pt-BR,regions.Americas,Américas,https://github.com/Parapoxvirus/cotw/pull/2 @ 79370e7; locale migration approved by the maintainer,Américas,match,Portuguese translation checked in full.
locale,pt-BR,regions.Latin America and the Caribbean,América Latina e Caribe,https://github.com/Parapoxvirus/cotw/pull/2 @ 79370e7; locale migration approved by the maintainer,América Latina e Caribe,match,Portuguese translation checked in full.
locale,pt-BR,regions.Caribbean,Caribe,https://github.com/Parapoxvirus/cotw/pull/2 @ 79370e7; locale migration approved by the maintainer,Caribe,match,Portuguese translation checked in full.
locale,pt-BR,regions.Central America,América Central,https://github.com/Parapoxvirus/cotw/pull/2 @ 79370e7; locale migration approved by the maintainer,América Central,match,Portuguese translation checked in full.
locale,pt-BR,regions.South America,América do Sul,https://github.com/Parapoxvirus/cotw/pull/2 @ 79370e7; locale migration approved by the maintainer,América do Sul,match,Portuguese translation checked in full.
locale,pt-BR,regions.Northern America,América do Norte,https://github.com/Parapoxvirus/cotw/pull/2 @ 79370e7; locale migration approved by the maintainer,América do Norte,match,Portuguese translation checked in full.
locale,pt-BR,regions.Asia,Ásia,https://github.com/Parapoxvirus/cotw/pull/2 @ 79370e7; locale migration approved by the maintainer,Ásia,match,Portuguese translation checked in full.
locale,pt-BR,regions.Central Asia,Ásia Central,https://github.com/Parapoxvirus/cotw/pull/2 @ 79370e7; locale migration approved by the maintainer,Ásia Central,match,Portuguese translation checked in full.
locale,pt-BR,regions.Eastern Asia,Ásia Oriental,https://github.com/Parapoxvirus/cotw/pull/2 @ 79370e7; locale migration approved by the maintainer,Ásia Oriental,match,Portuguese translation checked in full.
locale,pt-BR,regions.South-eastern Asia,Sudeste da Ásia,https://github.com/Parapoxvirus/cotw/pull/2 @ 79370e7; locale migration approved by the maintainer,Sudeste da Ásia,match,Portuguese translation checked in full.
locale,pt-BR,regions.Southern Asia,Ásia Meridional,https://github.com/Parapoxvirus/cotw/pull/2 @ 79370e7; locale migration approved by the maintainer,Ásia Meridional,match,Portuguese translation checked in full.
locale,pt-BR,regions.Western Asia,Ásia Ocidental,https://github.com/Parapoxvirus/cotw/pull/2 @ 79370e7; locale migration approved by the maintainer,Ásia Ocidental,match,Portuguese translation checked in full.
locale,pt-BR,regions.Europe,Europa,https://github.com/Parapoxvirus/cotw/pull/2 @ 79370e7; locale migration approved by the maintainer,Europa,match,Portuguese translation checked in full.
locale,pt-BR,regions.Eastern Europe,Europa Oriental,https://github.com/Parapoxvirus/cotw/pull/2 @ 79370e7; locale migration approved by the maintainer,Europa Oriental,match,Portuguese translation checked in full.
locale,pt-BR,regions.Northern Europe,Europa Setentrional,https://github.com/Parapoxvirus/cotw/pull/2 @ 79370e7; locale migration approved by the maintainer,Europa Setentrional,match,Portuguese translation checked in full.
locale,pt-BR,regions.Channel Islands,Ilhas do Canal,https://github.com/Parapoxvirus/cotw/pull/2 @ 79370e7; locale migration approved by the maintainer,Ilhas do Canal,match,Portuguese translation checked in full.
locale,pt-BR,regions.Southern Europe,Europa Meridional,https://github.com/Parapoxvirus/cotw/pull/2 @ 79370e7; locale migration approved by the maintainer,Europa Meridional,match,Portuguese translation checked in full.
locale,pt-BR,regions.Western Europe,Europa Ocidental,https://github.com/Parapoxvirus/cotw/pull/2 @ 79370e7; locale migration approved by the maintainer,Europa Ocidental,match,Portuguese translation checked in full.
locale,pt-BR,regions.Oceania,Oceania,https://github.com/Parapoxvirus/cotw/pull/2 @ 79370e7; locale migration approved by the maintainer,Oceania,match,Portuguese translation checked in full.
locale,pt-BR,regions.Australia and New Zealand,Austrália e Nova Zelândia,https://github.com/Parapoxvirus/cotw/pull/2 @ 79370e7; locale migration approved by the maintainer,Austrália e Nova Zelândia,match,Portuguese translation checked in full.
locale,pt-BR,regions.Melanesia,Melanésia,https://github.com/Parapoxvirus/cotw/pull/2 @ 79370e7; locale migration approved by the maintainer,Melanésia,match,Portuguese translation checked in full.
locale,pt-BR,regions.Micronesia,Micronésia,https://github.com/Parapoxvirus/cotw/pull/2 @ 79370e7; locale migration approved by the maintainer,Micronésia,match,Portuguese translation checked in full.
locale,pt-BR,regions.Polynesia,Polinésia,https://github.com/Parapoxvirus/cotw/pull/2 @ 79370e7; locale migration approved by the maintainer,Polinésia,match,Portuguese translation checked in full.
